# File generated by FabConvert.com - Free Image and 3D model conversion tools

mtllib utility_box_02_4k.mtl

o obj1
v -0.44400001 0.19 0.15000001
v -0.39862788 0.16000001 0.15000001
v -0.41400003 0.16 0.15000001
v -0.42999998 -0.12 1.05999994
v -0.44400001 -0.12 0.17000005
v -0.42999998 -0.12 0.17000005
v -0.41400003 -0.16 0.09005934
v -0.41824269 -0.15824266 0.06036487
v -0.41400003 -0.16 0.06036487
v -0.42999998 -0.16 0.15000001
v -0.42000002 -0.154 0.15000001
v -0.42999998 -0.17 0.15000001
v -0.26552472 0.19 0.17000005
v -0.44400001 0.19 1.05999994
v -0.26552472 0.19 1.05999994
v 0.26552472 0.19 1.05999994
v 0.42999998 0.17 1.05999994
v 0.44399998 0.19 1.05999994
v -0.08000015 -0.16 0.14999998
v -0.15447564 -0.16999999 0.14999998
v -0.15447567 -0.16000001 0.14999998
v -0.42999998 -0.16 1.05999994
v 0 -0.16 1.06999993
v -0.42999998 -0.16 1.06999993
v -0.42999998 -0.11400001 1.05999994
v -0.44999999 -0.11400001 1.05999994
v -0.44824266 -0.11824264 1.05999994
v 0 -0.17 1.05999994
v 0 -0.16 1.05999994
v -0.39862788 -0.17 0.15000001
v -0.41511327 -0.17 0.17000002
v -0.41824269 -0.15824266 0.15000001
v -0.44999999 0.184 0.15000001
v -0.44999999 -0.11400001 0.17000005
v -0.44999999 0.184 0.17000005
v -0.42999998 -0.16 0.17000005
v -0.42999998 -0.17 0.17000005
v -0.41511327 -0.17 1.03999984
v 0 -0.17 1.03999984
v -0.41511327 -0.17 0.18912095
v -0.44999999 -0.11400001 0.15000001
v -0.42000002 -0.11077707 0.15000001
v -0.44824266 -0.11824264 0.15000001
v -0.44400001 -0.12 0.15000001
v -0.42000002 0.154 0.09005934
v -0.41824269 0.15824266 0.06040224
v -0.42000002 0.154 0.06040224
v -0.41400003 -0.16 0.15000001
v -0.44824266 0.18824266 1.05999994
v -0.42999998 0.17 1.05999994
v -0.44999999 0.184 1.05999994
v -0.44824266 0.18824266 0.17000005
v -0.44400001 0.19 0.17000005
v -0.44824266 0.18824266 0.15000001
v -0.42000002 0.154 0.15000001
v -0.41824269 0.15824266 0.12005934
v -0.42000002 0.154 0.12005934
v -0.41824269 0.15824266 0.15000001
v -0.41400003 0.16 0.12005934
v -0.41824269 -0.15824266 0.12002969
v -0.41400003 -0.16 0.12002969
v -0.42000002 -0.154 0.12002969
v -0.44824266 -0.11824264 0.17000005
v -0.42000002 -0.12 0.15000001
v -0.42999998 -0.12 0.15000001
v -0.34000018 -0.16999999 0.17000002
v -0.34000015 -0.17 0.14999995
v -0.42999998 0.17 1.06999993
v -0.44400001 -0.12 1.05999994
v -0.42999998 -0.11400001 1.06999993
v 0.42000002 0.154 0.06040224
v 0.42000002 -0.11077707 0.09005934
v 0.42000002 -0.12554173 0.06040224
v -0.41824269 0.15824266 0.09005934
v -0.41400003 0.16 0.06040224
v -0.398628 0.16 0.12005934
v -0.41400003 0.16 0.09005934
v -0.39862788 -0.16000001 0.12002966
v -0.39862788 -0.16000001 0.09005934
v 0.44399998 0.19 0.15000001
v 0.414 0.16 0.15000001
v 0.39862788 0.16000001 0.15000001
v 0.42000002 -0.154 0.06040224
v 0.41824266 -0.15824266 0.09005934
v 0.41824266 -0.15824266 0.06040224
v 0.44399998 -0.12 0.17000005
v 0.42999998 -0.12 1.05999994
v 0.42999998 -0.12 0.17000005
v 0.39862788 -0.16000001 0.12005934
v 0.414 -0.16 0.09005934
v 0.414 -0.16 0.12005937
v 0.42999998 -0.16 0.15000001
v 0.42999998 -0.17 0.15000001
v 0.42000002 -0.154 0.15000001
v 0.15447567 -0.16999999 0.15000001
v 0.07952314 -0.16999999 0.17000002
v 0.07952309 -0.16999999 0.15000001
v 0.42999998 -0.16 1.05999994
v 0.42999998 -0.16 1.06999993
v 0.42999998 -0.11400001 1.05999994
v 0.44824263 -0.11824264 1.05999994
v 0.44999999 -0.11400001 1.05999994
v 0.39862785 -0.17 0.15000001
v 0.41511327 -0.17 0.17000002
v 0.41824266 -0.15824266 0.15000001
v 0.44999999 -0.11400001 0.17000005
v 0.44999999 0.184 0.15000001
v 0.44999999 0.184 0.17000005
v 0.42999998 -0.16 0.17000005
v 0.42999998 -0.17 0.17000005
v 0.41511327 -0.17 1.03999984
v 0.42999998 -0.17 1.05999994
v 0.44999999 -0.11400001 0.15000001
v 0.44824263 -0.11824264 0.15000001
v 0.42000002 -0.11077707 0.15000001
v 0.44399998 -0.12 0.15000001
v 0.41824266 0.15824266 0.06040224
v 0.42000002 0.154 0.09005934
v 0.414 -0.16 0.15000001
v 0.39862788 -0.16000001 0.15000001
v 0.44824263 0.18824266 1.05999994
v 0.44999999 0.184 1.05999994
v 0.44824263 0.18824266 0.17000005
v 0.44399998 0.19 0.17000005
v 0.44824263 0.18824266 0.15000001
v 0.41824266 0.15824266 0.12005934
v 0.42000002 0.154 0.15000001
v 0.42000002 0.154 0.12005934
v 0.414 0.16 0.12005934
v 0.41824266 0.15824266 0.15000001
v 0.41824266 -0.15824266 0.12005937
v 0.42000002 -0.154 0.12005937
v 0.44824263 -0.11824264 0.17000005
v 0.42999998 -0.12 0.15000001
v 0.42000002 -0.12 0.15000001
v 0.26552469 -0.16000001 0.14999998
v 0.26552469 -0.16999999 0.15000001
v 0.42999998 0.17 1.06999993
v 0.44399998 -0.12 1.05999994
v 0.42999998 -0.11400001 1.06999993
v 0.414 0.16 0.00323951
v 0.39862788 0.16000001 0.06040224
v 0.414 0.16 0.06040224
v 0.41824266 0.15824266 0.09005934
v 0.414 0.16 0.09005934
v 0.39862788 0.16000001 0.12005934
v 0.42000002 -0.154 0.09005934
v 0.41824266 -0.15824266 0.00323951
v 0.42000002 -0.154 0.00323951
v -0.26552472 -0.15905118 0.00094885
v -0.15447567 -0.1567605 0
v -0.15447567 -0.15905118 0.00094885
v -0.41824269 -0.15824266 0.09005934
v -0.42000002 -0.13919698 0.06040224
v -0.42000002 0.154 0.00323951
v -0.42000002 -0.154 0.00323951
v 0.39862788 -0.15335563 0
v 0.34000018 -0.1567605 0
v 0.34000018 -0.15335563 0
v -0.34000018 -0.16000001 0.0516125
v -0.39862788 -0.16000001 0.00323951
v -0.34000018 -0.16000001 0.00323951
v -0.39862788 -0.16000001 0.14999998
v -0.398628 0.16 0.06040224
v -0.41400003 0.16 0.00323951
v -0.41824269 -0.15824266 0.00323951
v 0.15447567 0.16000001 0.00323951
v 0.08000019 0.15905118 0.00094885
v 0.08000019 0.16000001 0.00323951
v -0.2655248 0.15335563 0
v -0.34000018 -0.15335563 0
v -0.34000027 0.15335563 0
v -0.42000002 -0.154 0.09005934
v 0.414 -0.16 0.06040224
v 0.42000002 -0.11077707 0.12005937
v -0.42000002 -0.11960275 0.120033
v -0.42000002 -0.12843041 0.09005934
v 0 -0.16000001 0.15000001
v -0.08000001 -0.16999999 0.14999998
v -0.26552469 -0.16999999 0.14999998
v -0.26552472 -0.16000003 0.14999998
v -0.34000018 -0.16000003 0.14999995
v -0.39862788 -0.1567605 0
v -0.39862788 -0.15335563 0
v 0 -0.16999997 0.15000001
v -0.0799999 -0.16999999 0.17000002
v 0.0795231 -0.16000001 0.14999998
v 0 -0.16999997 0.17000002
v -0.15447563 -0.16999999 0.17000002
v 0.15447567 -0.16000001 0.15000001
v -0.25852472 0.17 1.05999994
v -0.25852472 0.17 1.06999993
v 0 0.19 0.17000005
v 0.15447567 0.19 1.05999994
v 0.15447567 0.19 0.17000005
v 0.25852472 0.17 1.05999994
v 0.25852472 0.17 1.06999993
v -0.15447567 0.19 0.15000001
v -0.15447567 0.19 0.17000005
v 0 0.19 0.15000001
v 0.15447567 0.19 0.15000001
v -0.42999998 -0.17 1.05999994
v 0.34000018 0.16000001 0.15000001
v 0.26552472 0.19 0.15000001
v 0.26552472 0.16000001 0.15000001
v 0.15040325 0.17 1.05999994
v 0.15040325 0.17 1.06999993
v -0.15447567 0.19 1.05999994
v -0.15040325 0.17 1.05999994
v 0.26552472 0.19 0.17000005
v -0.15040325 0.17 1.06999993
v -0.398628 0.15335563 0
v -0.42000002 -0.154 0.06036487
v -0.41576326 0.15576324 0
v -0.4190512 0.15381128 0.00094885
v -0.41751647 0.15751646 0.00094885
v -0.41824269 0.15824266 0.00323951
v -0.4138113 0.15905118 0.00094885
v -0.41335565 0.15676048 0
v -0.41576326 -0.15576324 0
v -0.4138113 -0.15905118 0.00094885
v -0.41751647 -0.15751646 0.00094885
v -0.41400003 -0.16 0.00323951
v -0.4167605 -0.15335563 0
v -0.4167605 0.15335563 0
v -0.4190512 -0.15381128 0.00094885
v -0.398628 0.15905116 0.00094885
v -0.398628 0.15676048 0
v -0.398628 0.16 0.00323951
v 0.42000002 0.154 0.00323951
v 0.4175165 0.15751646 0.00094885
v 0.41824266 0.15824266 0.00323951
v 0.4190512 0.15381128 0.00094885
v 0.41576326 0.15576324 0
v 0.4138113 0.15905118 0.00094885
v 0.41335565 0.15676048 0
v 0.414 -0.16 0.00323951
v 0.4175165 -0.15751646 0.00094885
v 0.4138113 -0.15905118 0.00094885
v 0.41576326 -0.15576324 0
v 0.4190512 -0.15381128 0.00094885
v 0.4167605 0.15335563 0
v 0.4167605 -0.15335563 0
v -0.39862788 -0.16000001 0.06039634
v -0.08000019 -0.15335563 0
v -0.15447567 -0.15335563 0
v -0.34000018 -0.15905118 0.00094885
v -0.00552474 -0.16000001 0.0516125
v -0.08000019 -0.16000001 0.00323951
v 0 -0.16000001 0.00323951
v -0.39862788 -0.15905118 0.00094885
v -0.34000018 -0.1567605 0
v -0.08000021 0.15335563 0
v -0.15447572 0.15335563 0
v 0 -0.15905118 0.00094885
v -0.08000019 -0.15905118 0.00094885
v 0 -0.1567605 0
v 0.26552472 0.16000001 0.00323951
v 0.15447567 0.15905118 0.00094885
v 0.26552472 -0.15905118 0.00094885
v 0.15447567 -0.16000001 0.00323951
v 0.15447567 -0.15905118 0.00094885
v 0.08000019 -0.1567605 0
v 0 0.1567605 0
v 0 0.15905118 0.00094885
v 0.39862788 0.16000001 0.00323951
v 0.34000018 0.15905118 0.00094885
v 0.34000018 0.16000001 0.00323951
v 0.39862788 -0.15905118 0.00094885
v 0.34000018 -0.16000001 0.00323951
v 0.34000018 -0.15905118 0.00094885
v 0.08000019 -0.16000001 0.00323951
v 0.08000019 -0.15905118 0.00094885
v 0.15447567 0.15335563 0
v 0.08000019 -0.15335563 0
v 0.08000019 0.15335563 0
v -0.26552472 -0.15335563 0
v -0.15447572 0.15676048 0
v -0.08000021 0.15905118 0.00094885
v -0.08000021 0.15676048 0
v -0.34000027 0.15905118 0.00094885
v -0.34000027 0.15676048 0
v -0.26552472 -0.1567605 0
v -0.08000019 -0.1567605 0
v -0.15447572 0.15905118 0.00094885
v -0.08000021 0.16 0.00323951
v 0.00552474 -0.16000001 0.0516125
v 0.08000019 -0.16000001 0.0516125
v 0.15447567 0.1567605 0
v 0.26552472 0.15335563 0
v 0 0.16000001 0.00323951
v 0 -0.15335563 0
v 0 0.15335563 0
v 0.39862788 0.15905118 0.00094885
v 0.34000018 0.1567605 0
v 0.08000019 0.1567605 0
v -0.15447567 -0.16000001 0.0516125
v -0.08000019 -0.16000001 0.0516125
v -0.41335565 -0.15676048 0
v 0.39862788 -0.16000001 0.00323951
v 0.41335565 -0.15676048 0
v 0.39862788 0.1567605 0
v -0.34000027 0.16 0.00323951
v 0.41335562 0.15335563 0
v -0.41335565 -0.15335563 0
v 0.15447567 -0.15335563 0
v 0.26552472 0.15905118 0.00094885
v 0.15447567 -0.16000001 0.0516125
v -0.2655248 0.15905118 0.00094885
v -0.15447572 0.16 0.00323951
v -0.2655248 0.15676048 0
v 0.26552472 -0.1567605 0
v 0.15447567 -0.1567605 0
v 0.39862788 0.15335563 0
v 0.34000018 0.15335563 0
v -0.26552472 -0.16000001 0.00323951
v -0.15447567 -0.16000001 0.00323951
v 0.26552472 -0.15335563 0
v 0.39862788 -0.1567605 0
v 0.41335562 -0.15335563 0
v -0.41335565 0.15335563 0
v 0.34000018 -0.16000001 0.0516125
v -0.26552472 0.16000001 0.0516125
v -0.15447567 0.16000001 0.0516125
v -0.26552472 -0.16000001 0.0516125
v -0.26552472 -0.16999999 0.17000002
v -0.2655248 0.16 0.00323951
v 0.26552472 0.16000001 0.0516125
v 0.15447567 0.16000001 0.0516125
v 0.26552472 -0.16000001 0.0516125
v -0.14813372 -0.16342062 0.08819371
v -0.14955474 -0.16000001 0.09263369
v -0.15162069 -0.16000001 0.08817083
v -0.14323163 -0.16494669 0.08820781
v -0.1453744 -0.16188706 0.09262073
v -0.1448155 -0.16586645 0.08381248
v -0.14931725 -0.16346595 0.08381248
v -0.14120568 -0.16307206 0.09270096
v -0.14325173 -0.16000001 0.09597921
v -0.14647748 -0.16000001 0.09516436
v -0.09068315 -0.16346595 0.08381248
v -0.01518489 -0.16586645 0.08381248
v -0.06931727 -0.16346595 0.08381248
v -0.01068313 -0.16346595 0.08381248
v -0.14654298 -0.16000001 0.09816328
v -0.15447567 -0.16000001 0.09816328
v -0.09940387 -0.16000001 0.09609774
v -0.14059652 -0.16000001 0.09816328
v -0.14059652 -0.16000001 0.09609774
v -0.15234704 -0.16000001 0.08381248
v -0.15447567 -0.16000001 0.09040225
v -0.15447567 -0.16000001 0.0816125
v -0.08765335 -0.16000001 0.08381248
v -0.09676877 -0.16494669 0.08820781
v -0.09518489 -0.16586645 0.08381248
v -0.09879471 -0.16307206 0.09270096
v -0.09044565 -0.16000001 0.09263369
v -0.09186667 -0.16342062 0.08819371
v -0.08837971 -0.16000001 0.08817083
v -0.09462599 -0.16188706 0.09262073
v -0.09674866 -0.16000001 0.09597921
v -0.09352292 -0.16000001 0.09516436
v -0.08765328 -0.16000001 0.0816125
v -0.07234704 -0.16000001 0.08381248
v -0.27345738 -0.16000001 0.12816328
v -0.26552472 -0.16000001 0.12816328
v -0.00765334 -0.16000001 0.08381248
v -0.06654298 -0.16000001 0.09816328
v -0.09345742 -0.16000001 0.09816328
v -0.08837971 -0.16000001 0.11817083
v -0.07234704 -0.16000001 0.11381248
v -0.07162069 -0.16000001 0.11817083
v -0.01676876 -0.16494669 0.08820781
v -0.06120567 -0.16307206 0.09270096
v -0.06323163 -0.16494669 0.08820781
v -0.06813373 -0.16342062 0.08819371
v -0.06955476 -0.16000001 0.09263369
v -0.07162069 -0.16000001 0.08817083
v -0.0653744 -0.16188706 0.09262073
v -0.06481551 -0.16586645 0.08381248
v -0.06325175 -0.16000001 0.09597921
v -0.06647748 -0.16000001 0.09516436
v -0.00837971 -0.16000001 0.08817083
v -0.00552474 -0.16000001 0.09040225
v -0.01044564 -0.16000001 0.09263369
v -0.01940386 -0.16000001 0.09609774
v -0.06059652 -0.16000001 0.09816328
v -0.06059652 -0.16000001 0.09609774
v -0.09940387 -0.16000001 0.09816328
v -0.32654297 -0.16000001 0.12816328
v -0.32059652 -0.16000001 0.12816328
v -0.01879473 -0.16307206 0.09270096
v -0.01186667 -0.16342062 0.08819371
v -0.01462601 -0.16188706 0.09262073
v -0.01674865 -0.16000001 0.09597921
v -0.0135229 -0.16000001 0.09516436
v -0.01940386 -0.16000001 0.09816328
v -0.00552474 -0.16000001 0.09816328
v -0.0134574 -0.16000001 0.09816328
v 0.00552474 -0.16000001 0.12040225
v -0.00552474 -0.16000001 0.12816328
v -0.00552474 -0.16000001 0.12040225
v 0.00552474 -0.16000001 0.0816125
v -0.00552474 -0.16000001 0.0816125
v 0.00552474 -0.16000001 0.06816328
v -0.00552474 -0.16000001 0.06816328
v -0.15447567 -0.16000001 0.12816328
v -0.07234704 -0.16000001 0.0816125
v -0.27518487 -0.16586645 0.08381248
v -0.32931727 -0.16346595 0.08381248
v -0.27068311 -0.16346595 0.08381248
v -0.32955474 -0.16000001 0.09263369
v -0.34000018 -0.16000001 0.09040225
v -0.33162069 -0.16000001 0.08817083
v -0.33234704 -0.16000001 0.08381248
v -0.26765332 -0.16000001 0.08381248
v -0.27676874 -0.16494669 0.08820781
v -0.32120565 -0.16307206 0.09270096
v -0.32323164 -0.16494669 0.08820781
v -0.3281337 -0.16342062 0.08819371
v -0.32537439 -0.16188706 0.09262073
v -0.32481551 -0.16586645 0.08381248
v -0.32325172 -0.16000001 0.09597921
v -0.32647747 -0.16000001 0.09516436
v -0.26837969 -0.16000001 0.08817083
v -0.26552472 -0.16000001 0.09040225
v -0.27044562 -0.16000001 0.09263369
v -0.27940384 -0.16000001 0.09609774
v -0.32059652 -0.16000001 0.09816328
v -0.32059652 -0.16000001 0.09609774
v -0.27879471 -0.16307206 0.09270096
v -0.27186665 -0.16342062 0.08819371
v -0.27462599 -0.16188706 0.09262073
v -0.27674863 -0.16000001 0.09597921
v -0.27352288 -0.16000001 0.09516436
v -0.27940384 -0.16000001 0.09816328
v -0.26552472 -0.16000001 0.09816328
v -0.27345738 -0.16000001 0.09816328
v -0.34000018 -0.16000001 0.09816328
v -0.15447567 -0.16000001 0.12040225
v -0.26552472 -0.16000001 0.12040225
v -0.26552472 -0.16000001 0.0816125
v -0.32654297 -0.16000001 0.09816328
v -0.14813372 -0.16342062 0.11819372
v -0.14955474 -0.16000001 0.1226337
v -0.15162069 -0.16000001 0.11817083
v -0.14323163 -0.16494669 0.11820781
v -0.1453744 -0.16188706 0.12262073
v -0.1448155 -0.16586645 0.11381248
v -0.14931725 -0.16346595 0.11381248
v -0.14120568 -0.16307206 0.12270096
v -0.14325173 -0.16000001 0.12597921
v -0.14647748 -0.16000001 0.12516436
v -0.09068315 -0.16346595 0.11381248
v -0.01518489 -0.16586645 0.11381248
v -0.06931727 -0.16346595 0.11381248
v -0.01068313 -0.16346595 0.11381248
v -0.14654298 -0.16000001 0.12816328
v -0.09940387 -0.16000001 0.12609774
v -0.14059652 -0.16000001 0.12816328
v -0.14059652 -0.16000001 0.12609774
v -0.15234704 -0.16000001 0.11381248
v -0.15447567 -0.16000001 0.1116125
v -0.08765335 -0.16000001 0.11381248
v -0.09676877 -0.16494669 0.11820781
v -0.09518489 -0.16586645 0.11381248
v -0.09879471 -0.16307206 0.12270096
v -0.09044565 -0.16000001 0.1226337
v -0.09186667 -0.16342062 0.11819372
v -0.09462599 -0.16188706 0.12262073
v -0.09674866 -0.16000001 0.12597921
v -0.09352292 -0.16000001 0.12516436
v -0.08765335 -0.16000001 0.1116125
v -0.34000018 -0.16000001 0.1116125
v -0.34000018 -0.16000001 0.12040225
v -0.00765334 -0.16000001 0.11381248
v -0.06654298 -0.16000001 0.12816328
v -0.09345742 -0.16000001 0.12816328
v -0.06654298 -0.16000001 0.06816328
v -0.01676876 -0.16494669 0.11820781
v -0.06120567 -0.16307206 0.12270096
v -0.06323163 -0.16494669 0.11820781
v -0.06813373 -0.16342062 0.11819372
v -0.06955476 -0.16000001 0.1226337
v -0.0653744 -0.16188706 0.12262073
v -0.06481551 -0.16586645 0.11381248
v -0.06325175 -0.16000001 0.12597921
v -0.06647748 -0.16000001 0.12516436
v -0.00837971 -0.16000001 0.11817083
v -0.01044564 -0.16000001 0.1226337
v -0.01940386 -0.16000001 0.12609774
v -0.06059652 -0.16000001 0.12816328
v -0.06059652 -0.16000001 0.12609774
v -0.09940387 -0.16000001 0.12816328
v -0.0134574 -0.16000001 0.12816328
v -0.01879473 -0.16307206 0.12270096
v -0.01186667 -0.16342062 0.11819372
v -0.01462601 -0.16188706 0.12262073
v -0.01674865 -0.16000001 0.12597921
v -0.0135229 -0.16000001 0.12516436
v -0.01940386 -0.16000001 0.12816328
v -0.0795231 -0.16000001 0.14999998
v 0.00552474 -0.16000001 0.06040224
v -0.00552474 -0.16000001 0.06040224
v 0.00552474 -0.16000001 0.1116125
v -0.00552474 -0.16000001 0.1116125
v -0.34000018 -0.16000001 0.12816328
v -0.34000018 -0.16000001 0.06040224
v -0.34000018 -0.16000001 0.06816328
v -0.07234704 -0.16000001 0.1116125
v -0.27518487 -0.16586645 0.11381248
v -0.32931727 -0.16346595 0.11381248
v -0.27068311 -0.16346595 0.11381248
v -0.32955474 -0.16000001 0.1226337
v -0.33162069 -0.16000001 0.11817083
v -0.33234704 -0.16000001 0.11381248
v -0.26765332 -0.16000001 0.11381248
v -0.27676874 -0.16494669 0.11820781
v -0.32120565 -0.16307206 0.12270096
v -0.32323164 -0.16494669 0.11820781
v -0.3281337 -0.16342062 0.11819372
v -0.32537439 -0.16188706 0.12262073
v -0.32481551 -0.16586645 0.11381248
v -0.32325172 -0.16000001 0.12597921
v -0.32647747 -0.16000001 0.12516436
v -0.26837969 -0.16000001 0.11817083
v -0.27044562 -0.16000001 0.1226337
v -0.27940384 -0.16000001 0.12609774
v -0.32059652 -0.16000001 0.12609774
v -0.27879471 -0.16307206 0.12270096
v -0.27186665 -0.16342062 0.11819372
v -0.27462599 -0.16188706 0.12262073
v -0.27674863 -0.16000001 0.12597921
v -0.27352288 -0.16000001 0.12516436
v -0.27940384 -0.16000001 0.12816328
v -0.15447567 -0.16000001 0.06040224
v -0.26552472 -0.16000001 0.06816328
v -0.26552472 -0.16000001 0.06040224
v -0.26552472 -0.16000001 0.1116125
v -0.14813372 -0.16342062 0.05819371
v -0.14955474 -0.16000001 0.06263369
v -0.15162069 -0.16000001 0.05817083
v -0.14323163 -0.16494669 0.05820781
v -0.1453744 -0.16188706 0.06262073
v -0.1448155 -0.16586645 0.05381247
v -0.14931725 -0.16346595 0.05381247
v -0.14120568 -0.16307206 0.06270096
v -0.14325173 -0.16000001 0.06597921
v -0.14647748 -0.16000001 0.06516436
v -0.09068315 -0.16346595 0.05381247
v -0.01518489 -0.16586645 0.05381247
v -0.06931727 -0.16346595 0.05381247
v -0.01068313 -0.16346595 0.05381247
v -0.14654298 -0.16000001 0.06816328
v -0.15447567 -0.16000001 0.06816328
v -0.09940387 -0.16000001 0.06609774
v -0.14059652 -0.16000001 0.06816328
v -0.14059652 -0.16000001 0.06609774
v -0.15234704 -0.16000001 0.05381247
v -0.08765335 -0.16000001 0.05381247
v -0.09676877 -0.16494669 0.05820781
v -0.09518489 -0.16586645 0.05381247
v -0.09879471 -0.16307206 0.06270096
v -0.09044565 -0.16000001 0.06263369
v -0.09186667 -0.16342062 0.05819371
v -0.08837971 -0.16000001 0.05817083
v -0.09462599 -0.16188706 0.06262073
v -0.09674866 -0.16000001 0.06597921
v -0.09352292 -0.16000001 0.06516436
v -0.07234704 -0.16000001 0.05381247
v -0.00765334 -0.16000001 0.05381247
v -0.09345742 -0.16000001 0.06816328
v -0.01676876 -0.16494669 0.05820781
v -0.06120567 -0.16307206 0.06270096
v -0.06323163 -0.16494669 0.05820781
v -0.06813373 -0.16342062 0.05819371
v -0.06955476 -0.16000001 0.06263369
v -0.07162069 -0.16000001 0.05817083
v -0.0653744 -0.16188706 0.06262073
v -0.06481551 -0.16586645 0.05381247
v -0.06325175 -0.16000001 0.06597921
v -0.06647748 -0.16000001 0.06516436
v -0.00837971 -0.16000001 0.05817083
v -0.01044564 -0.16000001 0.06263369
v -0.01940386 -0.16000001 0.06609774
v -0.06059652 -0.16000001 0.06816328
v -0.06059652 -0.16000001 0.06609774
v -0.09940387 -0.16000001 0.06816328
v -0.01879473 -0.16307206 0.06270096
v -0.01186667 -0.16342062 0.05819371
v -0.01462601 -0.16188706 0.06262073
v -0.01674865 -0.16000001 0.06597921
v -0.0135229 -0.16000001 0.06516436
v -0.01940386 -0.16000001 0.06816328
v -0.0134574 -0.16000001 0.06816328
v -0.34000018 -0.16000001 0.0816125
v 0.00552474 -0.16000001 0.12816328
v -0.27518487 -0.16586645 0.05381247
v -0.32931727 -0.16346595 0.05381247
v -0.27068311 -0.16346595 0.05381247
v -0.32955474 -0.16000001 0.06263369
v -0.33162069 -0.16000001 0.05817083
v -0.33234704 -0.16000001 0.05381247
v -0.26765332 -0.16000001 0.05381247
v -0.27676874 -0.16494669 0.05820781
v -0.32120565 -0.16307206 0.06270096
v -0.32323164 -0.16494669 0.05820781
v -0.3281337 -0.16342062 0.05819371
v -0.32537439 -0.16188706 0.06262073
v -0.32481551 -0.16586645 0.05381247
v -0.32325172 -0.16000001 0.06597921
v -0.32647747 -0.16000001 0.06516436
v -0.26837969 -0.16000001 0.05817083
v -0.27044562 -0.16000001 0.06263369
v -0.27940384 -0.16000001 0.06609774
v -0.32059652 -0.16000001 0.06816328
v -0.32059652 -0.16000001 0.06609774
v -0.27879471 -0.16307206 0.06270096
v -0.27186665 -0.16342062 0.05819371
v -0.27462599 -0.16188706 0.06262073
v -0.27674863 -0.16000001 0.06597921
v -0.27352288 -0.16000001 0.06516436
v -0.27940384 -0.16000001 0.06816328
v -0.27345738 -0.16000001 0.06816328
v -0.32654297 -0.16000001 0.06816328
v 0.00552474 -0.16000001 0.09816328
v 0.26552472 -0.16000001 0.00323951
v 0.14955474 -0.16000001 0.09263369
v 0.14813372 -0.16342062 0.08819371
v 0.15162069 -0.16000001 0.08817083
v 0.14323163 -0.16494669 0.08820781
v 0.1453744 -0.16188706 0.09262073
v 0.14120568 -0.16307206 0.09270096
v 0.1448155 -0.16586645 0.08381248
v 0.14325173 -0.16000001 0.09597921
v 0.14059652 -0.16000001 0.09609774
v 0.14931725 -0.16346595 0.08381248
v 0.14647748 -0.16000001 0.09516436
v 0.09068315 -0.16346595 0.08381248
v 0.06931727 -0.16346595 0.08381248
v 0.01518489 -0.16586645 0.08381248
v 0.01068313 -0.16346595 0.08381248
v 0.15447567 -0.16000001 0.09816328
v 0.14654298 -0.16000001 0.09816328
v 0.14059652 -0.16000001 0.09816328
v 0.09940387 -0.16000001 0.09609774
v 0.15447567 -0.16000001 0.09040225
v 0.15234704 -0.16000001 0.08381248
v 0.15447567 -0.16000001 0.0816125
v 0.08765335 -0.16000001 0.08381248
v 0.09676877 -0.16494669 0.08820781
v 0.09518489 -0.16586645 0.08381248
v 0.09879471 -0.16307206 0.09270096
v 0.09186667 -0.16342062 0.08819371
v 0.09044565 -0.16000001 0.09263369
v 0.08837971 -0.16000001 0.08817083
v 0.09462599 -0.16188706 0.09262073
v 0.09674866 -0.16000001 0.09597921
v 0.09352292 -0.16000001 0.09516436
v 0.07234704 -0.16000001 0.08381248
v 0.08765328 -0.16000001 0.0816125
v 0.27345738 -0.16000001 0.12816328
v 0.26552472 -0.16000001 0.12816328
v 0.00765334 -0.16000001 0.08381248
v 0.09345742 -0.16000001 0.09816328
v 0.06647748 -0.16000001 0.09516436
v 0.07234704 -0.16000001 0.11381248
v 0.08837971 -0.16000001 0.11817083
v 0.07162069 -0.16000001 0.11817083
v 0.06120567 -0.16307206 0.09270096
v 0.01676876 -0.16494669 0.08820781
v 0.06323163 -0.16494669 0.08820781
v 0.06955476 -0.16000001 0.09263369
v 0.06813373 -0.16342062 0.08819371
v 0.07162069 -0.16000001 0.08817083
v 0.0653744 -0.16188706 0.09262073
v 0.06481551 -0.16586645 0.08381248
v 0.06325175 -0.16000001 0.09597921
v 0.06059652 -0.16000001 0.09609774
v 0.00837971 -0.16000001 0.08817083
v 0.01044564 -0.16000001 0.09263369
v 0.00552474 -0.16000001 0.09040225
v 0.06059652 -0.16000001 0.09816328
v 0.01940386 -0.16000001 0.09609774
v 0.09940387 -0.16000001 0.09816328
v 0.32654297 -0.16000001 0.12816328
v 0.34000018 -0.16000001 0.14999998
v 0.32059652 -0.16000001 0.12816328
v 0.01879473 -0.16307206 0.09270096
v 0.01186667 -0.16342062 0.08819371
v 0.01462601 -0.16188706 0.09262073
v 0.01674865 -0.16000001 0.09597921
v 0.0135229 -0.16000001 0.09516436
v 0.01940386 -0.16000001 0.09816328
v 0.0134574 -0.16000001 0.09816328
v 0.00552474 0.16000001 0.0516125
v 0.00552474 0.16000001 0.09816328
v -0.00552474 0.16000001 0.09040225
v -0.00552474 0.16000001 0.09816328
v 0.08000019 0.16000001 0.0516125
v 0.15447567 -0.16000001 0.12816328
v 0.06654298 -0.16000001 0.09816328
v 0.07234704 -0.16000001 0.0816125
v 0.32931727 -0.16346595 0.08381248
v 0.27518487 -0.16586645 0.08381248
v 0.27068311 -0.16346595 0.08381248
v 0.32955474 -0.16000001 0.09263369
v 0.33162069 -0.16000001 0.08817083
v 0.34000018 -0.16000001 0.09040225
v 0.33234704 -0.16000001 0.08381248
v 0.26765332 -0.16000001 0.08381248
v 0.32120565 -0.16307206 0.09270096
v 0.27676874 -0.16494669 0.08820781
v 0.32323164 -0.16494669 0.08820781
v 0.3281337 -0.16342062 0.08819371
v 0.32537439 -0.16188706 0.09262073
v 0.32481551 -0.16586645 0.08381248
v 0.32325172 -0.16000001 0.09597921
v 0.32059652 -0.16000001 0.09609774
v 0.32647747 -0.16000001 0.09516436
v 0.26837969 -0.16000001 0.08817083
v 0.27044562 -0.16000001 0.09263369
v 0.26552472 -0.16000001 0.09040225
v 0.32059652 -0.16000001 0.09816328
v 0.27940384 -0.16000001 0.09609774
v 0.27879471 -0.16307206 0.09270096
v 0.27186665 -0.16342062 0.08819371
v 0.27462599 -0.16188706 0.09262073
v 0.27674863 -0.16000001 0.09597921
v 0.27352288 -0.16000001 0.09516436
v 0.27940384 -0.16000001 0.09816328
v 0.26552472 -0.16000001 0.09816328
v 0.27345738 -0.16000001 0.09816328
v 0.34000018 -0.16000001 0.09816328
v 0.15447567 -0.16000001 0.12040225
v 0.26552472 -0.16000001 0.12040225
v 0.26552472 -0.16000001 0.0816125
v 0.32654297 -0.16000001 0.09816328
v 0.14955474 -0.16000001 0.1226337
v 0.14813372 -0.16342062 0.11819372
v 0.15162069 -0.16000001 0.11817083
v 0.14323163 -0.16494669 0.11820781
v 0.1453744 -0.16188706 0.12262073
v 0.14120568 -0.16307206 0.12270096
v 0.1448155 -0.16586645 0.11381248
v 0.14325173 -0.16000001 0.12597921
v 0.14059652 -0.16000001 0.12609774
v 0.14931725 -0.16346595 0.11381248
v 0.14647748 -0.16000001 0.12516436
v 0.09068315 -0.16346595 0.11381248
v 0.06931727 -0.16346595 0.11381248
v 0.01518489 -0.16586645 0.11381248
v 0.01068313 -0.16346595 0.11381248
v 0.14654298 -0.16000001 0.12816328
v 0.14059652 -0.16000001 0.12816328
v 0.09940387 -0.16000001 0.12609774
v 0.15234704 -0.16000001 0.11381248
v 0.15447567 -0.16000001 0.1116125
v 0.08765335 -0.16000001 0.11381248
v 0.09676877 -0.16494669 0.11820781
v 0.09518489 -0.16586645 0.11381248
v 0.09879471 -0.16307206 0.12270096
v 0.09186667 -0.16342062 0.11819372
v 0.09044565 -0.16000001 0.1226337
v 0.09462599 -0.16188706 0.12262073
v 0.09674866 -0.16000001 0.12597921
v 0.09352292 -0.16000001 0.12516436
v 0.08765335 -0.16000001 0.1116125
v 0.34000018 -0.16000001 0.1116125
v 0.34000018 -0.16000001 0.12040225
v 0.00765334 -0.16000001 0.11381248
v 0.09345742 -0.16000001 0.12816328
v 0.06647748 -0.16000001 0.12516436
v 0.06654298 -0.16000001 0.06816328
v 0.09345742 -0.16000001 0.06816328
v 0.06120567 -0.16307206 0.12270096
v 0.01676876 -0.16494669 0.11820781
v 0.06323163 -0.16494669 0.11820781
v 0.06955476 -0.16000001 0.1226337
v 0.06813373 -0.16342062 0.11819372
v 0.0653744 -0.16188706 0.12262073
v 0.06481551 -0.16586645 0.11381248
v 0.06325175 -0.16000001 0.12597921
v 0.06059652 -0.16000001 0.12609774
v 0.00837971 -0.16000001 0.11817083
v 0.01044564 -0.16000001 0.1226337
v 0.06059652 -0.16000001 0.12816328
v 0.01940386 -0.16000001 0.12609774
v 0.09940387 -0.16000001 0.12816328
v 0.0134574 -0.16000001 0.12816328
v 0.01879473 -0.16307206 0.12270096
v 0.01186667 -0.16342062 0.11819372
v 0.01462601 -0.16188706 0.12262073
v 0.01674865 -0.16000001 0.12597921
v 0.0135229 -0.16000001 0.12516436
v 0.01940386 -0.16000001 0.12816328
v -0.00552474 0.16000001 0.0516125
v 0.34000018 -0.16000001 0.12816328
v 0.34000018 -0.16000001 0.06040224
v 0.39862788 -0.16000001 0.06040224
v 0.34000018 -0.16000001 0.06816328
v 0.06654298 -0.16000001 0.12816328
v 0.07234704 -0.16000001 0.1116125
v 0.32931727 -0.16346595 0.11381248
v 0.27518487 -0.16586645 0.11381248
v 0.27068311 -0.16346595 0.11381248
v 0.32955474 -0.16000001 0.1226337
v 0.33162069 -0.16000001 0.11817083
v 0.33234704 -0.16000001 0.11381248
v 0.26765332 -0.16000001 0.11381248
v 0.32120565 -0.16307206 0.12270096
v 0.27676874 -0.16494669 0.11820781
v 0.32323164 -0.16494669 0.11820781
v 0.3281337 -0.16342062 0.11819372
v 0.32537439 -0.16188706 0.12262073
v 0.32481551 -0.16586645 0.11381248
v 0.32325172 -0.16000001 0.12597921
v 0.32059652 -0.16000001 0.12609774
v 0.32647747 -0.16000001 0.12516436
v 0.26837969 -0.16000001 0.11817083
v 0.27044562 -0.16000001 0.1226337
v 0.27940384 -0.16000001 0.12609774
v 0.27879471 -0.16307206 0.12270096
v 0.27186665 -0.16342062 0.11819372
v 0.27462599 -0.16188706 0.12262073
v 0.27674863 -0.16000001 0.12597921
v 0.27352288 -0.16000001 0.12516436
v 0.27940384 -0.16000001 0.12816328
v 0.26552472 -0.16000001 0.06816328
v 0.15447567 -0.16000001 0.06040224
v 0.26552472 -0.16000001 0.06040224
v 0.26552472 -0.16000001 0.1116125
v 0.14955474 -0.16000001 0.06263369
v 0.14813372 -0.16342062 0.05819371
v 0.15162069 -0.16000001 0.05817083
v 0.14323163 -0.16494669 0.05820781
v 0.1453744 -0.16188706 0.06262073
v 0.14120568 -0.16307206 0.06270096
v 0.1448155 -0.16586645 0.05381247
v 0.14325173 -0.16000001 0.06597921
v 0.14059652 -0.16000001 0.06609774
v 0.14931725 -0.16346595 0.05381247
v 0.14647748 -0.16000001 0.06516436
v 0.09068315 -0.16346595 0.05381247
v 0.06931727 -0.16346595 0.05381247
v 0.01518489 -0.16586645 0.05381247
v 0.01068313 -0.16346595 0.05381247
v 0.15447567 -0.16000001 0.06816328
v 0.14654298 -0.16000001 0.06816328
v 0.14059652 -0.16000001 0.06816328
v 0.09940387 -0.16000001 0.06609774
v 0.15234704 -0.16000001 0.05381247
v 0.08765335 -0.16000001 0.05381247
v 0.09676877 -0.16494669 0.05820781
v 0.09518489 -0.16586645 0.05381247
v 0.09879471 -0.16307206 0.06270096
v 0.09186667 -0.16342062 0.05819371
v 0.09044565 -0.16000001 0.06263369
v 0.08837971 -0.16000001 0.05817083
v 0.09462599 -0.16188706 0.06262073
v 0.09674866 -0.16000001 0.06597921
v 0.09352292 -0.16000001 0.06516436
v 0.07234704 -0.16000001 0.05381247
v 0.00765334 -0.16000001 0.05381247
v 0.06647748 -0.16000001 0.06516436
v 0.06120567 -0.16307206 0.06270096
v 0.01676876 -0.16494669 0.05820781
v 0.06323163 -0.16494669 0.05820781
v 0.06955476 -0.16000001 0.06263369
v 0.06813373 -0.16342062 0.05819371
v 0.07162069 -0.16000001 0.05817083
v 0.0653744 -0.16188706 0.06262073
v 0.06481551 -0.16586645 0.05381247
v 0.06325175 -0.16000001 0.06597921
v 0.06059652 -0.16000001 0.06609774
v 0.00837971 -0.16000001 0.05817083
v 0.01044564 -0.16000001 0.06263369
v 0.06059652 -0.16000001 0.06816328
v 0.01940386 -0.16000001 0.06609774
v 0.09940387 -0.16000001 0.06816328
v 0.01879473 -0.16307206 0.06270096
v 0.01186667 -0.16342062 0.05819371
v 0.01462601 -0.16188706 0.06262073
v 0.01674865 -0.16000001 0.06597921
v 0.0135229 -0.16000001 0.06516436
v 0.01940386 -0.16000001 0.06816328
v 0.0134574 -0.16000001 0.06816328
v 0.34000018 -0.16000001 0.0816125
v 0.34000018 0.16000001 0.0516125
v 0.39862788 -0.16000001 0.09005934
v 0.32931727 -0.16346595 0.05381247
v 0.27518487 -0.16586645 0.05381247
v 0.27068311 -0.16346595 0.05381247
v 0.32955474 -0.16000001 0.06263369
v 0.33162069 -0.16000001 0.05817083
v 0.33234704 -0.16000001 0.05381247
v 0.26765332 -0.16000001 0.05381247
v 0.32120565 -0.16307206 0.06270096
v 0.27676874 -0.16494669 0.05820781
v 0.32323164 -0.16494669 0.05820781
v 0.3281337 -0.16342062 0.05819371
v 0.32537439 -0.16188706 0.06262073
v 0.32481551 -0.16586645 0.05381247
v 0.32325172 -0.16000001 0.06597921
v 0.32059652 -0.16000001 0.06609774
v 0.32647747 -0.16000001 0.06516436
v 0.26837969 -0.16000001 0.05817083
v 0.27044562 -0.16000001 0.06263369
v 0.32059652 -0.16000001 0.06816328
v 0.27940384 -0.16000001 0.06609774
v 0.27879471 -0.16307206 0.06270096
v 0.27186665 -0.16342062 0.05819371
v 0.27462599 -0.16188706 0.06262073
v 0.27674863 -0.16000001 0.06597921
v 0.27352288 -0.16000001 0.06516436
v 0.27940384 -0.16000001 0.06816328
v 0.27345738 -0.16000001 0.06816328
v 0.32654297 -0.16000001 0.06816328
v -0.08000019 0.16000001 0.0516125
v -0.34000018 0.16000001 0.0516125
v -0.14955474 0.16000001 0.09263369
v -0.14813372 0.16342062 0.08819371
v -0.15162069 0.16000001 0.08817083
v -0.14323163 0.16494669 0.08820781
v -0.1453744 0.16188706 0.09262073
v -0.14120568 0.16307206 0.09270096
v -0.1448155 0.16586645 0.08381248
v -0.14325173 0.16000001 0.09597921
v -0.14059652 0.16000001 0.09609774
v -0.14931725 0.16346595 0.08381248
v -0.14647748 0.16000001 0.09516436
v -0.09068315 0.16346595 0.08381248
v -0.06931727 0.16346595 0.08381248
v -0.01518489 0.16586645 0.08381248
v -0.01068313 0.16346595 0.08381248
v -0.15447567 0.16000001 0.09816328
v -0.14654298 0.16000001 0.09816328
v -0.14059652 0.16000001 0.09816328
v -0.09940387 0.16000001 0.09609774
v -0.15447567 0.16000001 0.09040225
v -0.15234704 0.16000001 0.08381248
v -0.15447567 0.16000001 0.0816125
v -0.08765335 0.16000001 0.08381248
v -0.09676877 0.16494669 0.08820781
v -0.09518489 0.16586645 0.08381248
v -0.09879471 0.16307206 0.09270096
v -0.09186667 0.16342062 0.08819371
v -0.09044565 0.16000001 0.09263369
v -0.08837971 0.16000001 0.08817083
v -0.09462599 0.16188706 0.09262073
v -0.09674866 0.16000001 0.09597921
v -0.09352292 0.16000001 0.09516436
v -0.07234704 0.16000001 0.08381248
v -0.08765328 0.16000001 0.0816125
v -0.27345738 0.16000001 0.12816328
v -0.26552472 0.16000001 0.15000001
v -0.26552472 0.16000001 0.12816328
v -0.00765334 0.16000001 0.08381248
v -0.09345742 0.16000001 0.09816328
v -0.06647748 0.16000001 0.09516436
v -0.07234704 0.16000001 0.11381248
v -0.08837971 0.16000001 0.11817083
v -0.07162069 0.16000001 0.11817083
v -0.06120567 0.16307206 0.09270096
v -0.01676876 0.16494669 0.08820781
v -0.06323163 0.16494669 0.08820781
v -0.06955476 0.16000001 0.09263369
v -0.06813373 0.16342062 0.08819371
v -0.07162069 0.16000001 0.08817083
v -0.0653744 0.16188706 0.09262073
v -0.06481551 0.16586645 0.08381248
v -0.06325175 0.16000001 0.09597921
v -0.06059652 0.16000001 0.09609774
v -0.00837971 0.16000001 0.08817083
v -0.01044564 0.16000001 0.09263369
v -0.06059652 0.16000001 0.09816328
v -0.01940386 0.16000001 0.09609774
v -0.09940387 0.16000001 0.09816328
v -0.32654297 0.16000001 0.12816328
v -0.34000018 0.16000001 0.15000001
v -0.32059652 0.16000001 0.12816328
v -0.01879473 0.16307206 0.09270096
v -0.01186667 0.16342062 0.08819371
v -0.01462601 0.16188706 0.09262073
v -0.01674865 0.16000001 0.09597921
v -0.0135229 0.16000001 0.09516436
v -0.01940386 0.16000001 0.09816328
v -0.0134574 0.16000001 0.09816328
v 0.00552474 0.16000001 0.12816328
v -0.00552474 0.16000001 0.12040225
v -0.00552474 0.16000001 0.12816328
v 0.00552474 0.16000001 0.09040225
v -0.00552474 0.16000001 0.0816125
v 0.00552474 0.16000001 0.0816125
v -0.00552474 0.16000001 0.06816328
v -0.15447567 0.16000001 0.12816328
v -0.06654298 0.16000001 0.09816328
v -0.07234704 0.16000001 0.0816125
v -0.32931727 0.16346595 0.08381248
v -0.27518487 0.16586645 0.08381248
v -0.27068311 0.16346595 0.08381248
v -0.32955474 0.16000001 0.09263369
v -0.33162069 0.16000001 0.08817083
v -0.34000018 0.16000001 0.09040225
v -0.33234704 0.16000001 0.08381248
v -0.26765332 0.16000001 0.08381248
v -0.32120565 0.16307206 0.09270096
v -0.27676874 0.16494669 0.08820781
v -0.32323164 0.16494669 0.08820781
v -0.3281337 0.16342062 0.08819371
v -0.32537439 0.16188706 0.09262073
v -0.32481551 0.16586645 0.08381248
v -0.32325172 0.16000001 0.09597921
v -0.32059652 0.16000001 0.09609774
v -0.32647747 0.16000001 0.09516436
v -0.26837969 0.16000001 0.08817083
v -0.27044562 0.16000001 0.09263369
v -0.26552472 0.16000001 0.09040225
v -0.32059652 0.16000001 0.09816328
v -0.27940384 0.16000001 0.09609774
v -0.27879471 0.16307206 0.09270096
v -0.27186665 0.16342062 0.08819371
v -0.27462599 0.16188706 0.09262073
v -0.27674863 0.16000001 0.09597921
v -0.27352288 0.16000001 0.09516436
v -0.27940384 0.16000001 0.09816328
v -0.26552472 0.16000001 0.09816328
v -0.27345738 0.16000001 0.09816328
v -0.34000018 0.16000001 0.09816328
v -0.15447567 0.16000001 0.12040225
v -0.26552472 0.16000001 0.12040225
v -0.26552472 0.16000001 0.0816125
v -0.32654297 0.16000001 0.09816328
v -0.14955474 0.16000001 0.1226337
v -0.14813372 0.16342062 0.11819372
v -0.15162069 0.16000001 0.11817083
v -0.14323163 0.16494669 0.11820781
v -0.1453744 0.16188706 0.12262073
v -0.14120568 0.16307206 0.12270096
v -0.1448155 0.16586645 0.11381248
v -0.14325173 0.16000001 0.12597921
v -0.14059652 0.16000001 0.12609774
v -0.14931725 0.16346595 0.11381248
v -0.14647748 0.16000001 0.12516436
v -0.09068315 0.16346595 0.11381248
v -0.06931727 0.16346595 0.11381248
v -0.01518489 0.16586645 0.11381248
v -0.01068313 0.16346595 0.11381248
v -0.14654298 0.16000001 0.12816328
v -0.14059652 0.16000001 0.12816328
v -0.09940387 0.16000001 0.12609774
v -0.15234704 0.16000001 0.11381248
v -0.15447567 0.16000001 0.1116125
v -0.08765335 0.16000001 0.11381248
v -0.09676877 0.16494669 0.11820781
v -0.09518489 0.16586645 0.11381248
v -0.09879471 0.16307206 0.12270096
v -0.09186667 0.16342062 0.11819372
v -0.09044565 0.16000001 0.1226337
v -0.09462599 0.16188706 0.12262073
v -0.09674866 0.16000001 0.12597921
v -0.09352292 0.16000001 0.12516436
v -0.08765335 0.16000001 0.1116125
v -0.34000018 0.16000001 0.1116125
v -0.34000018 0.16000001 0.12040225
v -0.00765334 0.16000001 0.11381248
v -0.09345742 0.16000001 0.12816328
v -0.06647748 0.16000001 0.12516436
v -0.06654298 0.16000001 0.06816328
v -0.09345742 0.16000001 0.06816328
v -0.06120567 0.16307206 0.12270096
v -0.01676876 0.16494669 0.11820781
v -0.06323163 0.16494669 0.11820781
v -0.06955476 0.16000001 0.1226337
v -0.06813373 0.16342062 0.11819372
v -0.0653744 0.16188706 0.12262073
v -0.06481551 0.16586645 0.11381248
v -0.06325175 0.16000001 0.12597921
v -0.06059652 0.16000001 0.12609774
v -0.00837971 0.16000001 0.11817083
v -0.01044564 0.16000001 0.1226337
v -0.06059652 0.16000001 0.12816328
v -0.01940386 0.16000001 0.12609774
v -0.09940387 0.16000001 0.12816328
v -0.0134574 0.16000001 0.12816328
v 0 0.16000001 0.15000001
v -0.01879473 0.16307206 0.12270096
v -0.01186667 0.16342062 0.11819372
v -0.01462601 0.16188706 0.12262073
v -0.01674865 0.16000001 0.12597921
v -0.0135229 0.16000001 0.12516436
v -0.01940386 0.16000001 0.12816328
v -0.15447567 0.16000001 0.15000001
v 0.00552474 0.16000001 0.06816328
v -0.00552474 0.16000001 0.06040224
v 0.00552474 0.16000001 0.12040225
v -0.00552474 0.16000001 0.1116125
v -0.34000018 0.16000001 0.12816328
v -0.34000018 0.16000001 0.06040224
v -0.34000018 0.16000001 0.06816328
v -0.06654298 0.16000001 0.12816328
v -0.0795231 0.16000001 0.14999998
v -0.07234704 0.16000001 0.1116125
v -0.32931727 0.16346595 0.11381248
v -0.27518487 0.16586645 0.11381248
v -0.27068311 0.16346595 0.11381248
v -0.32955474 0.16000001 0.1226337
v -0.33162069 0.16000001 0.11817083
v -0.33234704 0.16000001 0.11381248
v -0.26765332 0.16000001 0.11381248
v -0.32120565 0.16307206 0.12270096
v -0.27676874 0.16494669 0.11820781
v -0.32323164 0.16494669 0.11820781
v -0.3281337 0.16342062 0.11819372
v -0.32537439 0.16188706 0.12262073
v -0.32481551 0.16586645 0.11381248
v -0.32325172 0.16000001 0.12597921
v -0.32059652 0.16000001 0.12609774
v -0.32647747 0.16000001 0.12516436
v -0.26837969 0.16000001 0.11817083
v -0.27044562 0.16000001 0.1226337
v -0.27940384 0.16000001 0.12609774
v -0.27879471 0.16307206 0.12270096
v -0.27186665 0.16342062 0.11819372
v -0.27462599 0.16188706 0.12262073
v -0.27674863 0.16000001 0.12597921
v -0.27352288 0.16000001 0.12516436
v -0.27940384 0.16000001 0.12816328
v -0.26552472 0.16000001 0.06816328
v -0.15447567 0.16000001 0.06040224
v -0.26552472 0.16000001 0.06040224
v -0.26552472 0.16000001 0.1116125
v -0.14955474 0.16000001 0.06263369
v -0.14813372 0.16342062 0.05819371
v -0.15162069 0.16000001 0.05817083
v -0.14323163 0.16494669 0.05820781
v -0.1453744 0.16188706 0.06262073
v -0.14120568 0.16307206 0.06270096
v -0.1448155 0.16586645 0.05381247
v -0.14325173 0.16000001 0.06597921
v -0.14059652 0.16000001 0.06609774
v -0.14931725 0.16346595 0.05381247
v -0.14647748 0.16000001 0.06516436
v -0.09068315 0.16346595 0.05381247
v -0.06931727 0.16346595 0.05381247
v -0.01518489 0.16586645 0.05381247
v -0.01068313 0.16346595 0.05381247
v -0.15447567 0.16000001 0.06816328
v -0.14654298 0.16000001 0.06816328
v -0.14059652 0.16000001 0.06816328
v -0.09940387 0.16000001 0.06609774
v -0.15234704 0.16000001 0.05381247
v -0.08765335 0.16000001 0.05381247
v -0.09676877 0.16494669 0.05820781
v -0.09518489 0.16586645 0.05381247
v -0.09879471 0.16307206 0.06270096
v -0.09186667 0.16342062 0.05819371
v -0.09044565 0.16000001 0.06263369
v -0.08837971 0.16000001 0.05817083
v -0.09462599 0.16188706 0.06262073
v -0.09674866 0.16000001 0.06597921
v -0.09352292 0.16000001 0.06516436
v -0.07234704 0.16000001 0.05381247
v -0.00765334 0.16000001 0.05381247
v -0.06647748 0.16000001 0.06516436
v -0.06120567 0.16307206 0.06270096
v -0.01676876 0.16494669 0.05820781
v -0.06323163 0.16494669 0.05820781
v -0.06955476 0.16000001 0.06263369
v -0.06813373 0.16342062 0.05819371
v -0.07162069 0.16000001 0.05817083
v -0.0653744 0.16188706 0.06262073
v -0.06481551 0.16586645 0.05381247
v -0.06325175 0.16000001 0.06597921
v -0.06059652 0.16000001 0.06609774
v -0.00837971 0.16000001 0.05817083
v -0.01044564 0.16000001 0.06263369
v -0.06059652 0.16000001 0.06816328
v -0.01940386 0.16000001 0.06609774
v -0.09940387 0.16000001 0.06816328
v -0.01879473 0.16307206 0.06270096
v -0.01186667 0.16342062 0.05819371
v -0.01462601 0.16188706 0.06262073
v -0.01674865 0.16000001 0.06597921
v -0.0135229 0.16000001 0.06516436
v -0.01940386 0.16000001 0.06816328
v -0.0134574 0.16000001 0.06816328
v -0.34000018 0.16000001 0.0816125
v 0.00552474 0.16000001 0.06040224
v -0.398628 0.16 0.09005934
v -0.32931727 0.16346595 0.05381247
v -0.27518487 0.16586645 0.05381247
v -0.27068311 0.16346595 0.05381247
v -0.32955474 0.16000001 0.06263369
v -0.33162069 0.16000001 0.05817083
v -0.33234704 0.16000001 0.05381247
v -0.26765332 0.16000001 0.05381247
v -0.32120565 0.16307206 0.06270096
v -0.27676874 0.16494669 0.05820781
v -0.32323164 0.16494669 0.05820781
v -0.3281337 0.16342062 0.05819371
v -0.32537439 0.16188706 0.06262073
v -0.32481551 0.16586645 0.05381247
v -0.32325172 0.16000001 0.06597921
v -0.32059652 0.16000001 0.06609774
v -0.32647747 0.16000001 0.06516436
v -0.26837969 0.16000001 0.05817083
v -0.27044562 0.16000001 0.06263369
v -0.32059652 0.16000001 0.06816328
v -0.27940384 0.16000001 0.06609774
v -0.27879471 0.16307206 0.06270096
v -0.27186665 0.16342062 0.05819371
v -0.27462599 0.16188706 0.06262073
v -0.27674863 0.16000001 0.06597921
v -0.27352288 0.16000001 0.06516436
v -0.27940384 0.16000001 0.06816328
v -0.27345738 0.16000001 0.06816328
v -0.32654297 0.16000001 0.06816328
v 0.00552474 0.16000001 0.1116125
v 0.14813372 0.16342062 0.08819371
v 0.14955474 0.16000001 0.09263369
v 0.15162069 0.16000001 0.08817083
v 0.14323163 0.16494669 0.08820781
v 0.1453744 0.16188706 0.09262073
v 0.1448155 0.16586645 0.08381248
v 0.14931725 0.16346595 0.08381248
v 0.14120568 0.16307206 0.09270096
v 0.14325173 0.16000001 0.09597921
v 0.14647748 0.16000001 0.09516436
v 0.09068315 0.16346595 0.08381248
v 0.01518489 0.16586645 0.08381248
v 0.06931727 0.16346595 0.08381248
v 0.01068313 0.16346595 0.08381248
v 0.14654298 0.16000001 0.09816328
v 0.15447567 0.16000001 0.09816328
v 0.09940387 0.16000001 0.09609774
v 0.14059652 0.16000001 0.09816328
v 0.14059652 0.16000001 0.09609774
v 0.15234704 0.16000001 0.08381248
v 0.15447567 0.16000001 0.09040225
v 0.15447567 0.16000001 0.0816125
v 0.08765335 0.16000001 0.08381248
v 0.09676877 0.16494669 0.08820781
v 0.09518489 0.16586645 0.08381248
v 0.09879471 0.16307206 0.09270096
v 0.09044565 0.16000001 0.09263369
v 0.09186667 0.16342062 0.08819371
v 0.08837971 0.16000001 0.08817083
v 0.09462599 0.16188706 0.09262073
v 0.09674866 0.16000001 0.09597921
v 0.09352292 0.16000001 0.09516436
v 0.08765328 0.16000001 0.0816125
v 0.07234704 0.16000001 0.08381248
v 0.27345738 0.16000001 0.12816328
v 0.26552472 0.16000001 0.12816328
v 0.00765334 0.16000001 0.08381248
v 0.06654298 0.16000001 0.09816328
v 0.09345742 0.16000001 0.09816328
v 0.08837971 0.16000001 0.11817083
v 0.07234704 0.16000001 0.11381248
v 0.07162069 0.16000001 0.11817083
v 0.01676876 0.16494669 0.08820781
v 0.06120567 0.16307206 0.09270096
v 0.06323163 0.16494669 0.08820781
v 0.06813373 0.16342062 0.08819371
v 0.06955476 0.16000001 0.09263369
v 0.07162069 0.16000001 0.08817083
v 0.0653744 0.16188706 0.09262073
v 0.06481551 0.16586645 0.08381248
v 0.06325175 0.16000001 0.09597921
v 0.06647748 0.16000001 0.09516436
v 0.00837971 0.16000001 0.08817083
v 0.01044564 0.16000001 0.09263369
v 0.01940386 0.16000001 0.09609774
v 0.06059652 0.16000001 0.09816328
v 0.06059652 0.16000001 0.09609774
v 0.09940387 0.16000001 0.09816328
v 0.32654297 0.16000001 0.12816328
v 0.32059652 0.16000001 0.12816328
v 0.01879473 0.16307206 0.09270096
v 0.01186667 0.16342062 0.08819371
v 0.01462601 0.16188706 0.09262073
v 0.01674865 0.16000001 0.09597921
v 0.0135229 0.16000001 0.09516436
v 0.01940386 0.16000001 0.09816328
v 0.0134574 0.16000001 0.09816328
v 0.15447567 0.16000001 0.12816328
v 0.07234704 0.16000001 0.0816125
v 0.27518487 0.16586645 0.08381248
v 0.32931727 0.16346595 0.08381248
v 0.27068311 0.16346595 0.08381248
v 0.32955474 0.16000001 0.09263369
v 0.34000018 0.16000001 0.09040225
v 0.33162069 0.16000001 0.08817083
v 0.33234704 0.16000001 0.08381248
v 0.26765332 0.16000001 0.08381248
v 0.27676874 0.16494669 0.08820781
v 0.32120565 0.16307206 0.09270096
v 0.32323164 0.16494669 0.08820781
v 0.3281337 0.16342062 0.08819371
v 0.32537439 0.16188706 0.09262073
v 0.32481551 0.16586645 0.08381248
v 0.32325172 0.16000001 0.09597921
v 0.32647747 0.16000001 0.09516436
v 0.26837969 0.16000001 0.08817083
v 0.26552472 0.16000001 0.09040225
v 0.27044562 0.16000001 0.09263369
v 0.27940384 0.16000001 0.09609774
v 0.32059652 0.16000001 0.09816328
v 0.32059652 0.16000001 0.09609774
v 0.27879471 0.16307206 0.09270096
v 0.27186665 0.16342062 0.08819371
v 0.27462599 0.16188706 0.09262073
v 0.27674863 0.16000001 0.09597921
v 0.27352288 0.16000001 0.09516436
v 0.27940384 0.16000001 0.09816328
v 0.26552472 0.16000001 0.09816328
v 0.27345738 0.16000001 0.09816328
v 0.34000018 0.16000001 0.09816328
v 0.15447567 0.16000001 0.12040225
v 0.26552472 0.16000001 0.12040225
v 0.26552472 0.16000001 0.0816125
v 0.32654297 0.16000001 0.09816328
v 0.14813372 0.16342062 0.11819372
v 0.14955474 0.16000001 0.1226337
v 0.15162069 0.16000001 0.11817083
v 0.14323163 0.16494669 0.11820781
v 0.1453744 0.16188706 0.12262073
v 0.1448155 0.16586645 0.11381248
v 0.14931725 0.16346595 0.11381248
v 0.14120568 0.16307206 0.12270096
v 0.14325173 0.16000001 0.12597921
v 0.14647748 0.16000001 0.12516436
v 0.09068315 0.16346595 0.11381248
v 0.01518489 0.16586645 0.11381248
v 0.06931727 0.16346595 0.11381248
v 0.01068313 0.16346595 0.11381248
v 0.14654298 0.16000001 0.12816328
v 0.09940387 0.16000001 0.12609774
v 0.14059652 0.16000001 0.12816328
v 0.14059652 0.16000001 0.12609774
v 0.15234704 0.16000001 0.11381248
v 0.15447567 0.16000001 0.1116125
v 0.08765335 0.16000001 0.11381248
v 0.09676877 0.16494669 0.11820781
v 0.09518489 0.16586645 0.11381248
v 0.09879471 0.16307206 0.12270096
v 0.09044565 0.16000001 0.1226337
v 0.09186667 0.16342062 0.11819372
v 0.09462599 0.16188706 0.12262073
v 0.09674866 0.16000001 0.12597921
v 0.09352292 0.16000001 0.12516436
v 0.08765335 0.16000001 0.1116125
v 0.34000018 0.16000001 0.1116125
v 0.34000018 0.16000001 0.12040225
v 0.00765334 0.16000001 0.11381248
v 0.06654298 0.16000001 0.12816328
v 0.09345742 0.16000001 0.12816328
v 0.06654298 0.16000001 0.06816328
v 0.01676876 0.16494669 0.11820781
v 0.06120567 0.16307206 0.12270096
v 0.06323163 0.16494669 0.11820781
v 0.06813373 0.16342062 0.11819372
v 0.06955476 0.16000001 0.1226337
v 0.0653744 0.16188706 0.12262073
v 0.06481551 0.16586645 0.11381248
v 0.06325175 0.16000001 0.12597921
v 0.06647748 0.16000001 0.12516436
v 0.00837971 0.16000001 0.11817083
v 0.01044564 0.16000001 0.1226337
v 0.01940386 0.16000001 0.12609774
v 0.06059652 0.16000001 0.12816328
v 0.06059652 0.16000001 0.12609774
v 0.09940387 0.16000001 0.12816328
v 0.0134574 0.16000001 0.12816328
v 0.01879473 0.16307206 0.12270096
v 0.01186667 0.16342062 0.11819372
v 0.01462601 0.16188706 0.12262073
v 0.01674865 0.16000001 0.12597921
v 0.0135229 0.16000001 0.12516436
v 0.01940386 0.16000001 0.12816328
v 0.15447567 0.16000001 0.15000001
v 0.0795231 0.16000001 0.14999998
v 0.34000018 0.16000001 0.12816328
v 0.34000018 0.16000001 0.06040224
v 0.34000018 0.16000001 0.06816328
v 0.07234704 0.16000001 0.1116125
v 0.27518487 0.16586645 0.11381248
v 0.32931727 0.16346595 0.11381248
v 0.27068311 0.16346595 0.11381248
v 0.32955474 0.16000001 0.1226337
v 0.33162069 0.16000001 0.11817083
v 0.33234704 0.16000001 0.11381248
v 0.26765332 0.16000001 0.11381248
v 0.27676874 0.16494669 0.11820781
v 0.32120565 0.16307206 0.12270096
v 0.32323164 0.16494669 0.11820781
v 0.3281337 0.16342062 0.11819372
v 0.32537439 0.16188706 0.12262073
v 0.32481551 0.16586645 0.11381248
v 0.32325172 0.16000001 0.12597921
v 0.32647747 0.16000001 0.12516436
v 0.26837969 0.16000001 0.11817083
v 0.27044562 0.16000001 0.1226337
v 0.27940384 0.16000001 0.12609774
v 0.32059652 0.16000001 0.12609774
v 0.27879471 0.16307206 0.12270096
v 0.27186665 0.16342062 0.11819372
v 0.27462599 0.16188706 0.12262073
v 0.27674863 0.16000001 0.12597921
v 0.27352288 0.16000001 0.12516436
v 0.27940384 0.16000001 0.12816328
v 0.15447567 0.16000001 0.06040224
v 0.26552472 0.16000001 0.06816328
v 0.26552472 0.16000001 0.06040224
v 0.26552472 0.16000001 0.1116125
v 0.14813372 0.16342062 0.05819371
v 0.14955474 0.16000001 0.06263369
v 0.15162069 0.16000001 0.05817083
v 0.14323163 0.16494669 0.05820781
v 0.1453744 0.16188706 0.06262073
v 0.1448155 0.16586645 0.05381247
v 0.14931725 0.16346595 0.05381247
v 0.14120568 0.16307206 0.06270096
v 0.14325173 0.16000001 0.06597921
v 0.14647748 0.16000001 0.06516436
v 0.09068315 0.16346595 0.05381247
v 0.01518489 0.16586645 0.05381247
v 0.06931727 0.16346595 0.05381247
v 0.01068313 0.16346595 0.05381247
v 0.14654298 0.16000001 0.06816328
v 0.15447567 0.16000001 0.06816328
v 0.09940387 0.16000001 0.06609774
v 0.14059652 0.16000001 0.06816328
v 0.14059652 0.16000001 0.06609774
v 0.15234704 0.16000001 0.05381247
v 0.08765335 0.16000001 0.05381247
v 0.09676877 0.16494669 0.05820781
v 0.09518489 0.16586645 0.05381247
v 0.09879471 0.16307206 0.06270096
v 0.09044565 0.16000001 0.06263369
v 0.09186667 0.16342062 0.05819371
v 0.08837971 0.16000001 0.05817083
v 0.09462599 0.16188706 0.06262073
v 0.09674866 0.16000001 0.06597921
v 0.09352292 0.16000001 0.06516436
v 0.07234704 0.16000001 0.05381247
v 0.00765334 0.16000001 0.05381247
v 0.09345742 0.16000001 0.06816328
v 0.01676876 0.16494669 0.05820781
v 0.06120567 0.16307206 0.06270096
v 0.06323163 0.16494669 0.05820781
v 0.06813373 0.16342062 0.05819371
v 0.06955476 0.16000001 0.06263369
v 0.07162069 0.16000001 0.05817083
v 0.0653744 0.16188706 0.06262073
v 0.06481551 0.16586645 0.05381247
v 0.06325175 0.16000001 0.06597921
v 0.06647748 0.16000001 0.06516436
v 0.00837971 0.16000001 0.05817083
v 0.01044564 0.16000001 0.06263369
v 0.01940386 0.16000001 0.06609774
v 0.06059652 0.16000001 0.06816328
v 0.06059652 0.16000001 0.06609774
v 0.09940387 0.16000001 0.06816328
v 0.01879473 0.16307206 0.06270096
v 0.01186667 0.16342062 0.05819371
v 0.01462601 0.16188706 0.06262073
v 0.01674865 0.16000001 0.06597921
v 0.0135229 0.16000001 0.06516436
v 0.01940386 0.16000001 0.06816328
v 0.0134574 0.16000001 0.06816328
v 0.34000018 0.16000001 0.0816125
v 0.39862788 0.16000001 0.09005934
v 0.27518487 0.16586645 0.05381247
v 0.32931727 0.16346595 0.05381247
v 0.27068311 0.16346595 0.05381247
v 0.32955474 0.16000001 0.06263369
v 0.33162069 0.16000001 0.05817083
v 0.33234704 0.16000001 0.05381247
v 0.26765332 0.16000001 0.05381247
v 0.27676874 0.16494669 0.05820781
v 0.32120565 0.16307206 0.06270096
v 0.32323164 0.16494669 0.05820781
v 0.3281337 0.16342062 0.05819371
v 0.32537439 0.16188706 0.06262073
v 0.32481551 0.16586645 0.05381247
v 0.32325172 0.16000001 0.06597921
v 0.32647747 0.16000001 0.06516436
v 0.26837969 0.16000001 0.05817083
v 0.27044562 0.16000001 0.06263369
v 0.27940384 0.16000001 0.06609774
v 0.32059652 0.16000001 0.06816328
v 0.32059652 0.16000001 0.06609774
v 0.27879471 0.16307206 0.06270096
v 0.27186665 0.16342062 0.05819371
v 0.27462599 0.16188706 0.06262073
v 0.27674863 0.16000001 0.06597921
v 0.27352288 0.16000001 0.06516436
v 0.27940384 0.16000001 0.06816328
v 0.27345738 0.16000001 0.06816328
v 0.32654297 0.16000001 0.06816328
v 0.26552472 0.1567605 0
v 0.15447576 -0.16999999 0.17000002
v 0.26552474 -0.16999999 0.17000002
v 0.34000018 -0.16999999 0.17000002
v 0.34000018 -0.16999999 0.15000001
v -0.26552472 0.19 0.15000001
v 0 0.19 1.05999994
v 0 0.17 1.05999994
v 0 0.17 1.06999993
v -0.44999999 -0.18933335 1.05500007
v -0.44999999 -0.17 0.155
v -0.44999999 -0.18933335 0.155
v -0.005 -0.17 1.05999994
v -0.44499999 -0.18933333 1.05999994
v -0.005 -0.18933333 1.05999994
v -0.005 -0.19433334 1.05500007
v -0.44499999 -0.19433334 0.155
v -0.005 -0.19433334 0.155
v 0 -0.17 1.05500007
v -0.00146447 -0.18933333 1.05853558
v 0 -0.18933335 1.05500007
v 0 -0.18933335 1.05500007
v 0 -0.16999997 0.155
v 0 -0.18933335 0.155
v 0.44499999 -0.17 1.05999994
v 0.005 -0.18933333 1.05999994
v 0.44499999 -0.18933333 1.05999994
v 0.44499999 -0.19433334 0.155
v 0.005 -0.19433334 1.05500007
v 0.005 -0.19433334 0.155
v 0 -0.18933335 0.155
v 0.44999999 -0.17 0.155
v 0.44999999 -0.18933335 1.05500007
v 0.44999999 -0.18933335 0.155
v -0.005 -0.16999997 0.15000001
v -0.44453794 -0.18990301 0.15000001
v -0.4445557 -0.17 0.15000001
v 0.00211325 -0.19222009 1.05788684
v 0.005 -0.19286886 1.05853558
v 0.00146447 -0.18933333 1.05853558
v 0.00146447 -0.19286887 1.05500007
v 0.005 -0.18988109 0.15000001
v 0.00211319 -0.19233592 0.15211317
v 0.00146447 -0.18960722 0.15146446
v 0.005 -0.19302015 0.15145758
v 0.00146447 -0.19286887 0.155
v -0.44778678 -0.19233838 0.15211317
v -0.44475663 -0.19302626 0.15145731
v -0.44853553 -0.19286887 0.155
v -0.44840589 -0.18960704 0.15147227
v -0.44788671 -0.19222009 1.05788684
v -0.4485355 -0.18933333 1.05853558
v -0.44499999 -0.19433334 1.05500007
v -0.4485355 -0.19286887 1.05500007
v -0.44499996 -0.19286886 1.05853558
v 0.44778675 -0.19233838 0.15211317
v 0.44840589 -0.18960705 0.15147224
v 0.44853553 -0.19286887 0.155
v 0.44788671 -0.19222009 1.05788684
v 0.4485355 -0.19286887 1.05500007
v 0.44453794 -0.18990301 0.15000001
v 0.44475663 -0.19302624 0.15145731
v 0.44499999 -0.19433334 1.05500007
v 0.44499996 -0.19286886 1.05853558
v -0.00211325 -0.19222009 1.05788684
v -0.00146447 -0.19286887 1.05500007
v -0.005 -0.19286886 1.05853558
v -0.005 -0.18988109 0.15000001
v -0.00211325 -0.19233584 0.15211323
v -0.005 -0.19314274 0.15146443
v -0.00146447 -0.18960722 0.15146443
v -0.00146447 -0.19275545 0.15499997
v -0.00146447 -0.16999997 0.15146446
v 0 -0.16999997 0.155
v -0.44840539 -0.17 0.15146446
v -0.44853553 -0.17 1.05853558
v -0.44999999 -0.17 1.05500007
v -0.00146447 -0.17 1.05853558
v 0.005 -0.17 1.05999994
v 0.4445557 -0.17 0.15000001
v 0.44840539 -0.17 0.15146446
v 0.44999999 -0.17 1.05500007
v 0.4485355 -0.18933333 1.05853558
v 0.44853553 -0.17 1.05853558
v 0 -0.17 1.05500007
v 0.005 -0.16999997 0.15000001
v 0.00146447 -0.16999997 0.15146446
v -0.44225711 -0.17393777 0.14197254
v -0.43587846 -0.17501426 0.13802749
v -0.44225711 -0.17393777 0.13802749
v -0.43587846 -0.17501426 0.14197254
v -0.43362144 -0.18107653 0.13802749
v -0.43362144 -0.18107653 0.14197254
v -0.43774301 -0.18606234 0.13802749
v -0.43774301 -0.18606234 0.14197254
v -0.44412163 -0.18498585 0.13802749
v -0.44412163 -0.18498585 0.14197254
v -0.44637868 -0.17892356 0.13802749
v -0.44637868 -0.17892356 0.14197254
v 0.437942 -0.17386733 0.13802749
v 0.44428211 -0.17515139 0.14197254
v 0.44428211 -0.17515139 0.13802749
v 0.43365994 -0.17871599 0.13802749
v 0.437942 -0.17386733 0.14197254
v 0.435718 -0.18484871 0.13802749
v 0.43365994 -0.17871599 0.14197254
v 0.44205809 -0.18613274 0.13802749
v 0.435718 -0.18484871 0.14197254
v 0.44634014 -0.1812841 0.13802749
v 0.44205809 -0.18613274 0.14197254
v 0.44634014 -0.1812841 0.14197254
v 0.44999999 -0.13853119 0.19
v 0.45394504 -0.14176561 0.19560218
v 0.45394504 -0.13853119 0.19
v 0.44999999 -0.14176561 0.19560218
v 0.45394504 -0.14823441 0.19560218
v 0.44999999 -0.14823441 0.19560218
v 0.45394504 -0.15146883 0.19
v 0.44999999 -0.15146883 0.19
v 0.45394504 -0.14823441 0.18439785
v 0.44999999 -0.14823441 0.18439785
v 0.45394504 -0.14176561 0.18439785
v 0.44999999 -0.14176561 0.18439785
v 0.44999999 -0.13897255 0.60781395
v 0.45394504 -0.13995245 0.61420816
v 0.45394504 -0.13897255 0.60781395
v 0.44999999 -0.13995245 0.61420816
v 0.45394504 -0.1459799 0.61655664
v 0.44999999 -0.1459799 0.61655664
v 0.45394504 -0.15102747 0.61251092
v 0.44999999 -0.15102747 0.61251092
v 0.45394504 -0.15004757 0.60611677
v 0.44999999 -0.15004757 0.60611677
v 0.45394504 -0.14402011 0.60376829
v 0.44999999 -0.14402011 0.60376829
v 0.44999999 -0.14533707 1.03678489
v 0.45394504 -0.15076308 1.03326297
v 0.45394504 -0.14533707 1.03678489
v 0.44999999 -0.15076308 1.03326297
v 0.45394504 -0.15042596 1.02680302
v 0.44999999 -0.15042596 1.02680302
v 0.45394504 -0.14466283 1.02386498
v 0.44999999 -0.14466283 1.02386498
v 0.45394504 -0.13923688 1.0273869
v 0.44999999 -0.13923688 1.0273869
v 0.45394504 -0.13957401 1.03384686
v 0.44999999 -0.13957401 1.03384686
v -0.45394504 -0.14176562 0.19560218
v -0.44999999 -0.13853121 0.19
v -0.45394504 -0.13853121 0.19
v -0.45394504 -0.14823443 0.19560218
v -0.44999999 -0.14176562 0.19560218
v -0.45394504 -0.15146884 0.19
v -0.44999999 -0.14823443 0.19560218
v -0.45394504 -0.14823443 0.18439785
v -0.44999999 -0.15146884 0.19
v -0.45394504 -0.14176562 0.18439785
v -0.44999999 -0.14823443 0.18439785
v -0.44999999 -0.14176562 0.18439785
v -0.45394504 -0.13995247 0.6142081
v -0.44999999 -0.13897257 0.60781395
v -0.45394504 -0.13897257 0.60781395
v -0.45394504 -0.14597991 0.61655658
v -0.44999999 -0.13995247 0.6142081
v -0.45394504 -0.15102749 0.61251092
v -0.44999999 -0.14597991 0.61655658
v -0.45394504 -0.15004759 0.60611671
v -0.44999999 -0.15102749 0.61251092
v -0.45394504 -0.14402013 0.60376823
v -0.44999999 -0.15004759 0.60611671
v -0.44999999 -0.14402013 0.60376823
v -0.45394504 -0.15076309 1.03326297
v -0.44999999 -0.14533709 1.03678489
v -0.45394504 -0.14533709 1.03678489
v -0.45394504 -0.15042597 1.0268029
v -0.44999999 -0.15076309 1.03326297
v -0.45394504 -0.14466284 1.02386487
v -0.44999999 -0.15042597 1.0268029
v -0.45394504 -0.1392369 1.0273869
v -0.44999999 -0.14466284 1.02386487
v -0.45394504 -0.13957402 1.03384686
v -0.44999999 -0.1392369 1.0273869
v -0.44999999 -0.13957402 1.03384686
v -0.45400003 0 1.12033343
v 6E-08 -0.20404096 1.09636664
v 6E-08 0 1.12033343
v 0.45400015 0 1.12033343
v 6E-08 -0.20999999 1.0896666
v -0.45400003 -0.20999999 1.074
v 6E-08 -0.20999999 1.074
v 0.45585734 0 1.06800008
v 0.42736226 -0.15599011 1.06800008
v 0.42736226 0 1.06800008
v 0.42736226 0.15599011 1.06800008
v 6E-08 0.20293665 1.06800008
v 0.4559316 0.20289412 1.06800008
v -0.42736214 -0.15599011 1.06800008
v -0.45585722 0 1.06800008
v -0.42736214 0 1.06800008
v 6E-08 -0.20293665 1.06800008
v 6E-08 -0.15599011 1.06800008
v 0.45400015 -0.20999999 1.074
v 6E-08 0.20404096 1.09636664
v -0.42736214 0.15599011 1.06800008
v 6E-08 0.15599011 1.06800008
v 6E-08 0.20999999 1.0896666
v 0.45400015 0.20999999 1.074
v 6E-08 0.20999999 1.074
v -0.46000004 0 1.074
v -0.46000004 0.204 1.09033012
v -0.46000004 0.204 1.074
v 0.46000016 0 1.074
v 0.46000016 -0.204 1.09033012
v 0.46000016 -0.204 1.074
v 0.46000016 0.204 1.09033012
v 0.46000016 0.204 1.074
v -0.45400003 0.20999999 1.074
v -0.46000004 -0.204 1.09033012
v -0.4574641 -0.20747274 1.09341884
v -0.45824265 -0.20402047 1.09459102
v -0.45400003 -0.20999999 1.0896666
v -0.45824265 -0.20823415 1.08985353
v -0.45400003 -0.20404096 1.09636664
v -0.454 -0.20826311 1.09412193
v -0.46000004 -0.204 1.074
v -0.45785847 -0.20721288 1.0705359
v -0.45824265 -0.20824262 1.074
v -0.45593148 -0.20289412 1.06800008
v -0.45878118 -0.20335659 1.06973064
v -0.45489416 -0.2079327 1.0697751
v 0.45746422 -0.20747274 1.09341884
v 0.45824277 -0.20823415 1.08985353
v 0.45400015 -0.20404096 1.09636664
v 0.45824277 -0.20402047 1.09459102
v 0.45400015 -0.20999999 1.0896666
v 0.45400012 -0.20826311 1.09412193
v 0.45785859 -0.20721288 1.0705359
v 0.45878127 -0.20335661 1.06973064
v 0.45489427 -0.2079327 1.0697751
v 0.45824277 -0.20824262 1.074
v 0.4559316 -0.20289412 1.06800008
v -0.4574641 0.20747274 1.09341884
v -0.45824265 0.20823415 1.08985353
v -0.45400003 0.20404096 1.09636664
v -0.45824265 0.20402047 1.09459102
v -0.45400003 0.20999999 1.0896666
v -0.454 0.20826311 1.09412193
v -0.45785847 0.20721288 1.0705359
v -0.45878115 0.20335661 1.06973064
v -0.45489416 0.2079327 1.0697751
v -0.45824265 0.20824262 1.074
v -0.45593148 0.20289412 1.06800008
v 0.45746422 0.20747274 1.09341884
v 0.45824277 0.20402047 1.09459102
v 0.45400015 0.20999999 1.0896666
v 0.45824277 0.20823415 1.08985353
v 0.45400015 0.20404096 1.09636664
v 0.45400012 0.20826311 1.09412193
v 0.45785859 0.20721288 1.0705359
v 0.45824277 0.20824262 1.074
v 0.4587813 0.20335659 1.06973064
v 0.45489427 0.2079327 1.0697751
v 6E-08 -0.20825464 1.0941143
v 6E-08 -0.20793118 1.06975746
v -0.45824265 0 1.11856413
v -0.46000004 0 1.11429214
v -0.45878664 0 1.06975746
v 0.46000016 0 1.11429214
v 0.45824277 0 1.11856413
v 0.45878676 0 1.06975746
v 6E-08 0.20825464 1.0941143
v 6E-08 0.20793118 1.06975746
v 0.45000005 -0.17 0.14999992
v 0.42999998 -0.17 1.06000018
v 0.42999998 -0.17 0.14999992
v 0.44 -0.18326227 1.06800008
v 0.43673772 -0.19 1.06800008
v 0.44326234 -0.19 1.06800008
v 0.42999998 -0.12376264 0.14200002
v 0.42999998 -0.17 0.14200002
v 0.44453385 -0.12466182 0.14200002
v 0.45000005 -0.17 0.14200002
v 0.44 -0.17 0.14200002
v 0.44 -0.18326227 0.14200002
v 0.43673772 -0.19 0.14200002
v 0.43197346 -0.18802658 0.14200002
v 0.45000005 -0.125 1.06800008
v 0.45000005 -0.17 1.06800008
v 0.45000005 -0.17 1.06000018
v 0.43999976 -0.18326227 1.06000018
v 0.44326234 -0.19 1.06000018
v 0.43673772 -0.19 1.06000018
v 0.45000005 -0.18326227 0.14200002
v 0.42999998 -0.18326227 1.06000018
v 0.42999998 -0.17 1.06800008
v 0.44802663 -0.18802658 0.14200002
v 0.45000005 -0.125 0.14200002
v 0.44000024 -0.18326227 0.14999992
v 0.43673772 -0.19 0.14999992
v 0.44326234 -0.19 0.14999992
v 0.42999998 -0.18326227 0.14999992
v 0.44326234 -0.19 0.14200002
v 0.42999998 -0.12658943 0.15658936
v 0.42999998 -0.12 0.14200002
v 0.42999998 -0.15341057 1.06141067
v 0.42999998 -0.15341057 1.05341077
v 0.43197346 -0.18802658 1.06800008
v 0.44853559 -0.12146447 0.14200002
v 0.42999998 -0.16341057 1.05341077
v 0.42999998 -0.18326227 1.06800008
v 0.44802663 -0.18802658 1.06800008
v 0.44500005 -0.12 0.14200002
v 0.42999998 -0.12 1.06800008
v 0.44500005 -0.12 1.06800008
v 0.42999998 -0.18326227 0.14200002
v 0.44449645 -0.12503608 1.06800008
v 0.42999998 -0.1251311 1.06800008
v 0.45000005 -0.18326227 1.06800008
v 0.44802663 -0.18802658 1.06000018
v 0.45000005 -0.18326227 1.06000018
v 0.43197346 -0.18802658 1.06000018
v 0.44802663 -0.18802658 0.14999992
v 0.45000005 -0.18326227 0.14999992
v 0.43197346 -0.18802658 0.14999992
v 0.44 -0.17 1.06800008
v 0.44853559 -0.12146447 1.06800008
v 0.42999998 -0.12658943 1.06141067
v 0.42999998 -0.16341057 0.15658936
v -0.42999998 -0.17 1.06000018
v -0.45000005 -0.17 0.14999992
v -0.42999998 -0.17 0.14999992
v -0.44 -0.18326227 1.06800008
v -0.44326234 -0.19 1.06800008
v -0.43673772 -0.19 1.06800008
v -0.42999998 -0.12376264 0.14200002
v -0.42999998 -0.17 0.14200002
v -0.44453385 -0.12466182 0.14200002
v -0.45000005 -0.17 0.14200002
v -0.45000005 -0.125 0.14200002
v -0.44 -0.18326227 0.14200002
v -0.43197346 -0.18802658 0.14200002
v -0.43673772 -0.19 0.14200002
v -0.45000005 -0.125 1.06800008
v -0.45000005 -0.17 1.06000018
v -0.45000005 -0.17 1.06800008
v -0.43999976 -0.18326227 1.06000018
v -0.43673772 -0.19 1.06000018
v -0.44326234 -0.19 1.06000018
v -0.45000005 -0.18326227 0.14200002
v -0.42999998 -0.17 1.06800008
v -0.42999998 -0.18326227 1.06000018
v -0.44802663 -0.18802658 0.14200002
v -0.44000024 -0.18326227 0.14999992
v -0.44326234 -0.19 0.14999992
v -0.43673772 -0.19 0.14999992
v -0.42999998 -0.18326227 0.14999992
v -0.44326234 -0.19 0.14200002
v -0.42999998 -0.12 0.14200002
v -0.42999998 -0.12658943 0.15658936
v -0.42999998 -0.15341057 1.06141067
v -0.42999998 -0.15341057 1.05341077
v -0.43197346 -0.18802658 1.06800008
v -0.44853559 -0.12146447 0.14200002
v -0.42999998 -0.16341057 0.15658936
v -0.42999998 -0.16341057 1.05341077
v -0.42999998 -0.18326227 1.06800008
v -0.44802663 -0.18802658 1.06800008
v -0.42999998 -0.12 1.06800008
v -0.44500005 -0.12 0.14200002
v -0.44500005 -0.12 1.06800008
v -0.42999998 -0.18326227 0.14200002
v -0.44449645 -0.12503608 1.06800008
v -0.44802663 -0.18802658 1.06000018
v -0.45000005 -0.18326227 1.06800008
v -0.45000005 -0.18326227 1.06000018
v -0.43197346 -0.18802658 1.06000018
v -0.44802663 -0.18802658 0.14999992
v -0.45000005 -0.18326227 0.14999992
v -0.43197346 -0.18802658 0.14999992
v -0.44 -0.17 1.06800008
v -0.44853559 -0.12146447 1.06800008
v -0.42999998 -0.1251311 1.06800008
v -0.42999998 -0.12658943 1.06141067
v -0.44 -0.17 0.14200002
v 0.04614471 -0.20600002 0.59700006
v 0.04733109 -0.20375003 0.60142767
v 0.04614471 -0.20375003 0.59700006
v 0.04733109 -0.20600002 0.60142767
v 0.05057235 -0.20375003 0.60466892
v 0.055 -0.20600002 0.60585535
v 0.055 -0.20375003 0.60588187
v 0.05942763 -0.20375003 0.60466892
v 0.05942763 -0.20600002 0.60466892
v 0.06266889 -0.20375003 0.60142767
v 0.06266889 -0.20600002 0.60142767
v 0.06385527 -0.20375003 0.597
v 0.06385527 -0.20600002 0.597
v 0.0626689 -0.20375003 0.59257233
v 0.0626689 -0.20600002 0.59257233
v 0.05942764 -0.20375003 0.58933109
v 0.055 -0.20600002 0.58814472
v 0.055 -0.20375003 0.58811814
v 0.05057237 -0.20375003 0.58933109
v 0.05057237 -0.20600002 0.58933109
v 0.04733111 -0.20375003 0.59257233
v 0.04733111 -0.20600002 0.59257233
v 0.04760749 -0.20709565 0.59633499
v 0.0485141 -0.20701583 0.59272963
v 0.04851409 -0.21552165 0.58832765
v 0.04851408 -0.20600002 0.60074466
v 0.05057235 -0.20600002 0.60466892
v 0.055 -0.20600002 0.60448933
v 0.05125536 -0.20600002 0.60348594
v 0.05874464 -0.20600002 0.60348594
v 0.05175705 -0.21552165 0.58832765
v 0.05131068 -0.20704979 0.59027302
v 0.055 -0.20705855 0.58937919
v 0.06148591 -0.206 0.60074461
v 0.05824295 -0.206 0.60074461
v 0.05175705 -0.206 0.60074461
v 0.05910069 -0.20600002 0.58989739
v 0.05942764 -0.20600002 0.58933109
v 0.04679862 -0.20600002 0.597
v 0.04789741 -0.20600002 0.59289932
v 0.06148591 -0.2203093 0.52440751
v 0.04851409 -0.222 0.52886957
v 0.04851409 -0.2203093 0.52440751
v 0.05089932 -0.20600002 0.58989739
v 0.06148591 -0.21296382 0.52639109
v 0.04851409 -0.21581784 0.52813029
v 0.06148591 -0.21581784 0.52813029
v 0.04851409 -0.2191965 0.59188265
v 0.04665383 -0.19358926 0.51617122
v 0.06148591 -0.19696678 0.51838636
v 0.04851409 -0.19696678 0.51838636
v 0.06148591 -0.222 0.58662301
v 0.04851409 -0.22117887 0.5895623
v 0.04851409 -0.222 0.58662301
v 0.04851409 -0.21656701 0.58710408
v 0.04851409 -0.21700001 0.53125644
v 0.06148591 -0.21656701 0.58710408
v 0.06148591 -0.22117887 0.5895623
v 0.05824295 -0.21552165 0.58832765
v 0.06148591 -0.21552165 0.58832765
v 0.06148591 -0.2191965 0.59188265
v 0.06334617 -0.19358926 0.52401161
v 0.06148591 -0.19654487 0.52330548
v 0.04665383 -0.19358926 0.52401161
v 0.06148591 -0.21622761 0.52193612
v 0.04851409 -0.21622761 0.52193612
v 0.06148591 -0.21700001 0.58555412
v 0.06148591 -0.21700001 0.53125644
v 0.06148591 -0.222 0.52886957
v 0.04851409 -0.21296382 0.52639109
v 0.04851409 -0.19654487 0.52330548
v 0.06148591 -0.20701583 0.59272963
v 0.0623925 -0.20709565 0.59633499
v 0.055 -0.206 0.60074461
v 0.055 -0.20600002 0.58879864
v 0.04851409 -0.21700001 0.58555412
v 0.0621026 -0.20600002 0.59289932
v 0.06320136 -0.20600002 0.597
v 0.05868933 -0.20704979 0.59027302
v 0.03610961 -0.19399999 0.63
v 0.04200001 -0.19950004 0.63
v 0.04200001 -0.19399999 0.63
v 0.08000001 -0.19950004 0.6238904
v 0.07821055 -0.19950004 0.62821054
v 0.06798055 -0.19950004 0.61700004
v 0.03 -0.19950004 0.6238904
v 0.03 -0.19415 0.61700004
v 0.03 -0.19950004 0.61700004
v 0.06800001 -0.19399999 0.63
v 0.0738904 -0.19950004 0.63
v 0.0738904 -0.19399999 0.63
v 0.05500001 -0.19950004 0.63
v 0.05500001 -0.19399999 0.63
v 0.05500001 -0.19950004 0.56999999
v 0.05500001 -0.19950004 0.58400005
v 0.04851948 -0.19950004 0.58577538
v 0.08000001 -0.19415 0.61700004
v 0.08000001 -0.19950004 0.61700004
v 0.06523727 -0.20400001 0.63
v 0.06800001 -0.19950004 0.63
v 0.0738904 -0.19450004 0.56999999
v 0.05500001 -0.19450004 0.56999999
v 0.04201948 -0.19950004 0.61700004
v 0.03610961 -0.19950004 0.63
v 0.06382594 -0.20400001 0.59190434
v 0.06519578 -0.20400001 0.59699994
v 0.06307641 -0.20400001 0.59699994
v 0.04476275 -0.20400001 0.63
v 0.05500001 -0.20400001 0.63
v 0.05780143 -0.2 0.6121639
v 0.05500001 -0.19700001 0.61699998
v 0.05500001 -0.2 0.61138111
v 0.05500001 -0.20400001 0.61138111
v 0.05060462 -0.20400001 0.59699994
v 0.05500001 -0.20400001 0.597
v 0.05939541 -0.20400001 0.59699994
v 0.06009439 -0.20400001 0.58817625
v 0.0461741 -0.20400001 0.59190434
v 0.04692363 -0.20400001 0.59699994
v 0.04480426 -0.20400001 0.59699994
v 0.05983613 -0.20400001 0.61980146
v 0.0606189 -0.20400001 0.61700004
v 0.06521653 -0.20400001 0.61700004
v 0.03610961 -0.19950004 0.56999999
v 0.08000001 -0.19950004 0.5905
v 0.08000001 -0.1944564 0.57610959
v 0.08000001 -0.19435003 0.5905
v 0.05780143 -0.20400001 0.6121639
v 0.08000001 -0.19950004 0.57610959
v 0.06622463 -0.19950004 0.59051943
v 0.04377541 -0.19950004 0.59051943
v 0.03 -0.19950004 0.57610959
v 0.03178947 -0.19950004 0.57178944
v 0.08000001 -0.19950004 0.597
v 0.03 -0.19950004 0.597
v 0.03 -0.19435003 0.5905
v 0.03 -0.19950004 0.5905
v 0.0738904 -0.19950004 0.56999999
v 0.07821055 -0.19950004 0.57178944
v 0.06148055 -0.19950004 0.58577538
v 0.04203895 -0.19950004 0.59699994
v 0.06796109 -0.19950004 0.59699994
v 0.0447835 -0.20400001 0.61700004
v 0.05983613 -0.20400001 0.61419863
v 0.05500002 -0.20400001 0.58681202
v 0.05219859 -0.20400001 0.62183613
v 0.08000001 -0.19430003 0.597
v 0.03 -0.19430003 0.597
v 0.05500001 -0.2 0.62261891
v 0.05780143 -0.2 0.62183613
v 0.0606189 -0.2 0.61700004
v 0.05983613 -0.2 0.61419863
v 0.05983613 -0.2 0.61980146
v 0.04938111 -0.2 0.61700004
v 0.05016389 -0.2 0.61980146
v 0.05219859 -0.2 0.62183613
v 0.05219859 -0.2 0.6121639
v 0.05016389 -0.2 0.61419863
v 0.05219859 -0.20400001 0.6121639
v 0.05016389 -0.20400001 0.61419863
v 0.04938111 -0.20400001 0.61700004
v 0.05016389 -0.20400001 0.61980146
v 0.05500001 -0.20400001 0.62261891
v 0.05780143 -0.20400001 0.62183613
v 0.04990564 -0.20400001 0.58817625
v 0.03610961 -0.19450004 0.56999999
v 0.03178947 -0.19448726 0.57178944
v 0.03 -0.1944564 0.57610959
v 0.03178947 -0.19402064 0.62821054
v 0.03178947 -0.19950004 0.62821054
v 0.03 -0.19407049 0.6238904
v 0.07821055 -0.19448726 0.57178944
v 0.07821055 -0.19402064 0.62821054
v 0.08000001 -0.19407049 0.6238904
v 0.036 -0.20121938 0.62776703
v 0.03871876 -0.19900002 0.6267187
v 0.036 -0.19900002 0.62784487
v 0.03976707 -0.20121938 0.62399995
v 0.03984492 -0.19900002 0.62399995
v 0.03871876 -0.19900002 0.62128121
v 0.036 -0.20121938 0.62023288
v 0.036 -0.19900002 0.62015504
v 0.03333629 -0.20121938 0.62133622
v 0.03328124 -0.19900002 0.62128121
v 0.03215509 -0.19900002 0.62399995
v 0.036 -0.2013481 0.62399995
v 0.03333629 -0.20121938 0.62666368
v 0.03328124 -0.19900002 0.6267187
v 0.03866372 -0.20121938 0.62133622
v 0.03866372 -0.20121938 0.62666368
v 0.074 -0.19900002 0.62784487
v 0.07133628 -0.20121938 0.62666368
v 0.074 -0.20121938 0.62776703
v 0.07128124 -0.19900002 0.6267187
v 0.07023294 -0.20121938 0.62399995
v 0.07128124 -0.19900002 0.62128121
v 0.07015509 -0.19900002 0.62399995
v 0.074 -0.19900002 0.62015504
v 0.07133628 -0.20121938 0.62133622
v 0.07666372 -0.20121938 0.62133622
v 0.074 -0.20121938 0.62023288
v 0.07671876 -0.19900002 0.62128121
v 0.07776707 -0.20121938 0.62399995
v 0.074 -0.2013481 0.62399995
v 0.07671876 -0.19900002 0.6267187
v 0.07784492 -0.19900002 0.62399995
v 0.07666372 -0.20121938 0.62666368
v 0.036 -0.19900002 0.57215518
v 0.03866372 -0.20121938 0.57333636
v 0.036 -0.20121938 0.57223302
v 0.03871876 -0.19900002 0.57328135
v 0.03976707 -0.20121938 0.57600009
v 0.03871876 -0.19900002 0.57871884
v 0.03984492 -0.19900002 0.57600009
v 0.036 -0.19900002 0.57984501
v 0.03866372 -0.20121938 0.57866383
v 0.03333629 -0.20121938 0.57866383
v 0.036 -0.20121938 0.57976717
v 0.03215509 -0.19900002 0.57600009
v 0.03328124 -0.19900002 0.57871884
v 0.036 -0.2013481 0.57600009
v 0.03223293 -0.20121938 0.57600009
v 0.03333629 -0.20121938 0.57333636
v 0.03328124 -0.19900002 0.57328135
v 0.074 -0.19900002 0.57215518
v 0.07133628 -0.20121938 0.57333636
v 0.07128124 -0.19900002 0.57328135
v 0.07023294 -0.20121938 0.57600009
v 0.07015509 -0.19900002 0.57600009
v 0.07128124 -0.19900002 0.57871884
v 0.07133628 -0.20121938 0.57866383
v 0.074 -0.19900002 0.57984501
v 0.074 -0.20121938 0.57976717
v 0.07671876 -0.19900002 0.57871884
v 0.07776707 -0.20121938 0.57600009
v 0.07784492 -0.19900002 0.57600009
v 0.074 -0.2013481 0.57600009
v 0.07666372 -0.20121938 0.57866383
v 0.07671876 -0.19900002 0.57328135
v 0.07666372 -0.20121938 0.57333636
v 0.074 -0.20121938 0.57223302
v 0.036 -0.19625282 0.19376707
v 0.03871876 -0.19403346 0.19271877
v 0.036 -0.19403346 0.19384491
v 0.03866372 -0.19625282 0.19266373
v 0.03984492 -0.19403346 0.19
v 0.03976707 -0.19625282 0.19
v 0.03871876 -0.19403346 0.18728125
v 0.03866372 -0.19625282 0.1873363
v 0.036 -0.19403346 0.18615508
v 0.03333629 -0.19625282 0.1873363
v 0.03328124 -0.19403346 0.18728125
v 0.03223293 -0.19625282 0.19
v 0.03215509 -0.19403346 0.19
v 0.036 -0.19638154 0.19
v 0.036 -0.19625282 0.18623292
v 0.03333629 -0.19625282 0.19266373
v 0.03328124 -0.19403346 0.19271877
v 0.036 -0.19403347 0.33226174
v 0.03866372 -0.19625284 0.33108056
v 0.03871876 -0.19403347 0.33113557
v 0.03984492 -0.19403347 0.32841682
v 0.03866372 -0.19625284 0.32575309
v 0.03871876 -0.19403347 0.32569808
v 0.036 -0.19625284 0.32464975
v 0.036 -0.19403347 0.32457191
v 0.03333629 -0.19625284 0.32575309
v 0.03328124 -0.19403347 0.32569808
v 0.03215509 -0.19403347 0.32841682
v 0.036 -0.19638154 0.32841682
v 0.03223293 -0.19625284 0.32841682
v 0.03328124 -0.19403347 0.33113557
v 0.03333629 -0.19625284 0.33108056
v 0.03976707 -0.19625284 0.32841682
v 0.036 -0.19625284 0.3321839
v 0.036 -0.19625284 0.47060072
v 0.03871876 -0.19403347 0.46955243
v 0.036 -0.19403347 0.47067857
v 0.03866372 -0.19625284 0.46949738
v 0.03984492 -0.19403347 0.46683365
v 0.03866372 -0.19625284 0.46416995
v 0.03871876 -0.19403347 0.4641149
v 0.036 -0.19625284 0.46306658
v 0.036 -0.19403347 0.46298873
v 0.03333629 -0.19625284 0.46416995
v 0.03328124 -0.19403347 0.4641149
v 0.03223293 -0.19625284 0.46683365
v 0.03215509 -0.19403347 0.46683365
v 0.036 -0.19638155 0.46683365
v 0.03333629 -0.19625284 0.46949738
v 0.03328124 -0.19403347 0.46955243
v 0.03976707 -0.19625284 0.46683365
v 0.07406463 -0.19403346 0.19384491
v 0.07672835 -0.19625282 0.19266373
v 0.0767834 -0.19403346 0.19271877
v 0.0778317 -0.19625282 0.19
v 0.07790954 -0.19403346 0.19
v 0.07672835 -0.19625282 0.1873363
v 0.0767834 -0.19403346 0.18728125
v 0.07406463 -0.19625282 0.18623292
v 0.07406463 -0.19403346 0.18615508
v 0.07140092 -0.19625282 0.1873363
v 0.07134587 -0.19403346 0.18728125
v 0.07021973 -0.19403346 0.19
v 0.07406463 -0.19638154 0.19
v 0.07029757 -0.19625282 0.19
v 0.07134587 -0.19403346 0.19271877
v 0.07406463 -0.19625282 0.19376707
v 0.07140092 -0.19625282 0.19266373
v 0.07406463 -0.19403347 0.33226174
v 0.07672835 -0.19625284 0.33108056
v 0.0767834 -0.19403347 0.33113557
v 0.0778317 -0.19625284 0.32841682
v 0.07790954 -0.19403347 0.32841682
v 0.0767834 -0.19403347 0.32569808
v 0.07406463 -0.19625284 0.32464975
v 0.07406463 -0.19403347 0.32457191
v 0.07140092 -0.19625284 0.32575309
v 0.07134587 -0.19403347 0.32569808
v 0.07029757 -0.19625284 0.32841682
v 0.07021973 -0.19403347 0.32841682
v 0.07406463 -0.19638154 0.32841682
v 0.07134587 -0.19403347 0.33113557
v 0.07140092 -0.19625284 0.33108056
v 0.07672835 -0.19625284 0.32575309
v 0.07406463 -0.19625284 0.3321839
v 0.07406463 -0.19403347 0.47067857
v 0.07672835 -0.19625284 0.46949738
v 0.0767834 -0.19403347 0.46955243
v 0.0778317 -0.19625284 0.46683365
v 0.07790954 -0.19403347 0.46683365
v 0.0767834 -0.19403347 0.4641149
v 0.07406463 -0.19625284 0.46306658
v 0.07406463 -0.19403347 0.46298873
v 0.07140092 -0.19625284 0.46416995
v 0.07134587 -0.19403347 0.4641149
v 0.07029757 -0.19625284 0.46683365
v 0.07021973 -0.19403347 0.46683365
v 0.07406463 -0.19638155 0.46683365
v 0.07140092 -0.19625284 0.46949738
v 0.07134587 -0.19403347 0.46955243
v 0.07672835 -0.19625284 0.46416995
v 0.07406463 -0.19625284 0.47060072
v 0.036 -0.19625284 0.66376704
v 0.03871876 -0.19403347 0.66271877
v 0.036 -0.19403347 0.66384488
v 0.03866372 -0.19625284 0.6626637
v 0.03984492 -0.19403347 0.65999997
v 0.03976707 -0.19625284 0.65999997
v 0.03871876 -0.19403347 0.65728122
v 0.036 -0.19625284 0.65623289
v 0.036 -0.19403347 0.65615505
v 0.03333629 -0.19625284 0.65733624
v 0.03328124 -0.19403347 0.65728122
v 0.03223293 -0.19625284 0.65999997
v 0.03215509 -0.19403347 0.65999997
v 0.036 -0.19638154 0.65999997
v 0.03333629 -0.19625284 0.6626637
v 0.03328124 -0.19403347 0.66271877
v 0.03866372 -0.19625284 0.65733624
v 0.036 -0.19403347 0.7407431
v 0.03866372 -0.19625284 0.73956192
v 0.03871876 -0.19403347 0.73961699
v 0.03984492 -0.19403347 0.73689824
v 0.03866372 -0.19625284 0.73423451
v 0.03871876 -0.19403347 0.73417944
v 0.036 -0.19403347 0.73305327
v 0.03333629 -0.19625284 0.73423451
v 0.03328124 -0.19403347 0.73417944
v 0.03215509 -0.19403347 0.73689824
v 0.036 -0.19638155 0.73689824
v 0.036 -0.19625284 0.73313111
v 0.03333629 -0.19625284 0.73956192
v 0.03328124 -0.19403347 0.73961699
v 0.03976707 -0.19625284 0.73689824
v 0.036 -0.19625284 0.74066526
v 0.036 -0.19625284 0.81756353
v 0.03871876 -0.19403347 0.81651521
v 0.036 -0.19403347 0.81764138
v 0.03976707 -0.19625284 0.81379646
v 0.03984492 -0.19403347 0.81379646
v 0.03866372 -0.19625284 0.81113273
v 0.03871876 -0.19403347 0.81107765
v 0.036 -0.19625284 0.81002939
v 0.036 -0.19403347 0.80995154
v 0.03333629 -0.19625284 0.81113273
v 0.03328124 -0.19403347 0.81107765
v 0.03215509 -0.19403347 0.81379646
v 0.036 -0.19638155 0.81379646
v 0.03223293 -0.19625284 0.81379646
v 0.03328124 -0.19403347 0.81651521
v 0.03333629 -0.19625284 0.81646019
v 0.03866372 -0.19625284 0.81646019
v 0.07406463 -0.19625284 0.66376704
v 0.0767834 -0.19403347 0.66271877
v 0.07406463 -0.19403347 0.66384488
v 0.07672835 -0.19625284 0.6626637
v 0.07790954 -0.19403347 0.65999997
v 0.0778317 -0.19625284 0.65999997
v 0.0767834 -0.19403347 0.65728122
v 0.07672835 -0.19625284 0.65733624
v 0.07406463 -0.19403347 0.65615505
v 0.07406463 -0.19625284 0.65623289
v 0.07134587 -0.19403347 0.65728122
v 0.07029757 -0.19625284 0.65999997
v 0.07021973 -0.19403347 0.65999997
v 0.07406463 -0.19638154 0.65999997
v 0.07140092 -0.19625284 0.65733624
v 0.07140092 -0.19625284 0.6626637
v 0.07134587 -0.19403347 0.66271877
v 0.07406463 -0.19403347 0.7407431
v 0.07672835 -0.19625284 0.73956192
v 0.0767834 -0.19403347 0.73961699
v 0.07790954 -0.19403347 0.73689824
v 0.07672835 -0.19625284 0.73423451
v 0.0767834 -0.19403347 0.73417944
v 0.07406463 -0.19403347 0.73305327
v 0.07140092 -0.19625284 0.73423451
v 0.07134587 -0.19403347 0.73417944
v 0.07021973 -0.19403347 0.73689824
v 0.07406463 -0.19638155 0.73689824
v 0.07406463 -0.19625284 0.73313111
v 0.07140092 -0.19625284 0.73956192
v 0.07134587 -0.19403347 0.73961699
v 0.0778317 -0.19625284 0.73689824
v 0.07406463 -0.19625284 0.74066526
v 0.07406463 -0.19625284 0.81756353
v 0.0767834 -0.19403347 0.81651521
v 0.07406463 -0.19403347 0.81764138
v 0.07672835 -0.19625284 0.81646019
v 0.07790954 -0.19403347 0.81379646
v 0.0778317 -0.19625284 0.81379646
v 0.0767834 -0.19403347 0.81107765
v 0.07672835 -0.19625284 0.81113273
v 0.07406463 -0.19403347 0.80995154
v 0.07140092 -0.19625284 0.81113273
v 0.07134587 -0.19403347 0.81107765
v 0.07029757 -0.19625284 0.81379646
v 0.07021973 -0.19403347 0.81379646
v 0.07406463 -0.19638155 0.81379646
v 0.07406463 -0.19625284 0.81002939
v 0.07134587 -0.19403347 0.81651521
v 0.07140092 -0.19625284 0.81646019
v 0.036 -0.19625284 1.00376701
v 0.03871876 -0.19403347 1.00271869
v 0.036 -0.19403347 1.00384498
v 0.03976707 -0.19625284 1
v 0.03984492 -0.19403347 1
v 0.03871876 -0.19403347 0.99728125
v 0.03866372 -0.19625284 0.99733627
v 0.036 -0.19403347 0.99615508
v 0.03333629 -0.19625284 0.99733627
v 0.03328124 -0.19403347 0.99728125
v 0.03223293 -0.19625284 1
v 0.03215509 -0.19403347 1
v 0.036 -0.19638154 1
v 0.036 -0.19625284 0.99623293
v 0.03328124 -0.19403347 1.00271869
v 0.03333629 -0.19625284 1.00266373
v 0.03866372 -0.19625284 1.00266373
v 0.07829404 -0.19625284 1.00376701
v 0.0810128 -0.19403347 1.00271869
v 0.07829404 -0.19403347 1.00384498
v 0.08206111 -0.19625284 1
v 0.08213896 -0.19403347 1
v 0.0810128 -0.19403347 0.99728125
v 0.08095776 -0.19625284 0.99733627
v 0.07829404 -0.19403347 0.99615508
v 0.07563032 -0.19625284 0.99733627
v 0.07557528 -0.19403347 0.99728125
v 0.07452697 -0.19625284 1
v 0.07444912 -0.19403347 1
v 0.07829404 -0.19638154 1
v 0.07829404 -0.19625284 0.99623293
v 0.07557528 -0.19403347 1.00271869
v 0.07563032 -0.19625284 1.00266373
v 0.08095776 -0.19625284 1.00266373
v 0.22 -0.19625284 0.72376704
v 0.22271876 -0.19403347 0.72271872
v 0.22 -0.19403347 0.72384489
v 0.22266372 -0.19625284 0.7226637
v 0.22384492 -0.19403347 0.71999997
v 0.22266372 -0.19625284 0.71733624
v 0.22271876 -0.19403347 0.71728122
v 0.22 -0.19625284 0.7162329
v 0.22 -0.19403347 0.71615505
v 0.21728124 -0.19403347 0.71728122
v 0.21623293 -0.19625284 0.71999997
v 0.21615508 -0.19403347 0.71999997
v 0.22 -0.19638155 0.71999997
v 0.21733628 -0.19625284 0.71733624
v 0.21728124 -0.19403347 0.72271872
v 0.21733628 -0.19625284 0.7226637
v 0.22376707 -0.19625284 0.71999997
v 0.22 -0.19625284 0.76990598
v 0.22271876 -0.19403347 0.76885766
v 0.22 -0.19403347 0.76998383
v 0.22376707 -0.19625284 0.76613891
v 0.22384492 -0.19403347 0.76613891
v 0.22271876 -0.19403347 0.76342016
v 0.22266372 -0.19625284 0.76347518
v 0.22 -0.19403347 0.76229399
v 0.21733628 -0.19625284 0.76347518
v 0.21728124 -0.19403347 0.76342016
v 0.21623293 -0.19625284 0.76613891
v 0.21615508 -0.19403347 0.76613891
v 0.22 -0.19638155 0.76613891
v 0.22 -0.19625284 0.76237184
v 0.21728124 -0.19403347 0.76885766
v 0.21733628 -0.19625284 0.76880264
v 0.22266372 -0.19625284 0.76880264
v 0.39999998 -0.19403346 0.34684494
v 0.40266371 -0.19625282 0.34566373
v 0.40271872 -0.19403346 0.3457188
v 0.40384489 -0.19403346 0.34300002
v 0.40266371 -0.19625282 0.34033632
v 0.40271872 -0.19403346 0.34028125
v 0.39999998 -0.19625282 0.33923298
v 0.39999998 -0.19403346 0.33915514
v 0.39728123 -0.19403346 0.34028125
v 0.39733624 -0.19625282 0.34033632
v 0.39615506 -0.19403346 0.34300002
v 0.39999998 -0.19638154 0.34300002
v 0.39733624 -0.19625282 0.34566373
v 0.39728123 -0.19403346 0.3457188
v 0.39999998 -0.19625282 0.3467671
v 0.40376705 -0.19625282 0.34300002
v 0.39999998 -0.19403347 0.48526177
v 0.40266371 -0.19625284 0.48408055
v 0.40271872 -0.19403347 0.48413563
v 0.40384489 -0.19403347 0.48141685
v 0.40266371 -0.19625284 0.47875315
v 0.40271872 -0.19403347 0.47869807
v 0.39999998 -0.19625284 0.47764981
v 0.39999998 -0.19403347 0.47757196
v 0.39728123 -0.19403347 0.47869807
v 0.39733624 -0.19625284 0.47875315
v 0.39615506 -0.19403347 0.48141685
v 0.39999998 -0.19638155 0.48141685
v 0.39733624 -0.19625284 0.48408055
v 0.39728123 -0.19403347 0.48413563
v 0.40376705 -0.19625284 0.48141685
v 0.39999998 -0.19625284 0.48518392
v 0.39999998 -0.19625284 0.62360072
v 0.40271872 -0.19403347 0.62255245
v 0.39999998 -0.19403347 0.62367857
v 0.40376705 -0.19625284 0.61983371
v 0.40384489 -0.19403347 0.61983371
v 0.40266371 -0.19625284 0.61716998
v 0.40271872 -0.19403347 0.6171149
v 0.39999998 -0.19625284 0.61606658
v 0.39999998 -0.19403347 0.61598873
v 0.39728123 -0.19403347 0.6171149
v 0.39733624 -0.19625284 0.61716998
v 0.39615506 -0.19403347 0.61983371
v 0.39999998 -0.19638155 0.61983371
v 0.3962329 -0.19625284 0.61983371
v 0.39728123 -0.19403347 0.62255245
v 0.39733624 -0.19625284 0.62249744
v 0.40266371 -0.19625284 0.62249744
v 0.39999998 -0.19625285 0.76201755
v 0.40271872 -0.19403349 0.76096928
v 0.39999998 -0.19403349 0.76209539
v 0.40376705 -0.19625285 0.75825053
v 0.40384489 -0.19403349 0.75825053
v 0.40266371 -0.19625285 0.7555868
v 0.40271872 -0.19403349 0.75553173
v 0.39999998 -0.19625285 0.7544834
v 0.39999998 -0.19403349 0.75440556
v 0.39728123 -0.19403349 0.75553173
v 0.39733624 -0.19625285 0.7555868
v 0.39615506 -0.19403349 0.75825053
v 0.39999998 -0.19638157 0.75825053
v 0.3962329 -0.19625285 0.75825053
v 0.39728123 -0.19403349 0.76096928
v 0.39733624 -0.19625285 0.76091427
v 0.40266371 -0.19625285 0.76091427
v 0.39999998 -0.19625285 0.90043443
v 0.40271872 -0.19403349 0.89938611
v 0.39999998 -0.19403349 0.90051228
v 0.40266371 -0.19625285 0.89933103
v 0.40384489 -0.19403349 0.8966673
v 0.40376705 -0.19625285 0.8966673
v 0.40271872 -0.19403349 0.89394861
v 0.40266371 -0.19625285 0.89400357
v 0.39999998 -0.19403349 0.89282244
v 0.39733624 -0.19625285 0.89400357
v 0.39728123 -0.19403349 0.89394861
v 0.3962329 -0.19625285 0.8966673
v 0.39615506 -0.19403349 0.8966673
v 0.39999998 -0.19638157 0.8966673
v 0.39999998 -0.19625285 0.89290029
v 0.39733624 -0.19625285 0.89933103
v 0.39728123 -0.19403349 0.89938611
v -0.22271876 -0.19403347 0.72271872
v -0.22000001 -0.19625284 0.72376704
v -0.22000001 -0.19403347 0.72384489
v -0.22384493 -0.19403347 0.71999997
v -0.22266372 -0.19625284 0.7226637
v -0.22271876 -0.19403347 0.71728122
v -0.22376709 -0.19625284 0.71999997
v -0.22000001 -0.19403347 0.71615505
v -0.22266372 -0.19625284 0.71733624
v -0.21728124 -0.19403347 0.71728122
v -0.22000001 -0.19625284 0.7162329
v -0.21623294 -0.19625284 0.71999997
v -0.21733628 -0.19625284 0.71733624
v -0.22000001 -0.19638155 0.71999997
v -0.21728124 -0.19403347 0.72271872
v -0.2161551 -0.19403347 0.71999997
v -0.21733628 -0.19625284 0.7226637
v -0.22000001 -0.19403347 0.76998383
v -0.22266372 -0.19625284 0.76880264
v -0.22000001 -0.19625284 0.76990598
v -0.22384493 -0.19403347 0.76613891
v -0.22271876 -0.19403347 0.76885766
v -0.22266372 -0.19625284 0.76347518
v -0.22376709 -0.19625284 0.76613891
v -0.22000001 -0.19403347 0.76229399
v -0.22271876 -0.19403347 0.76342016
v -0.21728124 -0.19403347 0.76342016
v -0.22000001 -0.19625284 0.76237184
v -0.21623294 -0.19625284 0.76613891
v -0.21733628 -0.19625284 0.76347518
v -0.22000001 -0.19638155 0.76613891
v -0.21728124 -0.19403347 0.76885766
v -0.2161551 -0.19403347 0.76613891
v -0.21733628 -0.19625284 0.76880264
v -0.40271872 -0.19403346 0.3457188
v -0.39999998 -0.19625282 0.3467671
v -0.39999998 -0.19403346 0.34684494
v -0.40384489 -0.19403346 0.34300002
v -0.40266371 -0.19625282 0.34566373
v -0.40266371 -0.19625282 0.34033632
v -0.40376705 -0.19625282 0.34300002
v -0.40271872 -0.19403346 0.34028125
v -0.39999998 -0.19625282 0.33923298
v -0.39728123 -0.19403346 0.34028125
v -0.39999998 -0.19403346 0.33915514
v -0.39615506 -0.19403346 0.34300002
v -0.39733624 -0.19625282 0.34033632
v -0.39999998 -0.19638154 0.34300002
v -0.3962329 -0.19625282 0.34300002
v -0.39733624 -0.19625282 0.34566373
v -0.39728123 -0.19403346 0.3457188
v -0.40271872 -0.19403347 0.48413563
v -0.39999998 -0.19625284 0.48518392
v -0.39999998 -0.19403347 0.48526177
v -0.40384489 -0.19403347 0.48141685
v -0.40266371 -0.19625284 0.48408055
v -0.40266371 -0.19625284 0.47875315
v -0.40376705 -0.19625284 0.48141685
v -0.40271872 -0.19403347 0.47869807
v -0.39999998 -0.19625284 0.47764981
v -0.39728123 -0.19403347 0.47869807
v -0.39999998 -0.19403347 0.47757196
v -0.39615506 -0.19403347 0.48141685
v -0.39733624 -0.19625284 0.47875315
v -0.39999998 -0.19638155 0.48141685
v -0.3962329 -0.19625284 0.48141685
v -0.39733624 -0.19625284 0.48408055
v -0.39728123 -0.19403347 0.48413563
v -0.39999998 -0.19403347 0.62367857
v -0.40266371 -0.19625284 0.62249744
v -0.39999998 -0.19625284 0.62360072
v -0.40384489 -0.19403347 0.61983371
v -0.40271872 -0.19403347 0.62255245
v -0.40266371 -0.19625284 0.61716998
v -0.40376705 -0.19625284 0.61983371
v -0.40271872 -0.19403347 0.6171149
v -0.39999998 -0.19625284 0.61606658
v -0.39728123 -0.19403347 0.6171149
v -0.39999998 -0.19403347 0.61598873
v -0.39615506 -0.19403347 0.61983371
v -0.39733624 -0.19625284 0.61716998
v -0.39999998 -0.19638155 0.61983371
v -0.3962329 -0.19625284 0.61983371
v -0.39728123 -0.19403347 0.62255245
v -0.39733624 -0.19625284 0.62249744
v -0.40271872 -0.19403349 0.76096928
v -0.39999998 -0.19625285 0.76201755
v -0.39999998 -0.19403349 0.76209539
v -0.40376705 -0.19625285 0.75825053
v -0.40266371 -0.19625285 0.76091427
v -0.40384489 -0.19403349 0.75825053
v -0.40266371 -0.19625285 0.7555868
v -0.40271872 -0.19403349 0.75553173
v -0.39999998 -0.19625285 0.7544834
v -0.39728123 -0.19403349 0.75553173
v -0.39999998 -0.19403349 0.75440556
v -0.39615506 -0.19403349 0.75825053
v -0.39733624 -0.19625285 0.7555868
v -0.39999998 -0.19638157 0.75825053
v -0.3962329 -0.19625285 0.75825053
v -0.39728123 -0.19403349 0.76096928
v -0.39733624 -0.19625285 0.76091427
v -0.40271872 -0.19403349 0.89938611
v -0.39999998 -0.19625285 0.90043443
v -0.39999998 -0.19403349 0.90051228
v -0.40384489 -0.19403349 0.8966673
v -0.40266371 -0.19625285 0.89933103
v -0.40271872 -0.19403349 0.89394861
v -0.40376705 -0.19625285 0.8966673
v -0.39999998 -0.19403349 0.89282244
v -0.40266371 -0.19625285 0.89400357
v -0.39733624 -0.19625285 0.89400357
v -0.39999998 -0.19625285 0.89290029
v -0.39728123 -0.19403349 0.89394861
v -0.3962329 -0.19625285 0.8966673
v -0.39999998 -0.19638157 0.8966673
v -0.39615506 -0.19403349 0.8966673
v -0.39733624 -0.19625285 0.89933103
v -0.39728123 -0.19403349 0.89938611
v -0.03 -0.19403346 0.19384491
v -0.02733628 -0.19625282 0.1926637
v -0.02728124 -0.19403346 0.19271874
v -0.02623293 -0.19625282 0.19
v -0.02615508 -0.19403346 0.19
v -0.02728124 -0.19403346 0.18728122
v -0.03 -0.19625282 0.18623292
v -0.03 -0.19403346 0.18615508
v -0.03271876 -0.19403346 0.18728122
v -0.03376706 -0.19625282 0.19
v -0.03384491 -0.19403346 0.19
v -0.03 -0.19638154 0.19
v -0.03266371 -0.19625282 0.18733627
v -0.03271876 -0.19403346 0.19271874
v -0.03266371 -0.19625282 0.1926637
v -0.02733628 -0.19625282 0.18733627
v -0.03 -0.19625282 0.19376707
v -0.03 -0.19403347 0.33226174
v -0.02733628 -0.19625284 0.33108056
v -0.02728124 -0.19403347 0.33113557
v -0.02615508 -0.19403347 0.32841682
v -0.02733628 -0.19625284 0.32575309
v -0.02728124 -0.19403347 0.32569808
v -0.03 -0.19403347 0.32457191
v -0.03 -0.19625284 0.32464975
v -0.03271876 -0.19403347 0.32569808
v -0.03376706 -0.19625284 0.32841682
v -0.03384491 -0.19403347 0.32841682
v -0.03 -0.19638154 0.32841682
v -0.03266371 -0.19625284 0.32575309
v -0.03271876 -0.19403347 0.33113557
v -0.03266371 -0.19625284 0.33108056
v -0.02623293 -0.19625284 0.32841682
v -0.03 -0.19625284 0.3321839
v -0.03 -0.19625284 0.47060072
v -0.02728124 -0.19403347 0.46955243
v -0.03 -0.19403347 0.47067857
v -0.02623293 -0.19625284 0.46683365
v -0.02615508 -0.19403347 0.46683365
v -0.02733628 -0.19625284 0.46416995
v -0.02728124 -0.19403347 0.4641149
v -0.03 -0.19625284 0.46306658
v -0.03 -0.19403347 0.46298873
v -0.03266371 -0.19625284 0.46416995
v -0.03271876 -0.19403347 0.4641149
v -0.03376706 -0.19625284 0.46683365
v -0.03384491 -0.19403347 0.46683365
v -0.03 -0.19638155 0.46683365
v -0.03266371 -0.19625284 0.46949738
v -0.03271876 -0.19403347 0.46955243
v -0.02733628 -0.19625284 0.46949738
v -0.03 -0.19625284 0.66376704
v -0.02728124 -0.19403347 0.66271877
v -0.03 -0.19403347 0.66384488
v -0.02733628 -0.19625284 0.6626637
v -0.02615508 -0.19403347 0.65999997
v -0.02623293 -0.19625284 0.65999997
v -0.02728124 -0.19403347 0.65728122
v -0.03 -0.19625284 0.65623289
v -0.03 -0.19403347 0.65615505
v -0.03271876 -0.19403347 0.65728122
v -0.03266371 -0.19625284 0.65733624
v -0.03384491 -0.19403347 0.65999997
v -0.03 -0.19638154 0.65999997
v -0.03266371 -0.19625284 0.6626637
v -0.03271876 -0.19403347 0.66271877
v -0.02733628 -0.19625284 0.65733624
v -0.03 -0.19403347 0.7407431
v -0.02733628 -0.19625284 0.73956192
v -0.02728124 -0.19403347 0.73961699
v -0.02615508 -0.19403347 0.73689824
v -0.02733628 -0.19625284 0.73423451
v -0.02728124 -0.19403347 0.73417944
v -0.03 -0.19403347 0.73305327
v -0.03266371 -0.19625284 0.73423451
v -0.03271876 -0.19403347 0.73417944
v -0.03384491 -0.19403347 0.73689824
v -0.03 -0.19638155 0.73689824
v -0.03 -0.19625284 0.73313111
v -0.03266371 -0.19625284 0.73956192
v -0.03271876 -0.19403347 0.73961699
v -0.02623293 -0.19625284 0.73689824
v -0.03 -0.19625284 0.74066526
v -0.03 -0.19625284 0.81756353
v -0.02728124 -0.19403347 0.81651521
v -0.03 -0.19403347 0.81764138
v -0.02623293 -0.19625284 0.81379646
v -0.02615508 -0.19403347 0.81379646
v -0.02733628 -0.19625284 0.81113273
v -0.02728124 -0.19403347 0.81107765
v -0.03 -0.19403347 0.80995154
v -0.03266371 -0.19625284 0.81113273
v -0.03271876 -0.19403347 0.81107765
v -0.03376706 -0.19625284 0.81379646
v -0.03384491 -0.19403347 0.81379646
v -0.03 -0.19638155 0.81379646
v -0.03 -0.19625284 0.81002939
v -0.03266371 -0.19625284 0.81646019
v -0.03271876 -0.19403347 0.81651521
v -0.02733628 -0.19625284 0.81646019
v -0.03 -0.19625284 1.00376701
v -0.02728124 -0.19403347 1.00271869
v -0.03 -0.19403347 1.00384498
v -0.02623293 -0.19625284 1
v -0.02615508 -0.19403347 1
v -0.02728124 -0.19403347 0.99728125
v -0.02733628 -0.19625284 0.99733627
v -0.03 -0.19403347 0.99615508
v -0.03266371 -0.19625284 0.99733627
v -0.03271876 -0.19403347 0.99728125
v -0.03384491 -0.19403347 1
v -0.03 -0.19638154 1
v -0.03 -0.19625284 0.99623293
v -0.03376706 -0.19625284 1
v -0.03271876 -0.19403347 1.00271869
v -0.03266371 -0.19625284 1.00266373
v -0.02733628 -0.19625284 1.00266373
v 0.45207098 -0.09999999 0.1869334
v 0.44985163 -0.09728125 0.18588507
v 0.44985163 -0.09999999 0.18701124
v 0.45207098 -0.09623292 0.18316633
v 0.4498516 -0.09615508 0.18316633
v 0.45207098 -0.09733626 0.18050259
v 0.4498516 -0.09728125 0.18044755
v 0.45207098 -0.09999999 0.17939925
v 0.4498516 -0.09999999 0.17932141
v 0.44985163 -0.10271874 0.18044755
v 0.45207098 -0.10266373 0.18050259
v 0.44985163 -0.10384491 0.18316633
v 0.4521997 -0.09999999 0.18316633
v 0.45207098 -0.10266373 0.18583003
v 0.44985163 -0.10271874 0.18588507
v 0.45207098 -0.09733626 0.18583003
v 0.45207098 -0.09999999 0.47093341
v 0.44985163 -0.09728125 0.46988508
v 0.44985163 -0.09999999 0.47101125
v 0.45207098 -0.09733626 0.46983004
v 0.44985163 -0.09615508 0.46716633
v 0.45207098 -0.09733626 0.4645026
v 0.44985163 -0.09728125 0.46444756
v 0.45207098 -0.09999999 0.46339926
v 0.44985163 -0.09999999 0.46332142
v 0.44985163 -0.10271874 0.46444756
v 0.45207098 -0.10266373 0.4645026
v 0.44985163 -0.10384491 0.46716633
v 0.4521997 -0.09999999 0.46716633
v 0.45207098 -0.10266373 0.46983004
v 0.44985163 -0.10271874 0.46988508
v 0.45207098 -0.09623292 0.46716633
v 0.45207101 -0.09999999 0.75493342
v 0.44985163 -0.09728125 0.75388509
v 0.44985163 -0.09999999 0.75501126
v 0.45207101 -0.09733626 0.75383002
v 0.44985163 -0.09615508 0.75116634
v 0.45207101 -0.09623292 0.75116634
v 0.44985163 -0.09728125 0.7484476
v 0.45207101 -0.09999999 0.74739927
v 0.44985163 -0.09999999 0.74732143
v 0.44985163 -0.10271874 0.7484476
v 0.45207101 -0.10266373 0.74850261
v 0.44985163 -0.10384491 0.75116634
v 0.45219973 -0.09999999 0.75116634
v 0.45207101 -0.10266373 0.75383002
v 0.44985163 -0.10271874 0.75388509
v 0.45207101 -0.09733626 0.74850261
v 0.44985166 -0.09999999 1.03901124
v 0.45207101 -0.09733626 1.03783011
v 0.44985166 -0.09728125 1.03788507
v 0.45207101 -0.09623292 1.03516626
v 0.44985166 -0.09615508 1.03516626
v 0.45207101 -0.09733626 1.03250265
v 0.44985166 -0.09728125 1.03244758
v 0.45207101 -0.09999999 1.03139925
v 0.44985166 -0.09999999 1.03132141
v 0.44985166 -0.10271874 1.03244758
v 0.45207101 -0.10266373 1.03250265
v 0.44985166 -0.10384491 1.03516626
v 0.45219973 -0.09999999 1.03516626
v 0.45207101 -0.10376707 1.03516626
v 0.44985166 -0.10271874 1.03788507
v 0.45207101 -0.10266373 1.03783011
v 0.45207101 -0.09999999 1.0389334
v 0.45207098 0.16999999 0.1869334
v 0.4498516 0.17271873 0.18588507
v 0.4498516 0.16999999 0.18701124
v 0.45207098 0.17266372 0.18583003
v 0.4498516 0.1738449 0.18316633
v 0.45207098 0.17266372 0.18050259
v 0.4498516 0.17271873 0.18044755
v 0.45207098 0.16999999 0.17939925
v 0.4498516 0.16999999 0.17932141
v 0.4498516 0.16728124 0.18044755
v 0.45207098 0.16733626 0.18050259
v 0.4498516 0.16615507 0.18316633
v 0.4521997 0.16999999 0.18316633
v 0.45207098 0.16733626 0.18583003
v 0.4498516 0.16728124 0.18588507
v 0.45207098 0.17376706 0.18316633
v 0.45207098 0.16999999 0.47093344
v 0.44985163 0.17271873 0.46988511
v 0.44985163 0.16999999 0.47101128
v 0.45207098 0.17266372 0.46983007
v 0.44985163 0.1738449 0.46716636
v 0.45207098 0.17266372 0.46450263
v 0.44985163 0.17271873 0.46444759
v 0.45207098 0.16999999 0.46339929
v 0.44985163 0.16999999 0.46332145
v 0.44985163 0.16728124 0.46444759
v 0.45207098 0.16733626 0.46450263
v 0.44985163 0.16615507 0.46716636
v 0.4521997 0.16999999 0.46716636
v 0.45207098 0.16623291 0.46716636
v 0.44985163 0.16728124 0.46988511
v 0.45207098 0.17376706 0.46716636
v 0.45207098 0.16733626 0.46983007
v 0.45207098 0.16999999 0.75493342
v 0.44985163 0.17271873 0.75388509
v 0.44985163 0.16999999 0.75501126
v 0.45207098 0.17266372 0.75383002
v 0.44985163 0.1738449 0.75116634
v 0.45207098 0.17376706 0.75116634
v 0.44985163 0.17271873 0.7484476
v 0.45207098 0.16999999 0.74739927
v 0.44985163 0.16999999 0.74732143
v 0.45207098 0.16733626 0.74850261
v 0.44985163 0.16728124 0.7484476
v 0.45207098 0.16623291 0.75116634
v 0.44985163 0.16615507 0.75116634
v 0.4521997 0.16999999 0.75116634
v 0.45207098 0.16733626 0.75383002
v 0.44985163 0.16728124 0.75388509
v 0.45207098 0.17266372 0.74850261
v 0.44985163 0.16999999 1.03901124
v 0.45207101 0.17266372 1.03783011
v 0.44985163 0.17271873 1.03788507
v 0.45207101 0.17376706 1.03516626
v 0.44985163 0.1738449 1.03516626
v 0.45207101 0.17266372 1.03250265
v 0.44985163 0.17271873 1.03244758
v 0.45207101 0.16999999 1.03139925
v 0.44985163 0.16999999 1.03132141
v 0.44985163 0.16728124 1.03244758
v 0.45207101 0.16733626 1.03250265
v 0.44985163 0.16615507 1.03516626
v 0.45219973 0.16999999 1.03516626
v 0.45207101 0.16623291 1.03516626
v 0.44985163 0.16728124 1.03788507
v 0.45207101 0.16733626 1.03783011
v 0.45207101 0.16999999 1.0389334
v -0.44985157 -0.09728124 0.18588507
v -0.45207089 -0.09999999 0.1869334
v -0.44985157 -0.09999999 0.18701124
v -0.44985157 -0.09615507 0.18316633
v -0.45207089 -0.09733626 0.18583003
v -0.45207089 -0.09733626 0.18050259
v -0.45207089 -0.09623291 0.18316633
v -0.44985157 -0.09728124 0.18044755
v -0.45207089 -0.09999999 0.17939925
v -0.44985157 -0.09999999 0.17932141
v -0.45207089 -0.10266372 0.18050259
v -0.44985157 -0.10271873 0.18044755
v -0.45207089 -0.10376706 0.18316633
v -0.45219964 -0.09999999 0.18316633
v -0.44985157 -0.10271873 0.18588507
v -0.44985157 -0.1038449 0.18316633
v -0.45207095 -0.10266372 0.18583003
v -0.44985157 -0.09728125 0.46988505
v -0.45207095 -0.09999999 0.47093338
v -0.44985157 -0.09999999 0.47101122
v -0.44985157 -0.09615508 0.4671663
v -0.45207095 -0.09733626 0.46983001
v -0.44985157 -0.09728125 0.46444753
v -0.45207095 -0.09623292 0.4671663
v -0.45207095 -0.09999999 0.46339923
v -0.45207095 -0.09733626 0.46450257
v -0.44985157 -0.10271874 0.46444753
v -0.44985157 -0.09999999 0.46332139
v -0.45207095 -0.10376707 0.4671663
v -0.45207095 -0.10266373 0.46450257
v -0.45219964 -0.09999999 0.4671663
v -0.44985157 -0.10384491 0.4671663
v -0.45207095 -0.10266373 0.46983001
v -0.44985157 -0.10271874 0.46988505
v -0.44985163 -0.09728124 0.75388503
v -0.45207095 -0.09999999 0.75493336
v -0.44985163 -0.09999999 0.7550112
v -0.44985163 -0.09615507 0.75116628
v -0.45207095 -0.09733626 0.75382996
v -0.44985163 -0.09728124 0.74844754
v -0.45207095 -0.09623291 0.75116628
v -0.45207095 -0.09999999 0.74739921
v -0.45207095 -0.09733626 0.74850255
v -0.44985163 -0.10271873 0.74844754
v -0.44985163 -0.09999999 0.74732137
v -0.45207095 -0.10376706 0.75116628
v -0.45207095 -0.10266372 0.74850255
v -0.4521997 -0.09999999 0.75116628
v -0.44985163 -0.1038449 0.75116628
v -0.45207095 -0.10266372 0.75382996
v -0.44985163 -0.10271873 0.75388503
v -0.44985157 -0.09728124 1.03788495
v -0.45207095 -0.09999999 1.03893328
v -0.44985157 -0.09999999 1.03901124
v -0.45207095 -0.09623291 1.03516626
v -0.45207095 -0.09733626 1.03783
v -0.44985157 -0.09615507 1.03516626
v -0.45207095 -0.09733626 1.03250253
v -0.44985157 -0.09728124 1.03244746
v -0.45207095 -0.09999999 1.03139925
v -0.44985157 -0.10271873 1.03244746
v -0.44985157 -0.09999999 1.03132129
v -0.44985157 -0.1038449 1.03516626
v -0.45207095 -0.10266372 1.03250253
v -0.45219964 -0.09999999 1.03516626
v -0.45207095 -0.10376706 1.03516626
v -0.44985157 -0.10271873 1.03788495
v -0.45207095 -0.10266372 1.03783
v -0.44985151 0.1727187 0.18588507
v -0.45207089 0.16999996 0.1869334
v -0.44985151 0.16999996 0.18701124
v -0.44985151 0.17384487 0.18316633
v -0.45207089 0.17266369 0.18583003
v -0.45207089 0.17266369 0.18050259
v -0.45207089 0.17376703 0.18316633
v -0.44985151 0.1727187 0.18044755
v -0.45207089 0.16999996 0.17939925
v -0.44985151 0.16728121 0.18044755
v -0.44985151 0.16999996 0.17932141
v -0.45207089 0.16623288 0.18316633
v -0.45207089 0.16733623 0.18050259
v -0.45219964 0.16999996 0.18316633
v -0.44985151 0.16728121 0.18588507
v -0.44985151 0.16615504 0.18316633
v -0.45207089 0.16733623 0.18583003
v -0.44985157 0.1727187 0.46988508
v -0.45207095 0.16999996 0.47093341
v -0.44985157 0.16999996 0.47101125
v -0.44985157 0.17384487 0.46716633
v -0.45207095 0.17266369 0.46983004
v -0.45207095 0.17266369 0.4645026
v -0.45207095 0.17376703 0.46716633
v -0.44985157 0.1727187 0.46444756
v -0.45207095 0.16999996 0.46339926
v -0.44985157 0.16728121 0.46444756
v -0.44985157 0.16999996 0.46332142
v -0.44985157 0.16615504 0.46716633
v -0.45207095 0.16733623 0.4645026
v -0.45219964 0.16999996 0.46716633
v -0.45207095 0.16623288 0.46716633
v -0.45207095 0.16733623 0.46983004
v -0.44985157 0.16728121 0.46988508
v -0.44985157 0.1727187 0.75388503
v -0.45207095 0.16999996 0.75493336
v -0.44985157 0.16999996 0.7550112
v -0.44985157 0.17384487 0.75116628
v -0.45207095 0.17266369 0.75382996
v -0.44985157 0.1727187 0.74844754
v -0.45207095 0.17376703 0.75116628
v -0.45207095 0.16999996 0.74739921
v -0.45207095 0.17266369 0.74850255
v -0.44985157 0.16999996 0.74732137
v -0.45207095 0.16733623 0.74850255
v -0.44985157 0.16615504 0.75116628
v -0.44985157 0.16728121 0.74844754
v -0.45219964 0.16999996 0.75116628
v -0.45207095 0.16623288 0.75116628
v -0.45207095 0.16733623 0.75382996
v -0.44985157 0.16728121 0.75388503
v -0.44985163 0.1727187 1.03788495
v -0.45207095 0.16999996 1.03893328
v -0.44985163 0.16999996 1.03901124
v -0.45207095 0.17376703 1.03516626
v -0.45207095 0.17266369 1.03783
v -0.44985163 0.17384487 1.03516626
v -0.45207095 0.17266369 1.03250253
v -0.44985163 0.1727187 1.03244746
v -0.45207095 0.16999996 1.03139925
v -0.44985163 0.16728121 1.03244746
v -0.44985163 0.16999996 1.03132129
v -0.44985163 0.16615504 1.03516626
v -0.45207095 0.16733623 1.03250253
v -0.4521997 0.16999996 1.03516626
v -0.45207095 0.16623288 1.03516626
v -0.44985163 0.16728121 1.03788495
v -0.45207095 0.16733623 1.03783
v 0.42902535 0.18999994 0.18701124
v 0.42636162 0.19221929 0.18583003
v 0.42630661 0.18999991 0.18588507
v 0.42518044 0.18999991 0.18316633
v 0.42636162 0.19221929 0.18050259
v 0.42630661 0.18999991 0.18044755
v 0.42902535 0.19221929 0.17939925
v 0.42902535 0.18999991 0.17932141
v 0.4317441 0.18999994 0.18044755
v 0.43279243 0.19221929 0.18316633
v 0.43287027 0.18999994 0.18316633
v 0.42902535 0.192348 0.18316633
v 0.43168908 0.19221929 0.18050259
v 0.4317441 0.18999994 0.18588507
v 0.42902535 0.19221929 0.1869334
v 0.42525828 0.19221929 0.18316633
v 0.43168908 0.19221929 0.18583003
v 0.42902535 0.19221932 0.47093341
v 0.42630661 0.18999994 0.46988508
v 0.42902535 0.18999994 0.47101125
v 0.42525828 0.19221932 0.46716633
v 0.42518044 0.18999994 0.46716633
v 0.42630661 0.18999994 0.46444756
v 0.42902535 0.19221932 0.46339926
v 0.42902535 0.18999994 0.46332142
v 0.4317441 0.18999994 0.46444756
v 0.43279243 0.19221932 0.46716633
v 0.43287027 0.18999994 0.46716633
v 0.42902535 0.19234803 0.46716633
v 0.43168908 0.19221932 0.4645026
v 0.43168908 0.19221932 0.46983004
v 0.4317441 0.18999994 0.46988508
v 0.42636162 0.19221932 0.4645026
v 0.42636162 0.19221932 0.46983004
v 0.42902535 0.19221932 0.75493342
v 0.42630661 0.18999994 0.75388509
v 0.42902535 0.18999994 0.75501126
v 0.42636162 0.19221932 0.75383002
v 0.42518044 0.18999994 0.75116634
v 0.42525828 0.19221932 0.75116634
v 0.42630661 0.18999994 0.7484476
v 0.42636162 0.19221932 0.74850261
v 0.42902535 0.18999994 0.74732143
v 0.43168908 0.19221932 0.74850261
v 0.4317441 0.18999994 0.7484476
v 0.43279243 0.19221932 0.75116634
v 0.43287027 0.18999994 0.75116634
v 0.42902535 0.19234803 0.75116634
v 0.42902535 0.19221932 0.74739927
v 0.43168908 0.19221932 0.75383002
v 0.4317441 0.18999994 0.75388509
v 0.42902535 0.19221935 1.0389334
v 0.42630661 0.18999997 1.03788507
v 0.42902535 0.18999997 1.03901124
v 0.42525828 0.19221932 1.03516626
v 0.42518044 0.18999997 1.03516626
v 0.42636162 0.19221932 1.03250265
v 0.42630661 0.18999997 1.03244758
v 0.42902535 0.19221932 1.03139925
v 0.42902535 0.18999997 1.03132141
v 0.4317441 0.18999997 1.03244758
v 0.43168908 0.19221935 1.03250265
v 0.43287027 0.18999997 1.03516626
v 0.42902535 0.19234803 1.03516626
v 0.43279243 0.19221935 1.03516626
v 0.4317441 0.18999997 1.03788507
v 0.43168908 0.19221935 1.03783011
v 0.42636162 0.19221932 1.03783011
v -0.42630661 0.18999991 0.18588507
v -0.42902535 0.19221929 0.1869334
v -0.42902535 0.18999991 0.18701124
v -0.42518044 0.18999991 0.18316633
v -0.42636162 0.19221929 0.18583003
v -0.42636162 0.19221929 0.18050259
v -0.42525828 0.19221929 0.18316633
v -0.42630661 0.18999991 0.18044755
v -0.42902535 0.19221929 0.17939925
v -0.4317441 0.18999991 0.18044755
v -0.42902535 0.18999991 0.17932141
v -0.43279243 0.19221929 0.18316633
v -0.43168908 0.19221929 0.18050259
v -0.42902535 0.192348 0.18316633
v -0.4317441 0.18999991 0.18588507
v -0.43287027 0.18999991 0.18316633
v -0.43168908 0.19221929 0.18583003
v -0.42902535 0.18999994 0.47101122
v -0.42636162 0.19221929 0.46983001
v -0.42902535 0.19221929 0.47093338
v -0.42518044 0.18999994 0.4671663
v -0.42630661 0.18999994 0.46988505
v -0.42636162 0.19221929 0.46450257
v -0.42525828 0.19221929 0.4671663
v -0.42630661 0.18999994 0.46444753
v -0.42902535 0.19221929 0.46339923
v -0.4317441 0.18999994 0.46444753
v -0.42902535 0.18999994 0.46332139
v -0.43279243 0.19221929 0.4671663
v -0.43168908 0.19221929 0.46450257
v -0.42902535 0.192348 0.4671663
v -0.43287027 0.18999994 0.4671663
v -0.43168908 0.19221929 0.46983001
v -0.4317441 0.18999994 0.46988505
v -0.42630661 0.18999994 0.75388503
v -0.42902535 0.19221929 0.75493336
v -0.42902535 0.18999994 0.7550112
v -0.42518044 0.18999994 0.75116628
v -0.42636162 0.19221929 0.75382996
v -0.42630661 0.18999994 0.74844754
v -0.42525828 0.19221929 0.75116628
v -0.42902535 0.19221929 0.74739921
v -0.42636162 0.19221929 0.74850255
v -0.4317441 0.18999994 0.74844754
v -0.42902535 0.18999994 0.74732137
v -0.43287027 0.18999994 0.75116628
v -0.43168908 0.19221929 0.74850255
v -0.42902535 0.192348 0.75116628
v -0.43279243 0.19221929 0.75116628
v -0.43168908 0.19221929 0.75382996
v -0.4317441 0.18999994 0.75388503
v -0.42902535 0.18999997 1.03901124
v -0.42636162 0.19221932 1.03783
v -0.42902535 0.19221932 1.03893328
v -0.42630661 0.18999997 1.03788495
v -0.42525828 0.19221932 1.03516626
v -0.42518044 0.18999997 1.03516626
v -0.42636162 0.19221932 1.03250253
v -0.42630661 0.18999997 1.03244746
v -0.42902535 0.19221932 1.03139925
v -0.4317441 0.18999997 1.03244746
v -0.42902535 0.18999997 1.03132129
v -0.43287027 0.18999997 1.03516626
v -0.43168908 0.19221932 1.03250253
v -0.42902535 0.19234803 1.03516626
v -0.43279243 0.19221932 1.03516626
v -0.4317441 0.18999997 1.03788495
v -0.43168908 0.19221932 1.03783
v -0.40000001 -0.16204534 0.01776707
v -0.39728126 -0.15982598 0.01671875
v -0.40000001 -0.15982598 0.01784492
v -0.39733627 -0.16204534 0.01666373
v -0.39615509 -0.15982598 0.014
v -0.39733627 -0.16204534 0.01133627
v -0.39728126 -0.15982598 0.01128119
v -0.40000001 -0.15982598 0.01015508
v -0.40266374 -0.16204534 0.01133627
v -0.40271875 -0.15982598 0.01128119
v -0.40384492 -0.15982598 0.014
v -0.40000001 -0.16217405 0.014
v -0.40000001 -0.16204534 0.01023293
v -0.40266374 -0.16204534 0.01666373
v -0.40271875 -0.15982598 0.01671875
v -0.39623293 -0.16204534 0.014
v -0.40000001 -0.16204534 0.13176706
v -0.39728126 -0.15982598 0.13071877
v -0.40000001 -0.15982598 0.13184491
v -0.39623293 -0.16204534 0.12799999
v -0.39615509 -0.15982598 0.12799999
v -0.39728126 -0.15982598 0.12528121
v -0.39733627 -0.16204534 0.12533626
v -0.40000001 -0.15982598 0.12415507
v -0.40000001 -0.16204534 0.12423292
v -0.40271875 -0.15982598 0.12528121
v -0.40266374 -0.16204534 0.12533626
v -0.40384492 -0.15982598 0.12799999
v -0.40000001 -0.16217406 0.12799999
v -0.40376708 -0.16204534 0.12799999
v -0.40271875 -0.15982598 0.13071877
v -0.40266374 -0.16204534 0.13066372
v -0.39733627 -0.16204534 0.13066372
v -1E-08 -0.16204534 0.01776707
v 0.00271874 -0.15982598 0.01671875
v -1E-08 -0.15982598 0.01784492
v 0.00376706 -0.16204534 0.014
v 0.00384491 -0.15982598 0.014
v 0.00266372 -0.16204534 0.01133627
v 0.00271874 -0.15982598 0.01128119
v -1E-08 -0.16204534 0.01023293
v -1E-08 -0.15982598 0.01015508
v -0.00271876 -0.15982598 0.01128119
v -0.00266374 -0.16204534 0.01133627
v -0.00384493 -0.15982598 0.014
v -1E-08 -0.16217405 0.014
v -0.00266374 -0.16204534 0.01666373
v -0.00271876 -0.15982598 0.01671875
v 0.00266372 -0.16204534 0.01666373
v -1E-08 -0.16204534 0.13176706
v 0.00271874 -0.15982598 0.13071877
v -1E-08 -0.15982598 0.13184491
v 0.00266372 -0.16204534 0.13066372
v 0.00384491 -0.15982598 0.12799999
v 0.00376706 -0.16204534 0.12799999
v 0.00271874 -0.15982598 0.12528121
v -1E-08 -0.16204534 0.12423292
v -1E-08 -0.15982598 0.12415507
v -0.00271876 -0.15982598 0.12528121
v -0.00266374 -0.16204534 0.12533626
v -0.00384493 -0.15982598 0.12799999
v -1E-08 -0.16217406 0.12799999
v -0.00266374 -0.16204534 0.13066372
v -0.00271876 -0.15982598 0.13071877
v 0.00266372 -0.16204534 0.12533626
v 0.40000001 -0.16204534 0.01776707
v 0.40271875 -0.15982598 0.01671875
v 0.40000001 -0.15982598 0.01784492
v 0.40376708 -0.16204534 0.014
v 0.40384492 -0.15982598 0.014
v 0.40266374 -0.16204534 0.01133627
v 0.40271875 -0.15982598 0.01128119
v 0.40000001 -0.15982598 0.01015508
v 0.39733627 -0.16204534 0.01133627
v 0.39728126 -0.15982598 0.01128119
v 0.39615509 -0.15982598 0.014
v 0.40000001 -0.16217405 0.014
v 0.40000001 -0.16204534 0.01023293
v 0.39623293 -0.16204534 0.014
v 0.39728126 -0.15982598 0.01671875
v 0.39733627 -0.16204534 0.01666373
v 0.40266374 -0.16204534 0.01666373
v 0.40000001 -0.16204534 0.13176706
v 0.40271875 -0.15982598 0.13071877
v 0.40000001 -0.15982598 0.13184491
v 0.40266374 -0.16204534 0.13066372
v 0.40384492 -0.15982598 0.12799999
v 0.40376708 -0.16204534 0.12799999
v 0.40271875 -0.15982598 0.12528121
v 0.40266374 -0.16204534 0.12533626
v 0.40000001 -0.15982598 0.12415507
v 0.40000001 -0.16204534 0.12423292
v 0.39728126 -0.15982598 0.12528121
v 0.39623293 -0.16204534 0.12799999
v 0.39615509 -0.15982598 0.12799999
v 0.40000001 -0.16217406 0.12799999
v 0.39733627 -0.16204534 0.12533626
v 0.39728126 -0.15982598 0.13071877
v 0.39733627 -0.16204534 0.13066372
v -0.39999998 0.15982592 0.01784492
v -0.39733624 0.1620453 0.01666373
v -0.39999998 0.1620453 0.01776707
v -0.39615506 0.15982592 0.014
v -0.39728123 0.15982592 0.01671875
v -0.39733624 0.1620453 0.01133627
v -0.3962329 0.1620453 0.014
v -0.39999998 0.15982592 0.01015508
v -0.39728123 0.15982592 0.01128119
v -0.40271872 0.15982592 0.01128119
v -0.39999998 0.1620453 0.01023293
v -0.40384489 0.15982592 0.014
v -0.40266371 0.1620453 0.01133627
v -0.39999998 0.16217399 0.014
v -0.40376705 0.1620453 0.014
v -0.40271872 0.15982592 0.01671875
v -0.40266371 0.1620453 0.01666373
v -0.39728123 0.15982592 0.13071874
v -0.39999998 0.1620453 0.13176706
v -0.39999998 0.15982592 0.13184491
v -0.39615506 0.15982592 0.12799999
v -0.39733624 0.1620453 0.13066369
v -0.39733624 0.1620453 0.12533626
v -0.3962329 0.1620453 0.12799999
v -0.39728123 0.15982592 0.12528121
v -0.39999998 0.1620453 0.12423292
v -0.40271872 0.15982592 0.12528121
v -0.39999998 0.15982592 0.12415507
v -0.40376705 0.1620453 0.12799999
v -0.40266371 0.1620453 0.12533626
v -0.39999998 0.16217399 0.12799999
v -0.40384489 0.15982592 0.12799999
v -0.40266371 0.1620453 0.13066369
v -0.40271872 0.15982592 0.13071874
v 0.00271874 0.15982592 0.01671875
v -1E-08 0.1620453 0.01776707
v -1E-08 0.15982592 0.01784492
v 0.00376706 0.1620453 0.014
v 0.00266372 0.1620453 0.01666373
v 0.00384491 0.15982592 0.014
v 0.00266372 0.1620453 0.01133627
v 0.00271874 0.15982592 0.01128119
v -1E-08 0.1620453 0.01023293
v -0.00271876 0.15982592 0.01128119
v -1E-08 0.15982592 0.01015508
v -0.00384493 0.15982592 0.014
v -0.00266374 0.1620453 0.01133627
v -1E-08 0.16217399 0.014
v -0.00376708 0.1620453 0.014
v -0.00271876 0.15982592 0.01671875
v -0.00266374 0.1620453 0.01666373
v 0.00271874 0.15982592 0.13071874
v -1E-08 0.1620453 0.13176706
v -1E-08 0.15982592 0.13184491
v 0.00384491 0.15982592 0.12799999
v 0.00266372 0.1620453 0.13066369
v 0.00266372 0.1620453 0.12533626
v 0.00376706 0.1620453 0.12799999
v 0.00271874 0.15982592 0.12528121
v -1E-08 0.1620453 0.12423292
v -0.00271876 0.15982592 0.12528121
v -1E-08 0.15982592 0.12415507
v -0.00384493 0.15982592 0.12799999
v -0.00266374 0.1620453 0.12533626
v -1E-08 0.16217399 0.12799999
v -0.00376708 0.1620453 0.12799999
v -0.00266374 0.1620453 0.13066369
v -0.00271876 0.15982592 0.13071874
v 0.40271869 0.15982592 0.01671875
v 0.40000001 0.1620453 0.01776707
v 0.40000001 0.15982592 0.01784492
v 0.40384486 0.15982592 0.014
v 0.40266374 0.1620453 0.01666373
v 0.40266374 0.1620453 0.01133627
v 0.40376702 0.1620453 0.014
v 0.40271869 0.15982592 0.01128119
v 0.40000001 0.1620453 0.01023293
v 0.3972812 0.15982592 0.01128119
v 0.40000001 0.15982592 0.01015508
v 0.39615503 0.15982592 0.014
v 0.39733627 0.1620453 0.01133627
v 0.40000001 0.16217399 0.014
v 0.39623287 0.1620453 0.014
v 0.3972812 0.15982592 0.01671875
v 0.39733627 0.1620453 0.01666373
v 0.40271869 0.15982592 0.13071874
v 0.40000001 0.1620453 0.13176706
v 0.40000001 0.15982592 0.13184491
v 0.40384486 0.15982592 0.12799999
v 0.40266374 0.1620453 0.13066369
v 0.40266374 0.1620453 0.12533626
v 0.40376702 0.1620453 0.12799999
v 0.40271869 0.15982592 0.12528121
v 0.40000001 0.1620453 0.12423292
v 0.40000001 0.15982592 0.12415507
v 0.39733627 0.1620453 0.12533626
v 0.3972812 0.15982592 0.12528121
v 0.39623287 0.1620453 0.12799999
v 0.40000001 0.16217399 0.12799999
v 0.3972812 0.15982592 0.13071874
v 0.39615503 0.15982592 0.12799999
v 0.39733627 0.1620453 0.13066369
v 0.45197156 0.06999999 1.00376701
v 0.44975221 0.07271874 1.00271869
v 0.44975221 0.06999999 1.00384498
v 0.45197156 0.07266372 1.00266361
v 0.44975218 0.07384491 1
v 0.45197156 0.07266372 0.99733627
v 0.44975218 0.07271874 0.99728119
v 0.45197156 0.06999999 0.99623293
v 0.44975218 0.06999999 0.99615508
v 0.45197156 0.06733626 0.99733627
v 0.44975221 0.06728125 0.99728125
v 0.45197156 0.06623292 1
v 0.44975221 0.06615508 1
v 0.45210028 0.06999999 1
v 0.44975221 0.06728125 1.00271869
v 0.45197156 0.07376707 1
v 0.45197156 0.06733626 1.00266373
v 0.45279765 -0.05000001 0.37376708
v 0.4505783 -0.04728127 0.37271875
v 0.4505783 -0.05000001 0.37384492
v 0.45279765 -0.04623294 0.37
v 0.4505783 -0.0461551 0.37
v 0.45279765 -0.04733628 0.36733627
v 0.4505783 -0.04728127 0.3672812
v 0.45279765 -0.05000001 0.36623293
v 0.4505783 -0.05000001 0.36615509
v 0.4505783 -0.05271876 0.3672812
v 0.45279765 -0.05266374 0.36733627
v 0.4505783 -0.05384493 0.37
v 0.45292637 -0.05000001 0.37
v 0.45279765 -0.05376709 0.37
v 0.4505783 -0.05271876 0.37271875
v 0.45279765 -0.05266374 0.37266374
v 0.45279765 -0.04733628 0.37266374
v 0.44975218 -0.01000002 0.37384492
v 0.45197153 -0.00733629 0.37266374
v 0.44975218 -0.00728127 0.37271875
v 0.45197153 -0.00623295 0.37
v 0.44975218 -0.0061551 0.37
v 0.45197153 -0.00733629 0.36733627
v 0.44975218 -0.00728127 0.3672812
v 0.45197153 -0.01000002 0.36623293
v 0.44975218 -0.01000002 0.36615509
v 0.44975218 -0.01271877 0.3672812
v 0.45197153 -0.01266375 0.36733627
v 0.44975218 -0.01384494 0.37
v 0.45210025 -0.01000002 0.37
v 0.45197153 -0.01376709 0.37
v 0.44975218 -0.01271877 0.37271875
v 0.45197153 -0.01000002 0.37376708
v 0.45197153 -0.01266375 0.37266374
v -0.44975215 0.07271874 1.00271869
v -0.45197147 0.06999999 1.00376701
v -0.44975215 0.06999999 1.00384486
v -0.44975215 0.07384491 0.99999994
v -0.45197147 0.07266372 1.00266361
v -0.45197147 0.07266372 0.99733621
v -0.45197147 0.07376707 0.99999994
v -0.44975215 0.07271874 0.99728119
v -0.45197147 0.06999999 0.99623287
v -0.44975215 0.06999999 0.99615502
v -0.45197147 0.06733626 0.99733621
v -0.44975215 0.06728125 0.99728119
v -0.45197147 0.06623292 0.99999994
v -0.45210022 0.06999999 0.99999994
v -0.44975215 0.06615508 0.99999994
v -0.45197153 0.06733626 1.00266361
v -0.44975215 0.06728125 1.00271869
v -0.45057821 -0.04728125 0.37271881
v -0.45279759 -0.05 0.37376714
v -0.45057821 -0.05 0.37384498
v -0.45279759 -0.04623292 0.37000006
v -0.45279759 -0.04733627 0.3726638
v -0.45057821 -0.04615508 0.37000006
v -0.45279759 -0.04733627 0.36733633
v -0.45057821 -0.04728125 0.36728126
v -0.45279759 -0.05 0.36623299
v -0.45057821 -0.05271874 0.36728126
v -0.45057821 -0.05 0.36615515
v -0.45057821 -0.05384491 0.37000006
v -0.45279759 -0.05266373 0.36733633
v -0.45292628 -0.05 0.37000006
v -0.45279759 -0.05376707 0.37000006
v -0.45057821 -0.05271874 0.37271881
v -0.45279759 -0.05266373 0.3726638
v -0.44975209 -0.00728126 0.37271881
v -0.45197147 -0.01000001 0.37376714
v -0.44975209 -0.01000001 0.37384498
v -0.45197147 -0.00623293 0.37000006
v -0.45197147 -0.00733627 0.3726638
v -0.44975209 -0.00615509 0.37000006
v -0.45197147 -0.00733627 0.36733633
v -0.44975209 -0.00728126 0.36728126
v -0.45197147 -0.01000001 0.36623299
v -0.44975209 -0.01271875 0.36728126
v -0.44975209 -0.01000001 0.36615515
v -0.44975209 -0.01384492 0.37000006
v -0.45197147 -0.01266374 0.36733633
v -0.45210016 -0.01000001 0.37000006
v -0.45197147 -0.01376708 0.37000006
v -0.44975209 -0.01271875 0.37271881
v -0.45197147 -0.01266374 0.3726638
v 0.42221928 -0.14000002 0.01776707
v 0.4199999 -0.13728127 0.01671875
v 0.41999993 -0.14000002 0.01784492
v 0.42221928 -0.13733628 0.01666367
v 0.4199999 -0.1361551 0.014
v 0.42221928 -0.13733628 0.01133627
v 0.4199999 -0.13728127 0.01128119
v 0.42221928 -0.14000002 0.01023293
v 0.4199999 -0.14000002 0.01015508
v 0.4199999 -0.14271876 0.01128119
v 0.42221928 -0.14266375 0.01133627
v 0.41999993 -0.14384493 0.014
v 0.42234799 -0.14000002 0.014
v 0.42221928 -0.14266375 0.01666367
v 0.41999993 -0.14271876 0.01671875
v 0.42221928 -0.13623294 0.014
v 0.42221928 -0.14000002 0.13176706
v 0.41999993 -0.13728127 0.13071874
v 0.41999993 -0.14000002 0.13184491
v 0.42221928 -0.13733628 0.13066369
v 0.41999993 -0.1361551 0.12799999
v 0.42221928 -0.13733628 0.12533626
v 0.41999993 -0.13728127 0.12528121
v 0.42221928 -0.14000002 0.12423292
v 0.41999993 -0.14000002 0.12415507
v 0.41999993 -0.14271876 0.12528121
v 0.42221928 -0.14376709 0.12799999
v 0.41999993 -0.14384493 0.12799999
v 0.42234799 -0.14000002 0.12799999
v 0.42221928 -0.14266375 0.12533626
v 0.42221928 -0.14266375 0.13066369
v 0.41999993 -0.14271876 0.13071874
v 0.42221928 -0.13623294 0.12799999
v 0.42221928 0.13999999 0.01776707
v 0.4199999 0.14271873 0.01671875
v 0.4199999 0.13999999 0.01784492
v 0.42221928 0.14266372 0.01666367
v 0.4199999 0.1438449 0.014
v 0.42221928 0.14266372 0.01133627
v 0.4199999 0.14271873 0.01128119
v 0.42221928 0.13999999 0.01023293
v 0.4199999 0.13999999 0.01015508
v 0.4199999 0.13728124 0.01128119
v 0.42221928 0.13733625 0.01133627
v 0.4199999 0.13615507 0.014
v 0.42234799 0.13999999 0.014
v 0.42221928 0.13733625 0.01666367
v 0.4199999 0.13728124 0.01671875
v 0.42221928 0.14376706 0.014
v 0.42221928 0.13999999 0.13176706
v 0.4199999 0.14271873 0.13071874
v 0.4199999 0.13999999 0.13184491
v 0.42221928 0.14266372 0.13066369
v 0.4199999 0.1438449 0.12799999
v 0.42221928 0.14376706 0.12799999
v 0.4199999 0.14271873 0.12528121
v 0.42221928 0.13999999 0.12423292
v 0.4199999 0.13999999 0.12415507
v 0.4199999 0.13728124 0.12528121
v 0.42221928 0.13733625 0.12533626
v 0.4199999 0.13615507 0.12799999
v 0.42234799 0.13999999 0.12799999
v 0.42221928 0.13733625 0.13066369
v 0.4199999 0.13728124 0.13071874
v 0.42221928 0.14266372 0.12533626
v -0.41999987 -0.14 0.01784492
v -0.42221919 -0.13733627 0.01666367
v -0.42221925 -0.14 0.01776707
v -0.41999987 -0.13615508 0.014
v -0.41999987 -0.13728125 0.01671875
v -0.42221919 -0.13733627 0.01133627
v -0.42221919 -0.13623293 0.014
v -0.41999987 -0.13728125 0.01128119
v -0.42221919 -0.14 0.01023293
v -0.41999987 -0.14271875 0.01128119
v -0.41999987 -0.14 0.01015508
v -0.41999987 -0.14384492 0.014
v -0.42221919 -0.14266373 0.01133627
v -0.42234793 -0.14 0.014
v -0.42221925 -0.14376707 0.014
v -0.42221925 -0.14266373 0.01666367
v -0.41999987 -0.14271875 0.01671875
v -0.41999987 -0.13728125 0.13071874
v -0.42221925 -0.14 0.13176706
v -0.41999987 -0.14 0.13184491
v -0.42221925 -0.13623293 0.12799999
v -0.42221925 -0.13733627 0.13066369
v -0.41999987 -0.13615508 0.12799999
v -0.42221925 -0.13733627 0.12533626
v -0.41999987 -0.13728125 0.12528121
v -0.42221925 -0.14 0.12423292
v -0.41999987 -0.14271875 0.12528121
v -0.41999987 -0.14 0.12415507
v -0.41999987 -0.14384492 0.12799999
v -0.42221925 -0.14266373 0.12533626
v -0.42234793 -0.14 0.12799999
v -0.42221925 -0.14376707 0.12799999
v -0.42221925 -0.14266373 0.13066369
v -0.41999987 -0.14271875 0.13071874
v -0.41999981 0.14271873 0.01671875
v -0.42221919 0.13999999 0.01776707
v -0.41999981 0.13999999 0.01784492
v -0.41999981 0.1438449 0.014
v -0.42221919 0.14266372 0.01666367
v -0.42221919 0.14266372 0.01133627
v -0.42221919 0.14376706 0.014
v -0.41999981 0.14271873 0.01128119
v -0.42221919 0.13999999 0.01023293
v -0.41999981 0.13728124 0.01128119
v -0.41999981 0.13999999 0.01015508
v -0.41999981 0.13615507 0.014
v -0.42221919 0.13733625 0.01133627
v -0.42234793 0.13999999 0.014
v -0.42221919 0.13623291 0.014
v -0.42221919 0.13733625 0.01666367
v -0.41999981 0.13728124 0.01671875
v -0.41999987 0.14271873 0.13071874
v -0.42221919 0.13999999 0.13176706
v -0.41999987 0.13999999 0.13184491
v -0.41999987 0.1438449 0.12799999
v -0.42221919 0.14266372 0.13066369
v -0.42221919 0.14266372 0.12533626
v -0.42221919 0.14376706 0.12799999
v -0.41999987 0.13999999 0.12415507
v -0.41999981 0.14271873 0.12528121
v -0.41999987 0.13728124 0.12528121
v -0.42221919 0.13999999 0.12423292
v -0.41999987 0.13615507 0.12799999
v -0.42221919 0.13733625 0.12533626
v -0.42234793 0.13999999 0.12799999
v -0.42221919 0.13623291 0.12799999
v -0.42221919 0.13733625 0.13066369
v -0.41999987 0.13728124 0.13071874
v 0.33999997 0.19200081 0.2860834
v 0.33728123 0.18978143 0.28503507
v 0.33999997 0.18978146 0.28616124
v 0.33733624 0.19200081 0.28498003
v 0.33615506 0.18978143 0.28231633
v 0.33733624 0.19200081 0.2796526
v 0.33728123 0.18978143 0.27959755
v 0.33999997 0.19200081 0.27854925
v 0.33999997 0.18978143 0.27847141
v 0.34271872 0.18978146 0.27959755
v 0.34266371 0.19200081 0.2796526
v 0.34384489 0.18978146 0.28231633
v 0.33999997 0.19212952 0.28231633
v 0.34266371 0.19200081 0.28498003
v 0.34271872 0.18978146 0.28503507
v 0.3362329 0.19200081 0.28231633
v -0.33999997 0.18978143 0.28616124
v -0.33733624 0.19200081 0.28498003
v -0.33999997 0.19200081 0.2860834
v -0.33615506 0.18978143 0.28231633
v -0.33728123 0.18978143 0.28503507
v -0.33733624 0.19200081 0.2796526
v -0.3362329 0.19200081 0.28231633
v -0.33728123 0.18978143 0.27959755
v -0.33999997 0.19200081 0.27854925
v -0.34271872 0.18978143 0.27959755
v -0.33999997 0.18978143 0.27847141
v -0.34384489 0.18978143 0.28231633
v -0.34266371 0.19200081 0.2796526
v -0.33999997 0.19212952 0.28231633
v -0.34376705 0.19200081 0.28231633
v -0.34266371 0.19200081 0.28498003
v -0.34271872 0.18978143 0.28503507
v 0.30000001 0.19205293 0.2860834
v 0.29728127 0.18983355 0.28503507
v 0.30000001 0.18983358 0.28616124
v 0.29733628 0.19205293 0.28498003
v 0.2961551 0.18983355 0.28231633
v 0.29623294 0.19205293 0.28231633
v 0.29728127 0.18983355 0.27959755
v 0.30000001 0.19205293 0.27854925
v 0.30000001 0.18983355 0.27847141
v 0.30271876 0.18983358 0.27959755
v 0.30266374 0.19205293 0.2796526
v 0.30384493 0.18983358 0.28231633
v 0.30000001 0.19218165 0.28231633
v 0.30376709 0.19205293 0.28231633
v 0.30271876 0.18983358 0.28503507
v 0.29733628 0.19205293 0.2796526
v 0.30266374 0.19205293 0.28498003
v 0.33999997 0.18978146 0.90228522
v 0.33733624 0.19200081 0.90110397
v 0.33728123 0.18978143 0.90115905
v 0.33615506 0.18978143 0.8984403
v 0.3362329 0.19200081 0.8984403
v 0.33728123 0.18978143 0.8957215
v 0.33999997 0.19200081 0.89467323
v 0.33999997 0.18978143 0.89459538
v 0.34266371 0.19200081 0.89577657
v 0.34271872 0.18978146 0.8957215
v 0.34376705 0.19200081 0.8984403
v 0.34384489 0.18978146 0.8984403
v 0.33999997 0.19212952 0.8984403
v 0.34266371 0.19200081 0.90110397
v 0.34271872 0.18978146 0.90115905
v 0.33999997 0.19200081 0.90220737
v 0.33733624 0.19200081 0.89577657
v -0.11000009 0.19200066 0.90220737
v -0.11271884 0.18978131 0.90115905
v -0.11000009 0.18978131 0.90228522
v -0.11266382 0.19200066 0.90110397
v -0.11384501 0.18978131 0.8984403
v -0.11376716 0.19200066 0.8984403
v -0.11271884 0.18978131 0.8957215
v -0.11000009 0.19200066 0.89467323
v -0.11000009 0.18978131 0.89459538
v -0.10728134 0.18978131 0.8957215
v -0.10623302 0.19200066 0.8984403
v -0.10615517 0.18978131 0.8984403
v -0.11000009 0.19212937 0.8984403
v -0.10733636 0.19200066 0.89577657
v -0.10733636 0.19200066 0.90110397
v -0.10728134 0.18978131 0.90115905
v -0.11266382 0.19200066 0.89577657
v -0.33728123 0.18978143 0.90115911
v -0.33999997 0.19200081 0.90220743
v -0.33999997 0.18978143 0.90228528
v -0.3362329 0.19200081 0.89844036
v -0.33733624 0.19200081 0.90110409
v -0.33728123 0.18978143 0.89572161
v -0.33615506 0.18978143 0.89844036
v -0.33999997 0.19200081 0.89467329
v -0.33733624 0.19200081 0.89577663
v -0.34271872 0.18978143 0.89572161
v -0.33999997 0.18978143 0.89459544
v -0.34376705 0.19200081 0.89844036
v -0.34266371 0.19200081 0.89577663
v -0.33999997 0.19212952 0.89844036
v -0.34271872 0.18978143 0.90115911
v -0.34384489 0.18978143 0.89844036
v -0.34266371 0.19200081 0.90110409
v 0.11000003 0.18978128 0.90228528
v 0.11266376 0.19200066 0.90110409
v 0.11000003 0.19200066 0.90220743
v 0.11384495 0.18978128 0.89844036
v 0.11271878 0.18978128 0.90115911
v 0.11266376 0.19200066 0.89577663
v 0.1137671 0.19200066 0.89844036
v 0.11000003 0.18978128 0.89459544
v 0.11271878 0.18978128 0.89572161
v 0.1073363 0.19200066 0.89577663
v 0.11000003 0.19200066 0.89467329
v 0.10728128 0.18978128 0.89572161
v 0.10623296 0.19200066 0.89844036
v 0.11000003 0.19212937 0.89844036
v 0.10728128 0.18978128 0.90115911
v 0.10615511 0.18978128 0.89844036
v 0.1073363 0.19200066 0.90110409
v 0.11 0.19205293 0.2860834
v 0.10728125 0.18983355 0.28503507
v 0.11 0.18983358 0.28616124
v 0.10733627 0.19205293 0.28498003
v 0.10615508 0.18983355 0.28231633
v 0.10733627 0.19205293 0.2796526
v 0.10728125 0.18983355 0.27959755
v 0.11 0.19205293 0.27854925
v 0.11 0.18983355 0.27847141
v 0.11271875 0.18983358 0.27959755
v 0.11266373 0.19205293 0.2796526
v 0.11384492 0.18983358 0.28231633
v 0.11 0.19218165 0.28231633
v 0.11266373 0.19205293 0.28498003
v 0.11271875 0.18983358 0.28503507
v 0.10623293 0.19205293 0.28231633
v 0.41511327 -0.17 0.18912095
v -0.44499999 -0.17 1.05999994
v 0.00146447 -0.17 1.05853558
v 0.06334618 -0.19358926 0.51617122
v 0.03223293 -0.20121938 0.62399995
v 0.03223293 -0.19625284 0.73689824
v 0.07029757 -0.19625284 0.73689824
v 0.3962329 -0.19625282 0.34300002
v 0.3962329 -0.19625284 0.48141685
v -0.03376706 -0.19625284 0.65999997
v -0.03376706 -0.19625284 0.73689824
v 0.45207098 -0.10376707 0.18316633
v 0.45207098 -0.10376707 0.46716633
v 0.45207101 -0.10376707 0.75116634
v 0.45207098 0.16623291 0.18316633
v -0.40376708 -0.16204534 0.014
v -0.00376708 -0.16204534 0.014
v -0.00376708 -0.16204534 0.12799999
v 0.42221928 -0.14376709 0.014
v 0.42221928 0.13623291 0.014
v 0.42221928 0.13623291 0.12799999
v 0.34376705 0.19200081 0.28231633
v 0.11376707 0.19205293 0.28231633
vn -0.14557 0.73188 -0.66571
vn -0 0.7071 -0.70712
vn -0.1282 0.64452 -0.75376
vn -0.90453 -0.30151 0.30151
vn -0.19509 -0.98079 0
vn -0.7071 -0.70712 0
vn -0.19509 -0.98079 0
vn -0.70711 -0.7071 0
vn -0.19509 -0.98079 0
vn -0.7071 0 -0.70711
vn -0.64452 -0.1282 -0.75376
vn -0.57734 -0.57738 -0.57733
vn 0 1 0
vn -0.14558 0.73186 0.66573
vn 0 0.70712 0.7071
vn 0 0.70712 0.7071
vn 0.30152 0.30152 0.90453
vn 0.14558 0.73186 0.66573
vn 0 0 -1
vn 0 -0.70711 -0.70711
vn 0 -0.70709 -0.70712
vn -0.90453 -0.30151 0.30151
vn 0 -1 0
vn -0.70709 -0.70712 0
vn -0.70712 0 0.70709
vn -0.73186 -0.14558 0.66573
vn -0.54899 -0.54898 0.63026
vn 0 -0.70711 0.7071
vn 0 -0.70711 0.70711
vn -0 -0.70711 -0.7071
vn 0 -1 0
vn -0.42028 -0.42028 -0.8042
vn -0.73186 0.14557 -0.66572
vn -0.98079 -0.19509 0
vn -0.98079 0.19509 0
vn -1 0 0
vn -0.7071 -0.70711 0
vn 0 -1 0
vn 0 -1 0
vn 0 -1 0
vn -0.73187 -0.14557 -0.66572
vn -0.70711 0 -0.7071
vn -0.54899 -0.54898 -0.63027
vn -0.14558 -0.73188 -0.6657
vn -0.98079 0.19509 0
vn -0.70711 0.70711 0
vn -0.98079 0.19509 0
vn -0.1282 -0.64451 -0.75377
vn -0.54899 0.54899 0.63025
vn -0.30152 0.30152 0.90453
vn -0.73186 0.14557 0.66572
vn -0.70711 0.7071 0
vn -0.19509 0.98079 0
vn -0.54899 0.54899 -0.63025
vn -0.64453 0.1282 -0.75376
vn -0.70711 0.70711 0
vn -0.98079 0.19509 0
vn -0.42029 0.42028 -0.80419
vn -0.19509 0.98079 0
vn -0.70711 -0.70711 0
vn -0.19509 -0.98079 0
vn -0.98079 -0.19508 0
vn -0.70711 -0.70711 0
vn -0.70712 0 -0.7071
vn -0.30152 -0.30152 -0.90453
vn 0 -1 0
vn -0 -0.7071 -0.70711
vn -0.70711 0.7071 0
vn -0.14558 -0.73187 0.66571
vn -1 0 0
vn 0.98079 0.19509 0
vn 1 0 0
vn 1 0 0
vn -0.70711 0.70711 0
vn -0.19509 0.98079 0
vn -0 1 -0
vn -0.19509 0.98079 0
vn -0 -1 0
vn -0 -1 0
vn 0.14557 0.73187 -0.66571
vn 0.1282 0.64452 -0.75376
vn 0 0.70709 -0.70712
vn 0.98079 -0.19509 0
vn 0.70711 -0.70711 0
vn 0.70711 -0.70711 0
vn 0.19509 -0.98079 0
vn 0.90453 -0.30151 0.30151
vn 0.7071 -0.70712 0
vn 0 -1 0
vn 0.19509 -0.98079 0
vn 0.19509 -0.98079 0
vn 0.7071 0 -0.70711
vn 0.57734 -0.57738 -0.57733
vn 0.64452 -0.1282 -0.75376
vn 0 -0.7071 -0.70712
vn -0 -1 0
vn -0 -0.7071 -0.70711
vn 0.90453 -0.30151 0.30151
vn 0.70709 -0.70712 0
vn 0.70712 0 0.70709
vn 0.54899 -0.54898 0.63026
vn 0.73186 -0.14558 0.66573
vn 0 -0.70711 -0.7071
vn -0 -1 0
vn 0.42028 -0.42028 -0.80419
vn 0.98079 -0.19509 0
vn 0.73186 0.14557 -0.66572
vn 0.98079 0.19509 0
vn 1 0 0
vn 0.7071 -0.70711 0
vn 0 -1 0
vn 0.57734 -0.57736 0.57734
vn 0.73187 -0.14557 -0.66572
vn 0.54899 -0.54898 -0.63027
vn 0.70712 0 -0.7071
vn 0.14558 -0.73188 -0.6657
vn 0.7071 0.70711 0
vn 0.98079 0.19509 0
vn 0.1282 -0.64451 -0.75377
vn 0 -0.70709 -0.70712
vn 0.54899 0.549 0.63025
vn 0.73186 0.14558 0.66572
vn 0.70711 0.7071 0
vn 0.19509 0.98079 0
vn 0.54899 0.54899 -0.63025
vn 0.70711 0.70711 0
vn 0.64453 0.1282 -0.75376
vn 0.98079 0.19509 0
vn 0.19509 0.98079 0
vn 0.42029 0.42029 -0.80419
vn 0.70711 -0.70711 0
vn 0.98079 -0.19509 0
vn 0.7071 -0.70711 0
vn 0.30152 -0.30152 -0.90453
vn 0.7071 0 -0.70711
vn -0 -0.70709 -0.70712
vn 0 -0.7071 -0.70711
vn 0.70711 0.70711 0
vn 0.14558 -0.73187 0.66571
vn 1 0 0
vn 0.19139 0.96218 -0.19384
vn 0 1 0
vn 0.19509 0.98079 0
vn 0.70711 0.70711 0
vn 0.19509 0.98079 0
vn 0 1 0
vn 0.98079 -0.19509 0
vn 0.6929 -0.6929 -0.19944
vn 0.96218 -0.19139 -0.19384
vn 0 -0.70711 -0.70711
vn 0 -0.19509 -0.98078
vn 0 -0.70711 -0.70711
vn -0.70711 -0.70711 0
vn -1 0 0
vn -0.96218 0.19139 -0.19384
vn -0.96218 -0.19139 -0.19384
vn 0 0 -1
vn 0 -0.19509 -0.98078
vn 0 0 -1
vn 0 -1 0
vn -0 -0.98079 -0.19509
vn 0 -0.98078 -0.19509
vn -0 -0.70709 -0.70712
vn -0 1 0
vn -0.19139 0.96218 -0.19384
vn -0.6929 -0.6929 -0.19945
vn 0 0.98078 -0.19509
vn 0 0.70711 -0.70711
vn 0 0.98079 -0.19509
vn 0 0 -1
vn 0 0 -1
vn 0 0 -1
vn -0.98079 -0.19509 0
vn 0.19509 -0.98079 0
vn 1 0 0
vn -1 0 0
vn -1 0 0
vn 0 -0.70709 -0.70712
vn 0 -0.7071 -0.70712
vn 0 -0.7071 -0.70711
vn 0 -0.70709 -0.70712
vn -0 -0.70711 -0.7071
vn -0 -0.19509 -0.98078
vn 0 0 -1
vn 0 -0.7071 -0.70711
vn 0 -1 -0
vn -0 -0.70709 -0.70712
vn -0 -1 0
vn 0 -1 0
vn 0 -0.7071 -0.70712
vn 0 0.70712 0.70709
vn 0 1 0
vn 0 1 0
vn 0 0.70711 0.7071
vn 0 1 0
vn 0 0.70712 0.70709
vn 0 1 0
vn -0 0.70712 -0.7071
vn 0 1 0
vn 0 0.70713 -0.70709
vn 0 0.70712 -0.70709
vn -0.57734 -0.57736 0.57734
vn 0 0.70712 -0.70709
vn 0 0.70712 -0.7071
vn 0 0.7071 -0.70711
vn 0 0.70712 0.7071
vn 0 1 0
vn 0 0.70711 0.7071
vn 0 0.70712 0.7071
vn 0 1 0
vn 0 1 0
vn 0 0 -1
vn -0.98079 -0.19509 0
vn -0.15898 0.15898 -0.9744
vn -0.71095 0.14142 -0.68888
vn -0.51687 0.51687 -0.68242
vn -0.6929 0.6929 -0.19945
vn -0.14141 0.71095 -0.68888
vn -0.04187 0.21049 -0.9767
vn -0.15898 -0.15898 -0.9744
vn -0.14141 -0.71095 -0.68888
vn -0.51687 -0.51687 -0.68242
vn -0.19139 -0.96218 -0.19384
vn -0.21049 -0.04187 -0.9767
vn -0.21049 0.04187 -0.9767
vn -0.71095 -0.14142 -0.68888
vn 0 0.70711 -0.7071
vn -0 0.19509 -0.98078
vn 0 0.98079 -0.19509
vn 0.96218 0.19139 -0.19384
vn 0.51687 0.51687 -0.68241
vn 0.6929 0.6929 -0.19944
vn 0.71095 0.14141 -0.68888
vn 0.15898 0.15898 -0.9744
vn 0.14141 0.71095 -0.68888
vn 0.04187 0.21049 -0.9767
vn 0.19139 -0.96218 -0.19384
vn 0.51687 -0.51687 -0.68241
vn 0.14141 -0.71095 -0.68888
vn 0.15898 -0.15898 -0.9744
vn 0.71095 -0.14141 -0.68888
vn 0.21049 0.04187 -0.9767
vn 0.21049 -0.04187 -0.9767
vn -0 -1 0
vn 0 0 -1
vn 0 0 -1
vn 0 -0.70711 -0.70711
vn 0 -1 0
vn 0 -0.98079 -0.19509
vn 0 -0.98079 -0.19509
vn -0 -0.70711 -0.70711
vn 0 -0.19509 -0.98078
vn 0 0 -1
vn 0 0 -1
vn 0 -0.70711 -0.70711
vn 0 -0.70711 -0.70711
vn 0 -0.19509 -0.98078
vn 0 0.98079 -0.19509
vn 0 0.70711 -0.70711
vn 0 -0.70711 -0.70711
vn 0 -0.98078 -0.19509
vn 0 -0.70711 -0.70711
vn 0 -0.19509 -0.98078
vn -0 0.19509 -0.98078
vn -0 0.70711 -0.70711
vn 0 0.98079 -0.19509
vn 0 0.70711 -0.70711
vn 0 0.98078 -0.19509
vn 0 -0.70711 -0.7071
vn 0 -0.98078 -0.19509
vn 0 -0.70711 -0.70711
vn 0 -0.98079 -0.19509
vn 0 -0.70711 -0.70711
vn 0 0 -1
vn 0 0 -1
vn 0 0 -1
vn 0 0 -1
vn 0 0.19509 -0.98079
vn -0 0.70711 -0.7071
vn -0 0.19509 -0.98079
vn -0 0.70711 -0.7071
vn 0 0.19509 -0.98078
vn 0 -0.19509 -0.98078
vn 0 -0.19509 -0.98078
vn 0 0.70711 -0.7071
vn -0 0.98079 -0.19509
vn 0 -1 0
vn 0 -1 0
vn 0 0.19509 -0.98078
vn 0 0 -1
vn -0 0.98079 -0.19509
vn 0 0 -1
vn 0 0 -1
vn 0 0.70711 -0.70711
vn 0 0.19509 -0.98078
vn 0 0.19509 -0.98078
vn 0 -1 0
vn 0 -1 0
vn -0.04187 -0.21049 -0.9767
vn 0 -0.98079 -0.19509
vn 0.04187 -0.21049 -0.9767
vn 0 0.19509 -0.98078
vn -0 0.98079 -0.19509
vn 0 0 -1
vn 0 0 -1
vn 0 0 -1
vn 0 0.70711 -0.70711
vn 0 -1 0
vn 0 0.70711 -0.7071
vn 0 0.98079 -0.19509
vn 0 0.19509 -0.98078
vn 0 -0.19509 -0.98078
vn 0 -0.19509 -0.98078
vn 0 0 -1
vn 0 0 -1
vn 0 -0.98079 -0.19509
vn 0 -0.98078 -0.19509
vn 0 0 -1
vn 0 -0.1951 -0.98078
vn 0 0 -1
vn 0 0 -1
vn 0 -1 0
vn 0 1 -0
vn 0 1 -0
vn 0 -1 0
vn 0 -1 0
vn 0 0.98079 -0.19509
vn 0 1 0
vn 0 1 0
vn 0 -1 0
vn -0.48209 -0.81722 0.31581
vn -0.21697 -0.95613 0.19685
vn -0.35336 -0.92865 0.11289
vn -0.1382 -0.93063 0.33886
vn -0.27453 -0.81896 0.50393
vn -0.18799 -0.7997 -0.57021
vn -0.49278 -0.61991 -0.61064
vn -0.09226 -0.84035 0.53413
vn -0.06329 -0.94997 0.30585
vn -0.11416 -0.96665 0.22923
vn 0.49278 -0.61991 -0.61064
vn 0.18799 -0.7997 -0.57021
vn -0.49278 -0.61991 -0.61063
vn 0.49278 -0.61991 -0.61064
vn 0 -1 0
vn 0 -1 0
vn 0.0072 -0.93455 0.35575
vn 0 -1 0
vn -0.0072 -0.93455 0.35575
vn -0.18294 -0.97669 -0.11226
vn 0 -1 0
vn 0 -1 0
vn 0.18294 -0.97669 -0.11226
vn 0.1382 -0.93063 0.33886
vn 0.18799 -0.7997 -0.57021
vn 0.09226 -0.84035 0.53413
vn 0.21697 -0.95612 0.19685
vn 0.48209 -0.81722 0.31581
vn 0.35337 -0.92865 0.1129
vn 0.27453 -0.81896 0.50393
vn 0.06329 -0.94997 0.30585
vn 0.11416 -0.96665 0.22923
vn 0 -1 0
vn -0.18294 -0.97669 -0.11226
vn 0 -1 -0
vn 0 -1 -0
vn 0.18294 -0.97669 -0.11226
vn 0 -1 0
vn 0 -1 0
vn 0.35337 -0.92865 0.1129
vn -0.18294 -0.97669 -0.11226
vn -0.35336 -0.92865 0.11289
vn 0.1382 -0.93063 0.33886
vn -0.09226 -0.84035 0.53413
vn -0.1382 -0.93063 0.33886
vn -0.48209 -0.81722 0.31581
vn -0.21697 -0.95612 0.19685
vn -0.35336 -0.92865 0.11289
vn -0.27453 -0.81896 0.50393
vn -0.18799 -0.7997 -0.57021
vn -0.06329 -0.94997 0.30585
vn -0.11416 -0.96665 0.22923
vn 0.35336 -0.92865 0.11289
vn 0 -1 0
vn 0.21697 -0.95613 0.19685
vn 0.0072 -0.93455 0.35575
vn 0 -1 0
vn -0.0072 -0.93455 0.35575
vn 0 -1 0
vn 0 -1 -0
vn 0 -1 -0
vn 0.09226 -0.84035 0.53413
vn 0.48209 -0.81722 0.31581
vn 0.27453 -0.81896 0.50393
vn 0.06329 -0.94997 0.30585
vn 0.11416 -0.96665 0.22923
vn 0 -1 0
vn 0 -1 0
vn 0 -1 0
vn 0 -1 0
vn 0 -1 0
vn 0 -1 0
vn 0 -1 0
vn 0 -1 0
vn 0 -1 0
vn 0 -1 0
vn 0 -1 -0
vn 0 -1 0
vn 0.18799 -0.7997 -0.57021
vn -0.49278 -0.61991 -0.61063
vn 0.49278 -0.61991 -0.61064
vn -0.21696 -0.95613 0.19684
vn 0 -1 0
vn -0.35336 -0.92865 0.11289
vn -0.18294 -0.97669 -0.11226
vn 0.18294 -0.97669 -0.11226
vn 0.1382 -0.93063 0.33886
vn -0.09226 -0.84035 0.53413
vn -0.1382 -0.93063 0.33886
vn -0.48209 -0.81722 0.31581
vn -0.27453 -0.81896 0.50393
vn -0.18799 -0.7997 -0.57022
vn -0.06329 -0.94997 0.30585
vn -0.11416 -0.96665 0.22923
vn 0.35336 -0.92865 0.11289
vn 0 -1 0
vn 0.21697 -0.95613 0.19685
vn 0.0072 -0.93456 0.35575
vn 0 -1 0
vn -0.0072 -0.93455 0.35575
vn 0.09226 -0.84035 0.53413
vn 0.48209 -0.81722 0.31581
vn 0.27453 -0.81896 0.50393
vn 0.06329 -0.94997 0.30585
vn 0.11416 -0.96665 0.22923
vn 0 -1 0
vn 0 -1 0
vn 0 -1 0
vn 0 -1 0
vn 0 -1 0
vn 0 -1 0
vn 0 -1 0
vn 0 -1 0
vn -0.48209 -0.81722 0.31581
vn -0.21697 -0.95613 0.19685
vn -0.35336 -0.92865 0.11289
vn -0.1382 -0.93063 0.33886
vn -0.27453 -0.81896 0.50393
vn -0.18799 -0.7997 -0.57021
vn -0.49278 -0.61991 -0.61064
vn -0.09226 -0.84035 0.53413
vn -0.06329 -0.94997 0.30585
vn -0.11416 -0.96665 0.22923
vn 0.49278 -0.61991 -0.61064
vn 0.18799 -0.7997 -0.57021
vn -0.49278 -0.61991 -0.61063
vn 0.49278 -0.61991 -0.61064
vn 0 -1 0
vn 0.0072 -0.93456 0.35575
vn 0 -1 0
vn -0.0072 -0.93455 0.35575
vn -0.18294 -0.97669 -0.11226
vn 0 -1 0
vn 0.18294 -0.97669 -0.11226
vn 0.1382 -0.93063 0.33886
vn 0.18799 -0.7997 -0.57021
vn 0.09226 -0.84035 0.53413
vn 0.21697 -0.95612 0.19685
vn 0.48209 -0.81722 0.31581
vn 0.27453 -0.81896 0.50393
vn 0.06329 -0.94997 0.30585
vn 0.11416 -0.96665 0.22923
vn 0 -1 0
vn 0 -1 0
vn 0 -1 0
vn 0.18294 -0.97669 -0.11226
vn 0 -1 0
vn 0 -1 0
vn 0 -1 0
vn 0.1382 -0.93063 0.33886
vn -0.09226 -0.84035 0.53413
vn -0.1382 -0.93063 0.33886
vn -0.48209 -0.81722 0.31581
vn -0.21697 -0.95612 0.19685
vn -0.27453 -0.81896 0.50393
vn -0.18799 -0.7997 -0.57022
vn -0.06329 -0.94997 0.30585
vn -0.11416 -0.96665 0.22923
vn 0.35336 -0.92865 0.11289
vn 0.21697 -0.95613 0.19685
vn 0.0072 -0.93455 0.35575
vn 0 -1 0
vn -0.0072 -0.93455 0.35575
vn 0 -1 0
vn 0 -1 0
vn 0.09226 -0.84035 0.53413
vn 0.48209 -0.81722 0.31581
vn 0.27453 -0.81896 0.50393
vn 0.06329 -0.94997 0.30585
vn 0.11416 -0.96665 0.22923
vn 0 -1 0
vn 0 -1 0
vn 0 -1 0
vn 0 -1 0
vn 0 -1 0
vn 0 -1 0
vn -0 -1 -0
vn 0 -1 0
vn 0 -1 0
vn 0 -1 0
vn 0.18799 -0.7997 -0.57021
vn -0.49278 -0.61991 -0.61063
vn 0.49278 -0.61991 -0.61064
vn -0.21696 -0.95613 0.19684
vn -0.35336 -0.92865 0.11289
vn -0.18294 -0.97669 -0.11226
vn 0.18294 -0.97669 -0.11226
vn 0.1382 -0.93063 0.33886
vn -0.09226 -0.84035 0.53413
vn -0.1382 -0.93063 0.33886
vn -0.48209 -0.81722 0.31581
vn -0.27453 -0.81896 0.50393
vn -0.18799 -0.7997 -0.57022
vn -0.06329 -0.94997 0.30585
vn -0.11416 -0.96665 0.22923
vn 0.35336 -0.92865 0.11289
vn 0.21697 -0.95613 0.19685
vn 0.0072 -0.93456 0.35575
vn -0.0072 -0.93455 0.35575
vn 0.09226 -0.84035 0.53413
vn 0.48209 -0.81722 0.31581
vn 0.27453 -0.81896 0.50393
vn 0.06329 -0.94997 0.30585
vn 0.11416 -0.96665 0.22923
vn 0 -1 -0
vn 0 -1 0
vn 0 -1 0
vn 0 -1 0
vn 0 -1 0
vn -0.48209 -0.81722 0.31581
vn -0.21697 -0.95613 0.19685
vn -0.35336 -0.92865 0.11289
vn -0.1382 -0.93063 0.33886
vn -0.27453 -0.81896 0.50393
vn -0.18799 -0.7997 -0.57021
vn -0.49278 -0.61991 -0.61064
vn -0.09226 -0.84035 0.53413
vn -0.06329 -0.94997 0.30585
vn -0.11416 -0.96665 0.22923
vn 0.49278 -0.61991 -0.61064
vn 0.18799 -0.7997 -0.57021
vn -0.49278 -0.61991 -0.61063
vn 0.49278 -0.61991 -0.61064
vn 0 -1 0
vn 0 -1 0
vn 0.0072 -0.93456 0.35575
vn 0 -1 0
vn -0.0072 -0.93455 0.35575
vn -0.18294 -0.97669 -0.11226
vn 0.18294 -0.97669 -0.11226
vn 0.1382 -0.93063 0.33886
vn 0.18799 -0.7997 -0.57021
vn 0.09226 -0.84035 0.53413
vn 0.21697 -0.95612 0.19685
vn 0.48209 -0.81722 0.31581
vn 0.35337 -0.92865 0.1129
vn 0.27453 -0.81896 0.50393
vn 0.06329 -0.94997 0.30585
vn 0.11416 -0.96665 0.22923
vn -0.18294 -0.97669 -0.11226
vn 0.18294 -0.97669 -0.11226
vn 0 -1 0
vn 0.1382 -0.93063 0.33886
vn -0.09226 -0.84035 0.53413
vn -0.1382 -0.93063 0.33886
vn -0.48209 -0.81722 0.31581
vn -0.21697 -0.95612 0.19685
vn -0.35336 -0.92865 0.11289
vn -0.27453 -0.81896 0.50393
vn -0.18799 -0.7997 -0.57021
vn -0.06329 -0.94997 0.30585
vn -0.11416 -0.96665 0.22923
vn 0.35336 -0.92865 0.11289
vn 0.21697 -0.95613 0.19685
vn 0.0072 -0.93455 0.35575
vn 0 -1 0
vn -0.0072 -0.93455 0.35575
vn 0 -1 0
vn 0.09226 -0.84035 0.53413
vn 0.48209 -0.81722 0.31581
vn 0.27453 -0.81896 0.50393
vn 0.06329 -0.94997 0.30585
vn 0.11416 -0.96665 0.22923
vn 0 -1 0
vn 0 -1 0
vn 0 -1 0
vn 0 -1 0
vn 0.18799 -0.7997 -0.57021
vn -0.49278 -0.61991 -0.61063
vn 0.49278 -0.61991 -0.61064
vn -0.21696 -0.95613 0.19684
vn -0.35336 -0.92865 0.11289
vn -0.18294 -0.97669 -0.11226
vn 0.18294 -0.97669 -0.11226
vn 0.1382 -0.93063 0.33886
vn -0.09226 -0.84035 0.53413
vn -0.1382 -0.93063 0.33886
vn -0.48209 -0.81722 0.31581
vn -0.27453 -0.81896 0.50393
vn -0.18799 -0.7997 -0.57022
vn -0.06329 -0.94997 0.30585
vn -0.11416 -0.96665 0.22923
vn 0.35336 -0.92865 0.11289
vn 0.21697 -0.95613 0.19685
vn 0.0072 -0.93456 0.35575
vn 0 -1 0
vn -0.0072 -0.93455 0.35575
vn 0.09226 -0.84035 0.53413
vn 0.48209 -0.81722 0.31581
vn 0.27453 -0.81896 0.50393
vn 0.06329 -0.94997 0.30585
vn 0.11416 -0.96665 0.22923
vn 0 -1 0
vn 0 -1 0
vn 0 -1 0
vn 0 -1 0
vn 0 -0.98079 -0.19509
vn 0.21697 -0.95613 0.19685
vn 0.48209 -0.81722 0.31581
vn 0.35336 -0.92865 0.11289
vn 0.1382 -0.93063 0.33886
vn 0.27453 -0.81896 0.50393
vn 0.09226 -0.84035 0.53413
vn 0.18799 -0.7997 -0.57021
vn 0.06329 -0.94997 0.30585
vn 0.0072 -0.93455 0.35575
vn 0.49278 -0.61991 -0.61064
vn 0.11416 -0.96665 0.22923
vn -0.49278 -0.61991 -0.61064
vn 0.49278 -0.61991 -0.61063
vn -0.18799 -0.7997 -0.57021
vn -0.49278 -0.61991 -0.61064
vn 0 -1 0
vn 0 -1 0
vn 0 -1 0
vn -0.0072 -0.93456 0.35575
vn 0 -1 0
vn 0.18294 -0.97669 -0.11226
vn 0 -1 0
vn -0.18294 -0.97669 -0.11226
vn -0.1382 -0.93063 0.33886
vn -0.18799 -0.7997 -0.57021
vn -0.09226 -0.84035 0.53413
vn -0.48209 -0.81722 0.31581
vn -0.21697 -0.95612 0.19685
vn -0.35337 -0.92865 0.1129
vn -0.27453 -0.81896 0.50393
vn -0.06329 -0.94997 0.30585
vn -0.11416 -0.96665 0.22923
vn 0.18294 -0.97669 -0.11226
vn 0 -1 0
vn 0 -1 0
vn 0 -1 0
vn -0.18294 -0.97669 -0.11226
vn 0 -1 0
vn 0.11416 -0.96665 0.22923
vn 0.18294 -0.97669 -0.11226
vn -0.35337 -0.92865 0.1129
vn 0.35336 -0.92865 0.11289
vn 0.09226 -0.84035 0.53413
vn -0.1382 -0.93063 0.33886
vn 0.1382 -0.93063 0.33886
vn 0.21697 -0.95612 0.19685
vn 0.48209 -0.81722 0.31581
vn 0.35336 -0.92865 0.11289
vn 0.27453 -0.81896 0.50393
vn 0.18799 -0.7997 -0.57022
vn 0.06329 -0.94997 0.30585
vn 0.0072 -0.93455 0.35575
vn -0.35336 -0.92865 0.11289
vn -0.21697 -0.95613 0.19685
vn 0 -1 0
vn 0 -1 0
vn -0.0072 -0.93455 0.35575
vn 0 -1 0
vn 0 -1 0
vn 0 -0.70711 -0.7071
vn 0 -1 0
vn -0.09226 -0.84035 0.53413
vn -0.48209 -0.81722 0.31581
vn -0.27453 -0.81896 0.50393
vn -0.06329 -0.94997 0.30585
vn -0.11416 -0.96665 0.22923
vn 0 -1 0
vn 0 -1 0
vn 0 1 0
vn 0 1 0
vn 0 1 0
vn 0 1 0
vn 0 1 0
vn 0 -1 0
vn 0 -1 0
vn 0 -1 0
vn 0.49278 -0.61991 -0.61063
vn -0.18799 -0.7997 -0.57021
vn -0.49278 -0.61991 -0.61064
vn 0.21696 -0.95613 0.19684
vn 0.35336 -0.92865 0.11289
vn 0 -1 0
vn 0.18294 -0.97669 -0.11226
vn -0.18294 -0.97669 -0.11226
vn 0.09226 -0.84035 0.53413
vn -0.1382 -0.93063 0.33886
vn 0.1382 -0.93063 0.33886
vn 0.48209 -0.81722 0.31581
vn 0.27453 -0.81896 0.50393
vn 0.18799 -0.7997 -0.57022
vn 0.06329 -0.94997 0.30585
vn 0.0072 -0.93455 0.35575
vn 0.11416 -0.96665 0.22923
vn -0.35336 -0.92865 0.11289
vn -0.21697 -0.95613 0.19685
vn 0 -1 0
vn 0 -1 0
vn -0.0072 -0.93456 0.35575
vn -0.09226 -0.84035 0.53413
vn -0.48209 -0.81722 0.31581
vn -0.27453 -0.81896 0.50393
vn -0.06329 -0.94997 0.30585
vn -0.11416 -0.96665 0.22923
vn 0 -1 0
vn 0 -1 0
vn 0 -1 0
vn 0 -1 0
vn 0 -1 0
vn 0 -1 0
vn 0 -1 0
vn 0 -1 0
vn 0.21697 -0.95613 0.19685
vn 0.48209 -0.81722 0.31581
vn 0.35336 -0.92865 0.11289
vn 0.1382 -0.93063 0.33886
vn 0.27453 -0.81896 0.50393
vn 0.09226 -0.84035 0.53413
vn 0.18799 -0.7997 -0.57021
vn 0.06329 -0.94997 0.30585
vn 0.0072 -0.93455 0.35575
vn 0.49278 -0.61991 -0.61064
vn 0.11416 -0.96665 0.22923
vn -0.49278 -0.61991 -0.61064
vn 0.49278 -0.61991 -0.61063
vn -0.18799 -0.7997 -0.57021
vn -0.49278 -0.61991 -0.61064
vn 0 -1 0
vn 0 -1 0
vn -0.0072 -0.93456 0.35575
vn 0.18294 -0.97669 -0.11226
vn 0 -1 0
vn -0.18294 -0.97669 -0.11226
vn -0.1382 -0.93063 0.33886
vn -0.18799 -0.7997 -0.57021
vn -0.09226 -0.84035 0.53413
vn -0.48209 -0.81722 0.31581
vn -0.21697 -0.95612 0.19685
vn -0.27453 -0.81896 0.50393
vn -0.06329 -0.94997 0.30585
vn -0.11416 -0.96665 0.22923
vn 0 -1 0
vn 0 -1 0
vn 0 -1 0
vn -0.18294 -0.97669 -0.11226
vn 0 -1 0
vn 0.11416 -0.96665 0.22923
vn 0 -1 0
vn 0 -1 0
vn 0.09226 -0.84035 0.53413
vn -0.1382 -0.93063 0.33886
vn 0.1382 -0.93063 0.33886
vn 0.21697 -0.95612 0.19685
vn 0.48209 -0.81722 0.31581
vn 0.27453 -0.81896 0.50393
vn 0.18799 -0.7997 -0.57022
vn 0.06329 -0.94997 0.30585
vn 0.0072 -0.93455 0.35575
vn -0.35336 -0.92865 0.11289
vn -0.21697 -0.95613 0.19685
vn 0 -1 0
vn -0.0072 -0.93455 0.35575
vn 0 -1 0
vn 0 -1 0
vn -0.09226 -0.84035 0.53413
vn -0.48209 -0.81722 0.31581
vn -0.27453 -0.81896 0.50393
vn -0.06329 -0.94997 0.30585
vn -0.11416 -0.96665 0.22923
vn 0 -1 0
vn -0 1 -0
vn 0 -1 0
vn 0 -1 0
vn 0 -1 0
vn 0 -1 0
vn 0 -1 0
vn 0 -1 0
vn 0.49278 -0.61991 -0.61063
vn -0.18799 -0.7997 -0.57021
vn -0.49278 -0.61991 -0.61064
vn 0.21696 -0.95613 0.19684
vn 0.35336 -0.92865 0.11289
vn 0.18294 -0.97669 -0.11226
vn -0.18294 -0.97669 -0.11226
vn 0.09226 -0.84035 0.53413
vn -0.1382 -0.93063 0.33886
vn 0.1382 -0.93063 0.33886
vn 0.48209 -0.81722 0.31581
vn 0.27453 -0.81896 0.50393
vn 0.18799 -0.7997 -0.57022
vn 0.06329 -0.94997 0.30585
vn 0.0072 -0.93455 0.35575
vn 0.11416 -0.96665 0.22923
vn -0.35336 -0.92865 0.11289
vn -0.21697 -0.95613 0.19685
vn -0.0072 -0.93456 0.35575
vn -0.09226 -0.84035 0.53413
vn -0.48209 -0.81722 0.31581
vn -0.27453 -0.81896 0.50393
vn -0.06329 -0.94997 0.30585
vn -0.11416 -0.96665 0.22923
vn 0 -1 0
vn 0 -1 0
vn 0 -1 0
vn 0 -1 0
vn 0 -1 0
vn 0.21697 -0.95613 0.19685
vn 0.48209 -0.81722 0.31581
vn 0.35336 -0.92865 0.11289
vn 0.1382 -0.93063 0.33886
vn 0.27453 -0.81896 0.50393
vn 0.09226 -0.84035 0.53413
vn 0.18799 -0.7997 -0.57021
vn 0.06329 -0.94997 0.30585
vn 0.0072 -0.93455 0.35575
vn 0.49278 -0.61991 -0.61064
vn 0.11416 -0.96665 0.22923
vn -0.49278 -0.61991 -0.61064
vn 0.49278 -0.61991 -0.61063
vn -0.18799 -0.7997 -0.57021
vn -0.49278 -0.61991 -0.61064
vn 0 -1 0
vn 0 -1 0
vn 0 -1 0
vn -0.0072 -0.93456 0.35575
vn 0.18294 -0.97669 -0.11226
vn -0.18294 -0.97669 -0.11226
vn -0.1382 -0.93063 0.33886
vn -0.18799 -0.7997 -0.57021
vn -0.09226 -0.84035 0.53413
vn -0.48209 -0.81722 0.31581
vn -0.21697 -0.95612 0.19685
vn -0.35337 -0.92865 0.1129
vn -0.27453 -0.81896 0.50393
vn -0.06329 -0.94997 0.30585
vn -0.11416 -0.96665 0.22923
vn 0.18294 -0.97669 -0.11226
vn -0.18294 -0.97669 -0.11226
vn 0.11416 -0.96665 0.22923
vn 0.09226 -0.84035 0.53413
vn -0.1382 -0.93063 0.33886
vn 0.1382 -0.93063 0.33886
vn 0.21697 -0.95612 0.19685
vn 0.48209 -0.81722 0.31581
vn 0.35336 -0.92865 0.11289
vn 0.27453 -0.81896 0.50393
vn 0.18799 -0.7997 -0.57022
vn 0.06329 -0.94997 0.30585
vn 0.0072 -0.93455 0.35575
vn -0.35336 -0.92865 0.11289
vn -0.21697 -0.95613 0.19685
vn 0 -1 0
vn -0.0072 -0.93455 0.35575
vn 0 -1 0
vn -0.09226 -0.84035 0.53413
vn -0.48209 -0.81722 0.31581
vn -0.27453 -0.81896 0.50393
vn -0.06329 -0.94997 0.30585
vn -0.11416 -0.96665 0.22923
vn 0 -1 0
vn 0 -1 0
vn 0 -1 0
vn 0 1 0
vn 0 -1 0
vn 0.49278 -0.61991 -0.61063
vn -0.18799 -0.7997 -0.57021
vn -0.49278 -0.61991 -0.61064
vn 0.21696 -0.95613 0.19684
vn 0.35336 -0.92865 0.11289
vn 0.18294 -0.97669 -0.11226
vn -0.18294 -0.97669 -0.11226
vn 0.09226 -0.84035 0.53413
vn -0.1382 -0.93063 0.33886
vn 0.1382 -0.93063 0.33886
vn 0.48209 -0.81722 0.31581
vn 0.27453 -0.81896 0.50393
vn 0.18799 -0.7997 -0.57022
vn 0.06329 -0.94997 0.30585
vn 0.0072 -0.93455 0.35575
vn 0.11416 -0.96665 0.22923
vn -0.35336 -0.92865 0.11289
vn -0.21697 -0.95613 0.19685
vn 0 -1 0
vn -0.0072 -0.93456 0.35575
vn -0.09226 -0.84035 0.53413
vn -0.48209 -0.81722 0.31581
vn -0.27453 -0.81896 0.50393
vn -0.06329 -0.94997 0.30585
vn -0.11416 -0.96665 0.22923
vn 0 -1 0
vn 0 -1 0
vn 0 -1 0
vn 0 1 -0
vn -0 1 -0
vn -0.21697 0.95613 0.19685
vn -0.48209 0.81722 0.31581
vn -0.35336 0.92865 0.11289
vn -0.1382 0.93063 0.33886
vn -0.27453 0.81896 0.50393
vn -0.09226 0.84035 0.53413
vn -0.18799 0.7997 -0.57021
vn -0.06329 0.94997 0.30585
vn -0.0072 0.93455 0.35575
vn -0.49278 0.61991 -0.61064
vn -0.11416 0.96665 0.22923
vn 0.49278 0.61991 -0.61064
vn -0.49278 0.61991 -0.61063
vn 0.18799 0.7997 -0.57021
vn 0.49278 0.61991 -0.61064
vn 0 1 0
vn 0 1 0
vn 0 1 0
vn 0.0072 0.93456 0.35575
vn 0 1 0
vn -0.18294 0.97669 -0.11226
vn 0 1 0
vn 0.18294 0.97669 -0.11226
vn 0.1382 0.93063 0.33886
vn 0.18799 0.7997 -0.57021
vn 0.09226 0.84035 0.53413
vn 0.48209 0.81722 0.31581
vn 0.21697 0.95612 0.19685
vn 0.35337 0.92865 0.1129
vn 0.27453 0.81896 0.50393
vn 0.06329 0.94997 0.30585
vn 0.11416 0.96665 0.22923
vn -0.18294 0.97669 -0.11226
vn 0 1 0
vn 0 1 0
vn 0 0.70709 -0.70712
vn 0 1 0
vn 0.18294 0.97669 -0.11226
vn 0 1 0
vn -0.11416 0.96665 0.22923
vn -0.18294 0.97669 -0.11226
vn 0.35337 0.92865 0.1129
vn -0.35336 0.92865 0.11289
vn -0.09226 0.84035 0.53413
vn 0.1382 0.93063 0.33886
vn -0.1382 0.93063 0.33886
vn -0.21697 0.95612 0.19685
vn -0.48209 0.81722 0.31581
vn -0.35336 0.92865 0.11289
vn -0.27453 0.81896 0.50393
vn -0.18799 0.7997 -0.57022
vn -0.06329 0.94997 0.30585
vn -0.0072 0.93455 0.35575
vn 0.35336 0.92865 0.11289
vn 0.21697 0.95613 0.19685
vn 0 1 0
vn 0.0072 0.93455 0.35575
vn 0 1 0
vn 0 1 0
vn 0 0.70712 -0.70709
vn 0 1 0
vn 0.09226 0.84035 0.53413
vn 0.48209 0.81722 0.31581
vn 0.27453 0.81896 0.50393
vn 0.06329 0.94997 0.30585
vn 0.11416 0.96665 0.22923
vn 0 1 0
vn 0 1 0
vn 0 1 0
vn 0 1 0
vn 0 1 0
vn 0 1 0
vn 0 1 0
vn 0 1 0
vn 0 1 0
vn 0 1 0
vn 0 1 0
vn 0 1 0
vn -0.49278 0.61991 -0.61063
vn 0.18799 0.7997 -0.57021
vn 0.49278 0.61991 -0.61064
vn -0.21696 0.95613 0.19684
vn -0.35336 0.92865 0.11289
vn -0 1 0
vn -0.18294 0.97669 -0.11226
vn 0.18294 0.97669 -0.11226
vn -0.09226 0.84035 0.53413
vn 0.1382 0.93063 0.33886
vn -0.1382 0.93063 0.33886
vn -0.48209 0.81722 0.31581
vn -0.27453 0.81896 0.50393
vn -0.18799 0.7997 -0.57022
vn -0.06329 0.94997 0.30585
vn -0.0072 0.93455 0.35575
vn -0.11416 0.96665 0.22923
vn 0.35336 0.92865 0.11289
vn 0.21697 0.95613 0.19685
vn 0 1 0
vn 0 1 0
vn 0.0072 0.93456 0.35575
vn 0.09226 0.84035 0.53413
vn 0.48209 0.81722 0.31581
vn 0.27453 0.81896 0.50393
vn 0.06329 0.94997 0.30585
vn 0.11416 0.96665 0.22923
vn 0 1 0
vn 0 1 0
vn 0 1 0
vn -0 1 0
vn 0 1 0
vn 0 1 0
vn 0 1 0
vn 0 1 0
vn -0.21697 0.95613 0.19685
vn -0.48209 0.81722 0.31581
vn -0.35336 0.92865 0.11289
vn -0.1382 0.93063 0.33886
vn -0.27453 0.81896 0.50393
vn -0.09226 0.84035 0.53413
vn -0.18799 0.7997 -0.57021
vn -0.06329 0.94997 0.30585
vn -0.0072 0.93455 0.35575
vn -0.49278 0.61991 -0.61064
vn -0.11416 0.96665 0.22923
vn 0.49278 0.61991 -0.61064
vn -0.49278 0.61991 -0.61063
vn 0.18799 0.7997 -0.57021
vn 0.49278 0.61991 -0.61064
vn 0 1 0
vn 0 1 0
vn 0.0072 0.93456 0.35575
vn -0.18294 0.97669 -0.11226
vn 0 1 0
vn 0.18294 0.97669 -0.11226
vn 0.1382 0.93063 0.33886
vn 0.18799 0.7997 -0.57021
vn 0.09226 0.84035 0.53413
vn 0.48209 0.81722 0.31581
vn 0.21697 0.95612 0.19685
vn 0.27453 0.81896 0.50393
vn 0.06329 0.94997 0.30585
vn 0.11416 0.96665 0.22923
vn 0 1 0
vn -0 1 0
vn -0 1 0
vn 0.18294 0.97669 -0.11226
vn 0 1 0
vn -0.11416 0.96665 0.22923
vn 0 1 0
vn 0 1 0
vn -0.09226 0.84035 0.53413
vn 0.1382 0.93063 0.33886
vn -0.1382 0.93063 0.33886
vn -0.21697 0.95612 0.19685
vn -0.48209 0.81722 0.31581
vn -0.27453 0.81896 0.50393
vn -0.18799 0.7997 -0.57022
vn -0.06329 0.94997 0.30585
vn -0.0072 0.93455 0.35575
vn 0.35336 0.92865 0.11289
vn 0.21697 0.95613 0.19685
vn 0 1 0
vn 0.0072 0.93455 0.35575
vn 0 1 0
vn 0 1 0
vn 0 0.7071 -0.70712
vn 0.09226 0.84035 0.53413
vn 0.48209 0.81722 0.31581
vn 0.27453 0.81896 0.50393
vn 0.06329 0.94997 0.30585
vn 0.11416 0.96665 0.22923
vn 0 1 0
vn -0 0.7071 -0.70711
vn 0 1 0
vn 0 1 0
vn 0 1 0
vn 0 1 0
vn -0 1 -0
vn -0 1 0
vn -0 1 0
vn 0 1 0
vn -0 0.70711 -0.70711
vn 0 1 0
vn -0.49278 0.61991 -0.61063
vn 0.18799 0.7997 -0.57021
vn 0.49278 0.61991 -0.61064
vn -0.21696 0.95613 0.19684
vn -0.35336 0.92865 0.11289
vn -0.18294 0.97669 -0.11226
vn 0.18294 0.97669 -0.11226
vn -0.09226 0.84035 0.53413
vn 0.1382 0.93063 0.33886
vn -0.1382 0.93063 0.33886
vn -0.48209 0.81722 0.31581
vn -0.27453 0.81896 0.50393
vn -0.18799 0.7997 -0.57022
vn -0.06329 0.94997 0.30585
vn -0.0072 0.93455 0.35575
vn -0.11416 0.96665 0.22923
vn 0.35336 0.92865 0.11289
vn 0.21697 0.95613 0.19685
vn 0.0072 0.93456 0.35575
vn 0.09226 0.84035 0.53413
vn 0.48209 0.81722 0.31581
vn 0.27453 0.81896 0.50393
vn 0.06329 0.94997 0.30585
vn 0.11416 0.96665 0.22923
vn 0 1 0
vn 0 1 0
vn 0 1 0
vn 0 1 0
vn 0 1 0
vn -0.21697 0.95613 0.19685
vn -0.48209 0.81722 0.31581
vn -0.35336 0.92865 0.11289
vn -0.1382 0.93063 0.33886
vn -0.27453 0.81896 0.50393
vn -0.09226 0.84035 0.53413
vn -0.18799 0.7997 -0.57021
vn -0.06329 0.94997 0.30585
vn -0.0072 0.93455 0.35575
vn -0.49278 0.61991 -0.61064
vn -0.11416 0.96665 0.22923
vn 0.49278 0.61991 -0.61064
vn -0.49278 0.61991 -0.61063
vn 0.18799 0.7997 -0.57021
vn 0.49278 0.61991 -0.61064
vn 0 1 0
vn 0 1 0
vn 0 1 0
vn 0.0072 0.93456 0.35575
vn -0.18294 0.97669 -0.11226
vn 0.18294 0.97669 -0.11226
vn 0.1382 0.93063 0.33886
vn 0.18799 0.7997 -0.57021
vn 0.09226 0.84035 0.53413
vn 0.48209 0.81722 0.31581
vn 0.21697 0.95612 0.19685
vn 0.35337 0.92865 0.1129
vn 0.27453 0.81896 0.50393
vn 0.06329 0.94997 0.30585
vn 0.11416 0.96665 0.22923
vn -0.18294 0.97669 -0.11226
vn 0.18294 0.97669 -0.11226
vn -0.11416 0.96665 0.22923
vn -0.09226 0.84035 0.53413
vn 0.1382 0.93063 0.33886
vn -0.1382 0.93063 0.33886
vn -0.21697 0.95612 0.19685
vn -0.48209 0.81722 0.31581
vn -0.35336 0.92865 0.11289
vn -0.27453 0.81896 0.50393
vn -0.18799 0.7997 -0.57022
vn -0.06329 0.94997 0.30585
vn -0.0072 0.93455 0.35575
vn 0.35336 0.92865 0.11289
vn 0.21697 0.95613 0.19685
vn 0 1 0
vn 0.0072 0.93455 0.35575
vn 0 1 0
vn 0.09226 0.84035 0.53413
vn 0.48209 0.81722 0.31581
vn 0.27453 0.81896 0.50393
vn 0.06329 0.94997 0.30585
vn 0.11416 0.96665 0.22923
vn 0 1 0
vn 0 1 0
vn -0 1 0
vn 0 1 0
vn -0 1 0
vn -0.49278 0.61991 -0.61063
vn 0.18799 0.7997 -0.57021
vn 0.49278 0.61991 -0.61064
vn -0.21696 0.95613 0.19684
vn -0.35336 0.92865 0.11289
vn -0.18294 0.97669 -0.11226
vn 0.18294 0.97669 -0.11226
vn -0.09226 0.84035 0.53413
vn 0.1382 0.93063 0.33886
vn -0.1382 0.93063 0.33886
vn -0.48209 0.81722 0.31581
vn -0.27453 0.81896 0.50393
vn -0.18799 0.7997 -0.57022
vn -0.06329 0.94997 0.30585
vn -0.0072 0.93455 0.35575
vn -0.11416 0.96665 0.22923
vn 0.35336 0.92865 0.11289
vn 0.21697 0.95613 0.19685
vn 0 1 0
vn 0.0072 0.93456 0.35575
vn 0.09226 0.84035 0.53413
vn 0.48209 0.81722 0.31581
vn 0.27453 0.81896 0.50393
vn 0.06329 0.94997 0.30585
vn 0.11416 0.96665 0.22923
vn 0 1 0
vn 0 1 0
vn 0 1 0
vn 0 1 0
vn 0.48209 0.81722 0.31581
vn 0.21697 0.95613 0.19685
vn 0.35336 0.92865 0.11289
vn 0.1382 0.93063 0.33886
vn 0.27453 0.81896 0.50393
vn 0.18799 0.7997 -0.57021
vn 0.49278 0.61991 -0.61064
vn 0.09226 0.84035 0.53413
vn 0.06329 0.94997 0.30585
vn 0.11416 0.96665 0.22923
vn -0.49278 0.61991 -0.61064
vn -0.18799 0.7997 -0.57021
vn 0.49278 0.61991 -0.61063
vn -0.49278 0.61991 -0.61064
vn 0 1 0
vn 0 1 0
vn -0.0072 0.93455 0.35575
vn 0 1 0
vn 0.0072 0.93455 0.35575
vn 0.18294 0.97669 -0.11226
vn 0 1 0
vn 0 1 0
vn -0.18294 0.97669 -0.11226
vn -0.1382 0.93063 0.33886
vn -0.18799 0.7997 -0.57021
vn -0.09226 0.84035 0.53413
vn -0.21697 0.95612 0.19685
vn -0.48209 0.81722 0.31581
vn -0.35337 0.92865 0.1129
vn -0.27453 0.81896 0.50393
vn -0.06329 0.94997 0.30585
vn -0.11416 0.96665 0.22923
vn 0 1 0
vn 0.18294 0.97669 -0.11226
vn 0 1 0
vn 0 1 0
vn -0.18294 0.97669 -0.11226
vn 0 1 0
vn 0 1 0
vn -0.35337 0.92865 0.1129
vn 0.18294 0.97669 -0.11226
vn 0.35336 0.92865 0.11289
vn -0.1382 0.93063 0.33886
vn 0.09226 0.84035 0.53413
vn 0.1382 0.93063 0.33886
vn 0.48209 0.81722 0.31581
vn 0.21697 0.95612 0.19685
vn 0.35336 0.92865 0.11289
vn 0.27453 0.81896 0.50393
vn 0.18799 0.7997 -0.57021
vn 0.06329 0.94997 0.30585
vn 0.11416 0.96665 0.22923
vn -0.35336 0.92865 0.11289
vn -0.21697 0.95613 0.19685
vn -0.0072 0.93455 0.35575
vn 0 1 0
vn 0.0072 0.93455 0.35575
vn 0 1 0
vn 0 1 0
vn 0 1 0
vn -0.09226 0.84035 0.53413
vn -0.48209 0.81722 0.31581
vn -0.27453 0.81896 0.50393
vn -0.06329 0.94997 0.30585
vn -0.11416 0.96665 0.22923
vn 0 1 0
vn 0 1 0
vn 0 1 0
vn 0 1 0
vn -0.18799 0.7997 -0.57021
vn 0.49278 0.61991 -0.61063
vn -0.49278 0.61991 -0.61064
vn 0.21696 0.95613 0.19684
vn 0 1 0
vn 0.35336 0.92865 0.11289
vn 0.18294 0.97669 -0.11226
vn -0.18294 0.97669 -0.11226
vn -0.1382 0.93063 0.33886
vn 0.09226 0.84035 0.53413
vn 0.1382 0.93063 0.33886
vn 0.48209 0.81722 0.31581
vn 0.27453 0.81896 0.50393
vn 0.18799 0.7997 -0.57022
vn 0.06329 0.94997 0.30585
vn 0.11416 0.96665 0.22923
vn -0.35336 0.92865 0.11289
vn 0 1 0
vn -0.21697 0.95613 0.19685
vn -0.0072 0.93456 0.35575
vn 0 1 0
vn 0.0072 0.93455 0.35575
vn -0.09226 0.84035 0.53413
vn -0.48209 0.81722 0.31581
vn -0.27453 0.81896 0.50393
vn -0.06329 0.94997 0.30585
vn -0.11416 0.96665 0.22923
vn 0 1 0
vn 0 1 0
vn 0 1 0
vn 0 1 0
vn 0 1 0
vn 0 1 0
vn 0 1 0
vn 0 1 0
vn 0.48209 0.81722 0.31581
vn 0.21697 0.95613 0.19685
vn 0.35336 0.92865 0.11289
vn 0.1382 0.93063 0.33886
vn 0.27453 0.81896 0.50393
vn 0.18799 0.7997 -0.57021
vn 0.49278 0.61991 -0.61064
vn 0.09226 0.84035 0.53413
vn 0.06329 0.94997 0.30585
vn 0.11416 0.96665 0.22923
vn -0.49278 0.61991 -0.61064
vn -0.18799 0.7997 -0.57021
vn 0.49278 0.61991 -0.61063
vn -0.49278 0.61991 -0.61064
vn 0 1 0
vn -0.0072 0.93456 0.35575
vn 0 1 0
vn 0.0072 0.93455 0.35575
vn 0.18294 0.97669 -0.11226
vn 0 1 0
vn -0.18294 0.97669 -0.11226
vn -0.1382 0.93063 0.33886
vn -0.18799 0.7997 -0.57021
vn -0.09226 0.84035 0.53413
vn -0.21697 0.95612 0.19685
vn -0.48209 0.81722 0.31581
vn -0.27453 0.81896 0.50393
vn -0.06329 0.94997 0.30585
vn -0.11416 0.96665 0.22923
vn 0 1 0
vn 0 1 0
vn 0 1 0
vn -0.18294 0.97669 -0.11226
vn 0 1 0
vn 0 1 0
vn 0 1 0
vn -0.1382 0.93063 0.33886
vn 0.09226 0.84035 0.53413
vn 0.1382 0.93063 0.33886
vn 0.48209 0.81722 0.31581
vn 0.21697 0.95612 0.19685
vn 0.27453 0.81896 0.50393
vn 0.18799 0.7997 -0.57022
vn 0.06329 0.94997 0.30585
vn 0.11416 0.96665 0.22923
vn -0.35336 0.92865 0.11289
vn -0.21697 0.95613 0.19685
vn -0.0072 0.93455 0.35575
vn 0 1 0
vn 0.0072 0.93455 0.35575
vn 0 1 0
vn 0 1 0
vn -0.09226 0.84035 0.53413
vn -0.48209 0.81722 0.31581
vn -0.27453 0.81896 0.50393
vn -0.06329 0.94997 0.30585
vn -0.11416 0.96665 0.22923
vn 0 1 0
vn 0 0.7071 -0.70712
vn 0 0.70711 -0.70711
vn 0 1 0
vn 0 1 0
vn 0 1 0
vn 0 1 0
vn -0.18799 0.7997 -0.57021
vn 0.49278 0.61991 -0.61063
vn -0.49278 0.61991 -0.61064
vn 0.21696 0.95613 0.19684
vn 0.35336 0.92865 0.11289
vn 0.18294 0.97669 -0.11226
vn -0.18294 0.97669 -0.11226
vn -0.1382 0.93063 0.33886
vn 0.09226 0.84035 0.53413
vn 0.1382 0.93063 0.33886
vn 0.48209 0.81722 0.31581
vn 0.27453 0.81896 0.50393
vn 0.18799 0.7997 -0.57022
vn 0.06329 0.94997 0.30585
vn 0.11416 0.96665 0.22923
vn -0.35336 0.92865 0.11289
vn -0.21697 0.95613 0.19685
vn -0.0072 0.93456 0.35575
vn 0.0072 0.93455 0.35575
vn -0.09226 0.84035 0.53413
vn -0.48209 0.81722 0.31581
vn -0.27453 0.81896 0.50393
vn -0.06329 0.94997 0.30585
vn -0.11416 0.96665 0.22923
vn 0 1 0
vn 0 1 0
vn 0 1 0
vn 0 1 0
vn 0 1 0
vn 0.48209 0.81722 0.31581
vn 0.21697 0.95613 0.19685
vn 0.35336 0.92865 0.11289
vn 0.1382 0.93063 0.33886
vn 0.27453 0.81896 0.50393
vn 0.18799 0.7997 -0.57021
vn 0.49278 0.61991 -0.61064
vn 0.09226 0.84035 0.53413
vn 0.06329 0.94997 0.30585
vn 0.11416 0.96665 0.22923
vn -0.49278 0.61991 -0.61064
vn -0.18799 0.7997 -0.57021
vn 0.49278 0.61991 -0.61063
vn -0.49278 0.61991 -0.61064
vn 0 1 0
vn 0 1 0
vn -0.0072 0.93456 0.35575
vn 0 1 0
vn 0.0072 0.93455 0.35575
vn 0.18294 0.97669 -0.11226
vn -0.18294 0.97669 -0.11226
vn -0.1382 0.93063 0.33886
vn -0.18799 0.7997 -0.57021
vn -0.09226 0.84035 0.53413
vn -0.21697 0.95612 0.19685
vn -0.48209 0.81722 0.31581
vn -0.35337 0.92865 0.1129
vn -0.27453 0.81896 0.50393
vn -0.06329 0.94997 0.30585
vn -0.11416 0.96665 0.22923
vn 0.18294 0.97669 -0.11226
vn -0.18294 0.97669 -0.11226
vn 0 1 0
vn -0.1382 0.93063 0.33886
vn 0.09226 0.84035 0.53413
vn 0.1382 0.93063 0.33886
vn 0.48209 0.81722 0.31581
vn 0.21697 0.95612 0.19685
vn 0.35336 0.92865 0.11289
vn 0.27453 0.81896 0.50393
vn 0.18799 0.7997 -0.57021
vn 0.06329 0.94997 0.30585
vn 0.11416 0.96665 0.22923
vn -0.35336 0.92865 0.11289
vn -0.21697 0.95613 0.19685
vn -0.0072 0.93455 0.35575
vn 0 1 0
vn 0.0072 0.93455 0.35575
vn 0 1 0
vn -0.09226 0.84035 0.53413
vn -0.48209 0.81722 0.31581
vn -0.27453 0.81896 0.50393
vn -0.06329 0.94997 0.30585
vn -0.11416 0.96665 0.22923
vn 0 1 0
vn 0 1 0
vn 0 1 0
vn 0 1 0
vn -0.18799 0.7997 -0.57021
vn 0.49278 0.61991 -0.61063
vn -0.49278 0.61991 -0.61064
vn 0.21696 0.95613 0.19684
vn 0.35336 0.92865 0.11289
vn 0.18294 0.97669 -0.11226
vn -0.18294 0.97669 -0.11226
vn -0.1382 0.93063 0.33886
vn 0.09226 0.84035 0.53413
vn 0.1382 0.93063 0.33886
vn 0.48209 0.81722 0.31581
vn 0.27453 0.81896 0.50393
vn 0.18799 0.7997 -0.57022
vn 0.06329 0.94997 0.30585
vn 0.11416 0.96665 0.22923
vn -0.35336 0.92865 0.11289
vn -0.21697 0.95613 0.19685
vn -0.0072 0.93456 0.35575
vn 0 1 0
vn 0.0072 0.93455 0.35575
vn -0.09226 0.84035 0.53413
vn -0.48209 0.81722 0.31581
vn -0.27453 0.81896 0.50393
vn -0.06329 0.94997 0.30585
vn -0.11416 0.96665 0.22923
vn 0 1 0
vn 0 1 0
vn 0 1 0
vn 0 0.19509 -0.98078
vn 0 -1 0
vn 0 -1 0
vn -0 -1 0
vn -0 -0.7071 -0.70711
vn 0 0.70712 -0.70709
vn 0 0.70711 0.70711
vn 0 0.70711 0.7071
vn 0 1 0
vn -0.96729 -0.17938 0.17938
vn -0.97764 0 -0.21027
vn -0.96563 -0.17658 -0.19072
vn 0.19508 -0 0.98079
vn -0.17937 -0.17937 0.96729
vn 0.17937 -0.17937 0.96729
vn 0.17938 -0.96729 0.17939
vn -0.18223 -0.96939 -0.16455
vn 0.19379 -0.96991 -0.14737
vn 0.98079 0 0.19509
vn 0.69932 -0.14789 0.69934
vn 0.96729 -0.17939 0.17937
vn -0.96729 -0.17938 0.17938
vn -0.98079 0 -0.19509
vn -0.9683 -0.17732 -0.17594
vn 0.19508 0 0.98079
vn -0.17937 -0.17937 0.96729
vn 0.17937 -0.17937 0.96729
vn 0.18223 -0.96939 -0.16455
vn -0.17938 -0.96729 0.17938
vn -0.18032 -0.9702 -0.16183
vn 0.96777 -0.18158 -0.17451
vn 0.97764 0 -0.21027
vn 0.96729 -0.17938 0.17938
vn 0.96563 -0.17658 -0.19072
vn 0.19508 0 -0.98079
vn -0.16652 -0.19979 -0.96559
vn -0.18086 -0.00018 -0.98351
vn -0.57734 -0.57735 0.57736
vn -0.14789 -0.69932 0.69934
vn -0.69932 -0.14789 0.69934
vn -0.69933 -0.69933 0.14789
vn -0.18204 -0.20101 -0.96253
vn -0.58411 -0.59324 -0.55397
vn -0.70524 -0.15547 -0.69171
vn -0.15225 -0.72576 -0.67089
vn -0.70254 -0.69854 -0.13595
vn -0.57113 -0.58788 -0.57289
vn -0.14618 -0.72211 -0.67616
vn -0.70319 -0.69579 -0.14626
vn -0.68446 -0.15152 -0.71313
vn -0.57734 -0.57735 0.57736
vn -0.69932 -0.14789 0.69934
vn -0.17938 -0.96729 0.17938
vn -0.69933 -0.69933 0.1479
vn -0.14789 -0.69932 0.69934
vn 0.57113 -0.58789 -0.57289
vn 0.68446 -0.15153 -0.71313
vn 0.70319 -0.69579 -0.14626
vn 0.57734 -0.57735 0.57736
vn 0.69933 -0.69933 0.1479
vn 0.16649 -0.19981 -0.96559
vn 0.14615 -0.7221 -0.67617
vn 0.17938 -0.96729 0.17938
vn 0.14789 -0.69932 0.69934
vn 0.57734 -0.57735 0.57736
vn 0.69934 -0.69933 0.14788
vn 0.14789 -0.69932 0.69934
vn 0.18351 -0.19624 -0.96323
vn 0.59336 -0.59264 -0.5447
vn 0.16412 -0.73201 -0.66123
vn 0.70524 -0.15549 -0.69171
vn 0.71071 -0.69238 -0.12451
vn 0.7071 0 -0.70711
vn 0.98079 0 -0.19509
vn -0.68542 -0.00021 -0.72815
vn -0.7071 -0 0.70711
vn -0.98079 -0 0.19509
vn 0.7071 0 0.70711
vn -0.19508 0 0.98079
vn 0.18086 -0.00018 -0.98351
vn 0.68542 -0.00021 -0.72815
vn 0.98079 -0 0.19509
vn 0.69932 -0.14789 0.69934
vn 0.7071 -0 0.70711
vn -0.98079 0 0.19509
vn -0.19509 0 -0.98079
vn -0.7071 0 -0.70711
vn -0.34891 0.93716 0
vn 0.50488 0.61074 -0.61
vn -0.27648 0.74261 -0.61
vn 0.63715 0.77074 0
vn 0.78136 -0.13187 -0.61
vn 0.98606 -0.16641 0
vn 0.27648 -0.74261 -0.60999
vn 0.34891 -0.93716 0
vn -0.50488 -0.61074 -0.60999
vn -0.63714 -0.77074 0
vn -0.78135 0.13187 -0.61
vn -0.98606 0.16641 0
vn -0.2521 0.75123 -0.61
vn 0.66196 0.74954 0
vn 0.52454 0.59394 -0.61
vn -0.77664 0.15729 -0.60999
vn -0.31815 0.94804 0
vn -0.52454 -0.59395 -0.60999
vn -0.9801 0.1985 0
vn 0.2521 -0.75123 -0.60999
vn -0.66195 -0.74955 0
vn 0.77664 -0.15729 -0.61
vn 0.31815 -0.94804 0
vn 0.9801 -0.1985 0
vn 0 1 -0
vn 0.61 0.3962 0.68624
vn 0.61 0.79241 -0
vn 0 0.5 0.86603
vn 0.60999 -0.3962 0.68624
vn 0 -0.5 0.86603
vn 0.60999 -0.79241 -0
vn 0 -1 -0
vn 0.60999 -0.3962 -0.68624
vn 0 -0.5 -0.86603
vn 0.61 0.3962 -0.68624
vn 0 0.5 -0.86603
vn 0 0.93177 -0.36305
vn 0.60999 0.61831 0.49558
vn 0.61 0.73834 -0.28768
vn 0 0.78029 0.62541
vn 0.60999 -0.12003 0.78326
vn 0 -0.15148 0.98846
vn 0.61 -0.73834 0.28768
vn 0 -0.93177 0.36304
vn 0.61 -0.61831 -0.49558
vn 0 -0.78029 -0.62541
vn 0.60999 0.12003 -0.78326
vn 0 0.15148 -0.98846
vn 0 -0.05211 0.99864
vn 0.61 -0.70596 0.3599
vn 0.60999 -0.04129 0.79133
vn 0 -0.8909 0.45419
vn 0.60999 -0.66466 -0.43143
vn 0 -0.83879 -0.54446
vn 0.60999 0.0413 -0.79133
vn 0 0.05212 -0.99864
vn 0.61 0.70596 -0.3599
vn 0 0.89091 -0.45419
vn 0.60999 0.66466 0.43143
vn 0 0.83879 0.54445
vn -0.60999 0.3962 0.68624
vn 0 1 -0
vn -0.60999 0.79241 -0
vn -0.61 -0.3962 0.68624
vn 0 0.5 0.86603
vn -0.60999 -0.79241 -0
vn 0 -0.5 0.86603
vn -0.60999 -0.3962 -0.68624
vn 0 -1 -0
vn -0.61 0.3962 -0.68624
vn 0 -0.5 -0.86603
vn 0 0.5 -0.86603
vn -0.61 0.61831 0.49558
vn 0 0.93177 -0.36304
vn -0.60999 0.73834 -0.28768
vn -0.61 -0.12003 0.78326
vn 0 0.78029 0.62541
vn -0.61 -0.73834 0.28768
vn 0 -0.15148 0.98846
vn -0.60999 -0.61831 -0.49558
vn 0 -0.93177 0.36305
vn -0.60999 0.12004 -0.78327
vn 0 -0.78029 -0.62541
vn 0 0.15148 -0.98846
vn -0.61 -0.70596 0.3599
vn 0 -0.05211 0.99864
vn -0.61 -0.04129 0.79133
vn -0.60999 -0.66466 -0.43143
vn 0 -0.8909 0.45419
vn -0.60999 0.0413 -0.79133
vn 0 -0.83879 -0.54445
vn -0.61 0.70596 -0.3599
vn 0 0.05212 -0.99864
vn -0.61 0.66466 0.43143
vn 0 0.89091 -0.45418
vn 0 0.83879 0.54445
vn -0.19353 0 0.9811
vn -0 -0.29925 0.95418
vn 0 0 1
vn 0.19353 0 0.9811
vn 0 -0.98257 0.18589
vn -0.17699 -0.96286 -0.20392
vn 0 -0.97438 -0.22491
vn 0.26685 0 -0.96374
vn 0 0 -1
vn 0 0 -1
vn 0 0 -1
vn -0 0.16837 -0.98572
vn 0.2519 0.1582 -0.95474
vn 0 0 -1
vn -0.26685 0 -0.96374
vn 0 0 -1
vn 0 -0.16837 -0.98572
vn 0 0 -1
vn 0.17699 -0.96286 -0.20392
vn 0 0.29925 0.95418
vn 0 0 -1
vn 0 0 -1
vn 0 0.98257 0.18589
vn 0.17699 0.96286 -0.20392
vn 0 0.97438 -0.22491
vn -0.99032 0 -0.13883
vn -0.96456 0.19715 0.17535
vn -0.97318 0.18669 -0.13443
vn 0.99032 -0 -0.13883
vn 0.96456 -0.19715 0.17535
vn 0.97318 -0.18669 -0.13443
vn 0.96456 0.19715 0.17535
vn 0.97318 0.18669 -0.13443
vn -0.17699 0.96286 -0.20392
vn -0.96456 -0.19715 0.17535
vn -0.56916 -0.61438 0.54644
vn -0.69462 -0.22121 0.68452
vn -0.17858 -0.96943 0.1683
vn -0.69465 -0.70559 0.13997
vn -0.17867 -0.28014 0.94318
vn -0.14308 -0.73953 0.65774
vn -0.97318 -0.18669 -0.13443
vn -0.60462 -0.58547 -0.54006
vn -0.68586 -0.71298 -0.14579
vn -0.2519 -0.1582 -0.95474
vn -0.77396 -0.14796 -0.61571
vn -0.17091 -0.68172 -0.71137
vn 0.56916 -0.61438 0.54644
vn 0.69465 -0.70559 0.13997
vn 0.17867 -0.28014 0.94318
vn 0.69462 -0.22121 0.68452
vn 0.17858 -0.96943 0.1683
vn 0.14308 -0.73953 0.65774
vn 0.60462 -0.58547 -0.54006
vn 0.77396 -0.14795 -0.61571
vn 0.17091 -0.68172 -0.71137
vn 0.68586 -0.71298 -0.14579
vn 0.2519 -0.1582 -0.95474
vn -0.56916 0.61438 0.54644
vn -0.69465 0.70559 0.13997
vn -0.17867 0.28014 0.94318
vn -0.69462 0.22121 0.68452
vn -0.17858 0.96943 0.1683
vn -0.14308 0.73953 0.65774
vn -0.60462 0.58547 -0.54006
vn -0.77396 0.14795 -0.61571
vn -0.17091 0.68172 -0.71137
vn -0.68586 0.71298 -0.14579
vn -0.2519 0.1582 -0.95474
vn 0.56916 0.61438 0.54644
vn 0.69462 0.22121 0.68452
vn 0.17858 0.96943 0.1683
vn 0.69465 0.70559 0.13997
vn 0.17867 0.28014 0.94318
vn 0.14308 0.73953 0.65774
vn 0.60462 0.58547 -0.54006
vn 0.68586 0.71298 -0.14579
vn 0.77396 0.14796 -0.61571
vn 0.17091 0.68172 -0.71137
vn -0 -0.74722 0.66457
vn 0 -0.66515 -0.74671
vn -0.69487 0 0.71913
vn -0.97819 -0 0.20771
vn -0.79338 0 -0.60873
vn 0.97819 0 0.20771
vn 0.69487 0 0.71913
vn 0.79338 -0 -0.60873
vn 0 0.74722 0.66457
vn -0 0.66515 -0.74671
vn 0.90453 -0.30151 0.30152
vn -0.90453 -0.30151 -0.30152
vn -0.90453 -0.30151 0.30152
vn 0 0 1
vn -0.14558 -0.73188 0.66571
vn 0.14558 -0.73188 0.6657
vn -0.70711 0 -0.7071
vn -0.70711 0 -0.70711
vn 0 0 -1
vn 0.7071 0 -0.70711
vn 0 0 -1
vn 0 0 -1
vn -0.14558 -0.73187 -0.66571
vn -0.54898 -0.54898 -0.63027
vn 0.73187 0.14558 0.66572
vn 0.7071 0 0.70711
vn 0.90453 -0.30151 -0.30152
vn 0 0 -1
vn 0.14558 -0.73188 -0.66571
vn -0.14558 -0.73188 -0.6657
vn 0.73187 -0.14558 -0.66571
vn -0.73187 -0.14558 -0.66571
vn -0.70709 0 0.70712
vn 0.54898 -0.54898 -0.63027
vn 0.73187 0.14558 -0.66572
vn 0 0 1
vn -0.14558 -0.73188 0.6657
vn 0.14558 -0.73187 0.66571
vn -0.73187 -0.14558 0.66571
vn 0.14558 -0.73188 -0.6657
vn -1 0 0
vn -0.57734 0.57737 -0.57734
vn -1 0 0
vn -1 0 0
vn -0.54898 -0.54898 0.63027
vn 0.54899 0.54899 -0.63025
vn -1 0 0
vn -0.73186 -0.14558 0.66572
vn 0.54898 -0.54898 0.63027
vn 0.14558 0.73187 -0.66572
vn -0.57738 0.57735 0.57732
vn 0.14558 0.73186 0.66572
vn -0.73186 -0.14558 -0.66572
vn 0 0 1
vn -0.7071 0 0.70711
vn 0.73187 -0.14558 0.66571
vn 0.54898 -0.54898 -0.63027
vn 0.73187 -0.14558 -0.66571
vn -0.54898 -0.54898 -0.63027
vn 0.54898 -0.54898 0.63027
vn 0.73187 -0.14558 0.66571
vn -0.54898 -0.54898 0.63027
vn 0 0 1
vn 0.54899 0.54899 0.63025
vn -1 0 0
vn -1 0 0
vn 0.90453 -0.30151 -0.30152
vn -0.90453 -0.30151 0.30152
vn 0.90453 -0.30151 0.30152
vn 0 0 1
vn -0.14558 -0.73188 0.6657
vn 0.14558 -0.73188 0.66571
vn 0.70711 0 -0.7071
vn 0.70711 0 -0.70711
vn 0 0 -1
vn -0.7071 0 -0.70711
vn -0.73187 0.14558 -0.66572
vn 0 0 -1
vn 0.54898 -0.54898 -0.63027
vn 0.14558 -0.73187 -0.66571
vn -0.73187 0.14558 0.66572
vn -0.90453 -0.30151 -0.30152
vn -0.7071 0 0.70711
vn 0 0 -1
vn 0.14558 -0.73188 -0.6657
vn -0.14558 -0.73188 -0.66571
vn -0.73187 -0.14558 -0.66571
vn 0.70709 0 0.70712
vn 0.73187 -0.14558 -0.66571
vn -0.54898 -0.54898 -0.63027
vn 0 0 1
vn -0.14558 -0.73187 0.66571
vn 0.14558 -0.73188 0.6657
vn 0.73187 -0.14558 0.66571
vn -0.14558 -0.73188 -0.6657
vn 0.57734 0.57737 -0.57734
vn 1 0 0
vn 1 0 0
vn 1 0 0
vn 0.54898 -0.54898 0.63027
vn -0.54899 0.54899 -0.63025
vn 1 0 0
vn 1 0 0
vn 0.73186 -0.14558 0.66572
vn -0.54898 -0.54898 0.63027
vn 0.57738 0.57735 0.57732
vn -0.14558 0.73187 -0.66572
vn -0.14558 0.73186 0.66572
vn 0.73186 -0.14558 -0.66572
vn 0 0 1
vn -0.54898 -0.54898 -0.63027
vn -0.73187 -0.14558 0.66571
vn -0.73187 -0.14558 -0.66571
vn 0.54898 -0.54898 -0.63027
vn -0.54898 -0.54898 0.63027
vn -0.73187 -0.14558 0.66571
vn 0.54898 -0.54898 0.63027
vn 0 0 1
vn -0.54899 0.54899 0.63025
vn 0.7071 0 0.70711
vn 1 0 0
vn 0 0 -1
vn -0.75716 -0.65323 -0
vn -0.86602 0 0.50001
vn -1 0 1E-05
vn -0.65573 -0.65322 0.37858
vn -0.5007 -0.00171 0.86562
vn -0 -0.65653 0.7543
vn 0 -0.01179 0.99993
vn 0.50071 -0.00171 0.86561
vn 0.37858 -0.65322 0.65572
vn 0.86603 0 0.5
vn 0.65573 -0.65322 0.37859
vn 1 0 -0
vn 0.75717 -0.65322 0
vn 0.86602 0 -0.5
vn 0.65573 -0.65322 -0.37858
vn 0.5007 -0.00171 -0.86562
vn 0 -0.65652 -0.75431
vn -0 -0.01181 -0.99993
vn -0.5007 -0.00171 -0.86562
vn -0.37858 -0.65323 -0.65572
vn -0.86603 0 -0.5
vn -0.65573 -0.65321 -0.37859
vn -0.94389 -0.32965 0.02028
vn -0.85784 -0.09897 -0.5043
vn -0.77081 0.32131 -0.5501
vn -0.16279 -0.94817 0.2729
vn -0.37859 -0.65321 0.65573
vn 0 -1 -0
vn 0 -1 -0
vn -0 -1 -0
vn -0.01656 0.50072 -0.86545
vn -0.42643 -0.09141 -0.89989
vn 0 -0.16122 -0.98692
vn 0.16279 -0.94817 0.2729
vn 0 -0.88247 0.47037
vn 1E-05 -0.88247 0.47037
vn 0.23025 -0.88636 -0.40168
vn 0.37858 -0.65322 -0.65573
vn -0.3401 -0.93885 0.05375
vn -0.41733 -0.88449 -0.20861
vn 0.64056 -0.59015 -0.49134
vn -0.66873 -0.73134 -0.13391
vn -0.64056 -0.59016 -0.49132
vn -0.23025 -0.88636 -0.40168
vn 0.7499 0.23708 0.61761
vn -0.78808 0.47377 0.39303
vn 0.78807 0.47378 0.39304
vn -0.66988 -0.50717 0.54225
vn -0.52791 -0.64959 -0.54712
vn 0.62863 -0.46551 -0.623
vn -0.62861 -0.46551 -0.62301
vn 0.67778 -0.72846 0.09984
vn -0.66166 -0.66168 0.35269
vn -0.67776 -0.72847 0.09984
vn -0.759 0.57456 -0.30625
vn -0.74991 0.65076 0.11894
vn 0.75901 0.57456 -0.30625
vn 0.66165 -0.66169 0.35269
vn 0.01656 0.50073 -0.86545
vn 0.77081 0.32131 -0.5501
vn 0.66988 -0.50717 0.54225
vn 0.64377 -0.51724 0.56394
vn 0.63849 -0.2375 0.73207
vn -0.64377 -0.51724 0.56393
vn 0.66873 -0.26424 -0.69497
vn -0.66872 -0.26425 -0.69497
vn 0.73898 0.66749 -0.09148
vn 0.74992 0.65075 0.11893
vn 0.66872 -0.73136 -0.13391
vn -0.7499 0.23709 0.61761
vn -0.63849 -0.23749 0.73207
vn 0.85784 -0.09898 -0.5043
vn 0.94389 -0.32965 0.02029
vn -0 -0.88247 0.47036
vn 0 -0.89448 -0.44712
vn -0.73899 0.66748 -0.09148
vn 0.41734 -0.88448 -0.20861
vn 0.3401 -0.93885 0.05376
vn 0.42643 -0.09141 -0.89989
vn -0.19481 0 0.98084
vn -0.26854 -0.48044 0.83491
vn 0 0 1
vn 0.73188 -0.6657 0.14558
vn 0.549 -0.63024 0.54899
vn 0.48824 -0.87271 -0.00062
vn -0.73188 -0.6657 0.14558
vn -1 0 0
vn -0.7071 -0.70711 0
vn 0 0 1
vn 0.14558 -0.66569 0.73189
vn 0.19481 0 0.98084
vn 0 0 1
vn 0 0 1
vn 0 -0.7071 -0.70712
vn -0 -0.90898 -0.41684
vn -0.21105 -0.90696 -0.36452
vn 1 0 0
vn 0.7071 -0.70711 0
vn 0.38654 -0.69024 0.61168
vn 0.26855 -0.48045 0.8349
vn 0.19527 0 -0.98075
vn 0 0 -1
vn -0.48824 -0.87271 -0.00062
vn -0.14558 -0.6657 0.73188
vn 0.4716 -0.83861 -0.27263
vn 0.51471 -0.8544 -0.07131
vn 0 -1 0
vn -0.38654 -0.69024 0.61168
vn 0 -0.70709 0.70713
vn -0.44263 -0.47985 0.75751
vn 0 -1 0
vn -0 -0.47883 0.87791
vn 0 -0.77298 0.63443
vn 0 -1 0
vn 0 -1 0
vn 0 -1 0
vn 0.27214 -0.8387 -0.47172
vn -0.4716 -0.83861 -0.27263
vn 0 -1 0
vn -0.51471 -0.8544 -0.07131
vn -0.552 -0.7689 -0.32263
vn -0.63442 -0.77299 0
vn 0.4881 -0.87279 -0.00063
vn -0.14558 -0.66573 -0.73185
vn 0.7071 -0.70711 0
vn 0.98096 0 -0.19423
vn 1 0 0
vn -0.32264 -0.7689 0.552
vn 0.73186 -0.66572 -0.14558
vn 0.36471 -0.90698 -0.21065
vn -0.36472 -0.90698 -0.21065
vn -0.73186 -0.66572 -0.14558
vn -0.54899 -0.63024 -0.549
vn 0.70711 -0.7071 0
vn -0.70711 -0.7071 0
vn -1 0 0
vn -0.7071 -0.70711 0
vn 0.14557 -0.66573 -0.73186
vn 0.54899 -0.63024 -0.549
vn 0.21105 -0.90696 -0.36452
vn -0.4539 -0.88919 -0.05753
vn 0.4539 -0.88919 -0.05753
vn -0.4881 -0.87279 -0.00063
vn -0.552 -0.7689 0.32264
vn 0 -0.8398 -0.54289
vn 0.32264 -0.76889 -0.55201
vn 1 0 0
vn -1 0 0
vn 0 -0.47883 -0.87791
vn -0.44262 -0.47985 -0.75752
vn -0.87791 -0.47883 -0
vn -0.75752 -0.47985 0.44262
vn -0.75751 -0.47985 -0.44263
vn 0.87791 -0.47883 0
vn 0.75752 -0.47985 -0.44262
vn 0.44262 -0.47985 -0.75752
vn 0.44262 -0.47985 0.75752
vn 0.75752 -0.47985 0.44262
vn 0.32264 -0.7689 0.55199
vn 0.552 -0.7689 0.32263
vn 0.63442 -0.77299 -0
vn 0.55199 -0.7689 -0.32264
vn -0 -0.77299 -0.63442
vn -0.32264 -0.76889 -0.552
vn -0.27214 -0.8387 -0.47172
vn -0.19526 0 -0.98075
vn -0.70798 0 -0.70623
vn -0.98096 0 -0.19423
vn -0.70569 0 0.70852
vn -0.549 -0.63024 0.54899
vn -0.98051 0 0.19647
vn 0.70798 0 -0.70623
vn 0.70569 0 0.70852
vn 0.98051 0 0.19647
vn 1E-05 -0.63293 0.77421
vn 0.70667 -0.03505 0.70667
vn -0 -0.03505 0.99939
vn 0.77422 -0.63292 0
vn 0.99939 -0.03505 0
vn 0.70667 -0.03505 -0.70667
vn 1E-05 -0.63293 -0.77421
vn -0 -0.03505 -0.99939
vn -0.54746 -0.63292 -0.54746
vn -0.70668 -0.03504 -0.70667
vn -0.99939 -0.03505 -0
vn 0 -1 0
vn -0.54746 -0.63292 0.54746
vn -0.70668 -0.03504 0.70667
vn 0.54745 -0.63293 -0.54745
vn 0.54745 -0.63293 0.54745
vn 0 -0.03505 0.99939
vn -0.54745 -0.63292 0.54746
vn -0 -0.63293 0.77421
vn -0.70668 -0.03505 0.70666
vn -0.77422 -0.63292 -0
vn -0.70668 -0.03505 -0.70666
vn -0.99939 -0.03505 -0
vn 0 -0.03505 -0.99939
vn -0.54745 -0.63292 -0.54746
vn 0.54745 -0.63292 -0.54746
vn 0 -0.63293 -0.77421
vn 0.70668 -0.03505 -0.70667
vn 0.77422 -0.63292 0
vn -0 -1 -0
vn 0.70668 -0.03505 0.70667
vn 0.99939 -0.03505 0
vn 0.54745 -0.63292 0.54746
vn 0 -0.03505 -0.99939
vn 0.54745 -0.63292 -0.54746
vn 0 -0.63293 -0.77421
vn 0.70668 -0.03505 -0.70666
vn 0.77422 -0.63292 0
vn 0.70668 -0.03505 0.70666
vn 0.99939 -0.03505 0
vn 0 -0.03505 0.99939
vn 0.54745 -0.63292 0.54746
vn -0.54746 -0.63292 0.54746
vn 0 -0.63293 0.77421
vn -0.99939 -0.03505 -0
vn -0.70668 -0.03504 0.70667
vn -0 -1 0
vn -0.77421 -0.63293 0
vn -0.54746 -0.63292 -0.54746
vn -0.70668 -0.03504 -0.70667
vn 0 -0.03505 -0.99939
vn -0.54745 -0.63292 -0.54746
vn -0.70668 -0.03505 -0.70666
vn -0.77422 -0.63292 -0
vn -0.99939 -0.03505 -0
vn -0.70668 -0.03505 0.70666
vn -0.54745 -0.63292 0.54746
vn -0 -0.03505 0.99939
vn 1E-05 -0.63293 0.77421
vn 0.70667 -0.03505 0.70667
vn 0.77422 -0.63292 0
vn 0.99939 -0.03505 0
vn -0 -1 0
vn 0.54745 -0.63293 0.54745
vn 0.70668 -0.03505 -0.70667
vn 0.54745 -0.63292 -0.54746
vn 0 -0.63293 -0.77421
vn 1E-05 -0.63293 0.77421
vn 0.70667 -0.03505 0.70668
vn -1E-05 -0.03505 0.99939
vn 0.54746 -0.63293 0.54745
vn 0.99939 -0.03505 0
vn 0.77421 -0.63293 -1E-05
vn 0.70668 -0.03505 -0.70667
vn 0.54745 -0.63293 -0.54745
vn 0 -0.03505 -0.99939
vn -0.54745 -0.63293 -0.54745
vn -0.70668 -0.03505 -0.70667
vn -0.77421 -0.63293 -1E-05
vn -0.99939 -0.03505 0
vn 0 -1 -0
vn 0 -0.63293 -0.77421
vn -0.54745 -0.63292 0.54746
vn -0.70667 -0.03505 0.70667
vn 0 -0.03505 0.99939
vn 0.54746 -0.63292 0.54746
vn 0.70668 -0.03504 0.70667
vn 0.99939 -0.03505 0
vn 0.54745 -0.63292 -0.54745
vn 0.70667 -0.03505 -0.70668
vn 1E-05 -0.63293 -0.77421
vn -0 -0.03505 -0.99939
vn -0.54746 -0.63292 -0.54746
vn -0.70668 -0.03504 -0.70667
vn -0.99939 -0.03505 -0
vn 0 -1 -0
vn -0.77421 -0.63293 1E-05
vn -0.70668 -0.03505 0.70666
vn -0.54745 -0.63292 0.54746
vn 0.77421 -0.63293 -0
vn 0 -0.63293 0.77421
vn 1E-05 -0.63293 0.77421
vn 0.70667 -0.03505 0.70668
vn -1E-05 -0.03505 0.99939
vn 0.54746 -0.63293 0.54745
vn 0.99939 -0.03505 -0
vn 0.54746 -0.63293 -0.54744
vn 0.70667 -0.03505 -0.70667
vn 1E-05 -0.63292 -0.77421
vn -1E-05 -0.03505 -0.99939
vn -0.54745 -0.63293 -0.54745
vn -0.70668 -0.03505 -0.70667
vn -0.77421 -0.63293 -1E-05
vn -0.99939 -0.03505 0
vn 0 -1 -0
vn -0.54745 -0.63292 0.54746
vn -0.70667 -0.03505 0.70667
vn 0.77421 -0.63293 -0
vn 1E-05 -0.03505 0.99939
vn 0.54745 -0.63293 0.54746
vn 0.70668 -0.03505 0.70667
vn 0.77421 -0.63293 0
vn 0.99939 -0.03505 -1E-05
vn 0.54746 -0.63293 -0.54744
vn 0.70667 -0.03505 -0.70667
vn 1E-05 -0.63292 -0.77421
vn -1E-05 -0.03505 -0.99939
vn -0.54746 -0.63292 -0.54745
vn -0.70667 -0.03505 -0.70667
vn -0.99939 -0.03505 -1E-05
vn 0 -1 -0
vn -0.77421 -0.63293 0
vn -0.70667 -0.03505 0.70667
vn -1E-05 -0.63293 0.77421
vn -0.54745 -0.63293 0.54745
vn 0 -0.03505 0.99939
vn 0.54745 -0.63292 0.54746
vn 0.70668 -0.03505 0.70666
vn 0.77422 -0.63292 0
vn 0.99939 -0.03505 0
vn 0.70667 -0.03505 -0.70667
vn 1E-05 -0.63293 -0.77421
vn -0 -0.03505 -0.99939
vn -0.54745 -0.63292 -0.54746
vn -0.70668 -0.03505 -0.70666
vn -0.77422 -0.63292 -0
vn -0.99939 -0.03505 -0
vn 0 -1 -0
vn -0.70668 -0.03505 0.70666
vn -0.54745 -0.63292 0.54746
vn 0.54745 -0.63293 -0.54745
vn 0 -0.63293 0.77421
vn 0 -0.03505 0.99939
vn 0.54745 -0.63293 0.54746
vn 0.70668 -0.03505 0.70667
vn 0.77422 -0.63292 -0
vn 0.99939 -0.03505 -0
vn 0.70667 -0.03505 -0.70667
vn 1E-05 -0.63292 -0.77421
vn -1E-05 -0.03505 -0.99939
vn -0.54745 -0.63293 -0.54745
vn -0.70668 -0.03505 -0.70667
vn -0.77421 -0.63293 -1E-05
vn -0.99939 -0.03505 0
vn 0 -1 -0
vn -0.54746 -0.63292 0.54746
vn -0.70667 -0.03505 0.70667
vn 0.54745 -0.63293 -0.54744
vn 0 -0.63293 0.77421
vn 0 -0.63292 0.77422
vn 0.70667 -0.03506 0.70668
vn 0 -0.03505 0.99939
vn 0.54745 -0.63293 0.54744
vn 0.99939 -0.03505 0
vn 0.77421 -0.63293 -1E-05
vn 0.70667 -0.03505 -0.70667
vn 1E-05 -0.63293 -0.77421
vn -0 -0.03505 -0.99939
vn -0.54745 -0.63292 -0.54746
vn -0.70668 -0.03505 -0.70666
vn -0.77421 -0.63293 -1E-05
vn -0.99939 -0.03505 0
vn 0 -1 -0
vn -0.54745 -0.63293 0.54744
vn -0.70667 -0.03506 0.70668
vn 0.54745 -0.63293 -0.54745
vn 0 -0.03506 0.99939
vn 0.54745 -0.63292 0.54746
vn 0.70667 -0.03506 0.70668
vn 0.99939 -0.03506 0
vn 0.54746 -0.63292 -0.54745
vn 0.70667 -0.03506 -0.70667
vn 0 -0.03506 -0.99939
vn -0.54746 -0.63292 -0.54745
vn -0.70667 -0.03506 -0.70667
vn -0.99939 -0.03506 0
vn 0 -1 0
vn 0 -0.63293 -0.77421
vn -0.54745 -0.63292 0.54746
vn -0.70667 -0.03506 0.70668
vn 0.77421 -0.63293 0
vn 0 -0.63293 0.77421
vn -0 -0.63292 0.77422
vn 0.70667 -0.03505 0.70667
vn -0 -0.03505 0.99939
vn 0.77421 -0.63293 1E-05
vn 0.99939 -0.03505 -0
vn 0.54746 -0.63293 -0.54744
vn 0.70667 -0.03506 -0.70668
vn 0 -0.63293 -0.77421
vn -1E-05 -0.03506 -0.99939
vn -0.54745 -0.63292 -0.54745
vn -0.70667 -0.03506 -0.70668
vn -0.99939 -0.03505 -0
vn 0 -1 0
vn -0.77421 -0.63293 1E-05
vn -0.70667 -0.03505 0.70667
vn -0.54745 -0.63293 0.54745
vn 0.54745 -0.63293 0.54745
vn 0 -0.63292 0.77422
vn 0.70667 -0.03506 0.70668
vn 0 -0.03505 0.99939
vn 0.54746 -0.63293 0.54744
vn 0.99939 -0.03505 0
vn 0.77421 -0.63293 -1E-05
vn 0.70668 -0.03505 -0.70666
vn 0.54745 -0.63292 -0.54746
vn 0 -0.03505 -0.99939
vn -1E-05 -0.63293 -0.77421
vn -0.70667 -0.03505 -0.70667
vn -0.77421 -0.63293 -1E-05
vn -0.99939 -0.03505 0
vn 0 -1 -0
vn -0.54745 -0.63293 -0.54745
vn -0.54745 -0.63293 0.54744
vn -0.70667 -0.03506 0.70668
vn 0 -0.03506 0.99939
vn 0.54745 -0.63292 0.54746
vn 0.70667 -0.03506 0.70668
vn 0.99939 -0.03506 0
vn 0.54746 -0.63292 -0.54745
vn 0.70667 -0.03506 -0.70667
vn 0 -0.03506 -0.99939
vn -0.54746 -0.63292 -0.54745
vn -0.70667 -0.03506 -0.70667
vn -0.99939 -0.03506 0
vn 0 -1 0
vn 0 -0.63293 -0.77421
vn -0.54745 -0.63292 0.54746
vn -0.70667 -0.03506 0.70668
vn 0.77421 -0.63293 0
vn 0 -0.63293 0.77421
vn -0 -0.63292 0.77422
vn 0.70667 -0.03505 0.70667
vn -0 -0.03505 0.99939
vn 0.54746 -0.63292 0.54745
vn 0.99939 -0.03505 1E-05
vn 0.77421 -0.63293 -1E-05
vn 0.70667 -0.03506 -0.70667
vn 0.54744 -0.63293 -0.54745
vn 0 -0.03506 -0.99939
vn -0.54744 -0.63293 -0.54745
vn -0.70667 -0.03506 -0.70667
vn -0.77422 -0.63292 0
vn -0.99939 -0.03505 0
vn 0 -1 0
vn 0 -0.63293 -0.77421
vn -0.70667 -0.03505 0.70667
vn -0.54745 -0.63293 0.54745
vn 0 -0.63293 0.77421
vn 0.70668 -0.03505 0.70667
vn 0 -0.03511 0.99938
vn 0.77422 -0.63292 0
vn 0.99939 -0.03505 0
vn 0.70668 -0.03505 -0.70666
vn 0.54745 -0.63292 -0.54746
vn 0 -0.03505 -0.99939
vn -0.54745 -0.63292 -0.54746
vn -0.70668 -0.03505 -0.70666
vn -0.77422 -0.63292 0
vn -0.99939 -0.03505 0
vn -0 -1 0
vn -0 -0.63293 -0.77421
vn -0.70668 -0.03505 0.70667
vn -0.54744 -0.63292 0.54746
vn 0.54744 -0.63292 0.54746
vn 0 -0.63293 0.77421
vn 0.70668 -0.03505 0.70667
vn 0 -0.03511 0.99938
vn 0.77422 -0.63292 0
vn 0.99939 -0.03505 0
vn 0.70668 -0.03505 -0.70667
vn 0.54745 -0.63292 -0.54746
vn 0 -0.03505 -0.99939
vn -0.54745 -0.63292 -0.54746
vn -0.70668 -0.03505 -0.70667
vn -0.77422 -0.63292 0
vn -0.99939 -0.03505 0
vn -0 -1 0
vn -0 -0.63293 -0.77421
vn -0.70668 -0.03505 0.70667
vn -0.54744 -0.63292 0.54746
vn 0.54744 -0.63292 0.54746
vn 1E-05 -0.63293 0.77421
vn 0.70667 -0.03505 0.70668
vn -0 -0.03505 0.99939
vn 0.54746 -0.63292 0.54745
vn 0.99939 -0.03505 0
vn 0.54746 -0.63292 -0.54745
vn 0.70667 -0.03505 -0.70668
vn 0 -0.63292 -0.77422
vn 0 -0.03505 -0.99939
vn -0.70667 -0.03505 -0.70667
vn -0.77422 -0.63292 0
vn -0.99939 -0.03505 0
vn 0 -1 -0
vn -0.54745 -0.63293 -0.54745
vn -0.70668 -0.03505 0.70667
vn -0.54745 -0.63292 0.54746
vn 0.77421 -0.63293 -0
vn -0 -0.63292 0.77422
vn 0.70667 -0.03505 0.70667
vn -0 -0.03505 0.99939
vn 0.77422 -0.63292 0
vn 0.99939 -0.03505 0
vn 0.70668 -0.03505 -0.70667
vn 0.54745 -0.63292 -0.54746
vn 0 -0.03505 -0.99939
vn -0.54745 -0.63292 -0.54746
vn -0.70668 -0.03505 -0.70667
vn -0.77422 -0.63292 0
vn -0.99939 -0.03505 0
vn 0 -1 -0
vn 0 -0.63293 -0.77421
vn -0.70667 -0.03505 0.70667
vn -0.54745 -0.63293 0.54745
vn 0.54745 -0.63293 0.54745
vn 1E-05 -0.03505 0.99939
vn 0.54746 -0.63292 0.54745
vn 0.70667 -0.03505 0.70668
vn 0.99939 -0.03505 -0
vn 0.54746 -0.63293 -0.54745
vn 0.70666 -0.03505 -0.70668
vn 0 -0.63292 -0.77422
vn 0 -0.03505 -0.99939
vn -0.70666 -0.03505 -0.70668
vn -0.54746 -0.63293 -0.54745
vn -0.99939 -0.03505 0
vn -0 -1 -0
vn -0.54746 -0.63293 0.54744
vn -0.70666 -0.03505 0.70668
vn -1E-05 -0.63293 0.77421
vn 0.77421 -0.63293 0
vn 0 -0.03506 0.99939
vn 0.54746 -0.63292 0.54745
vn 0.70667 -0.03505 0.70668
vn 0.99939 -0.03505 -0
vn 0.54746 -0.63293 -0.54745
vn 0.70666 -0.03505 -0.70668
vn 0 -0.63292 -0.77422
vn 0 -0.03505 -0.99939
vn -0.70666 -0.03505 -0.70668
vn -0.54746 -0.63293 -0.54745
vn -0.99939 -0.03505 0
vn -0 -1 -0
vn -0.54746 -0.63292 0.54745
vn -0.70667 -0.03505 0.70668
vn 0.77421 -0.63293 0
vn 0 -0.63293 0.77421
vn 0 -0.63292 0.77422
vn 0.70667 -0.03504 0.70668
vn 0 -0.03505 0.99939
vn 0.77421 -0.63292 1E-05
vn 0.99939 -0.03505 -0
vn 0.54746 -0.63293 -0.54744
vn 0.70667 -0.03505 -0.70668
vn 0 -0.63292 -0.77422
vn 0 -0.03505 -0.99939
vn -0.70667 -0.03505 -0.70668
vn -0.54746 -0.63293 -0.54744
vn -0.99939 -0.03505 -0
vn 0 -1 0
vn -0.77421 -0.63292 1E-05
vn -0.70667 -0.03504 0.70668
vn -0.54745 -0.63292 0.54746
vn 0.54745 -0.63292 0.54746
vn 0 -0.63292 0.77422
vn 0.70667 -0.03504 0.70668
vn 0 -0.03505 0.99939
vn 0.77421 -0.63292 1E-05
vn 0.99939 -0.03505 -0
vn 0.54746 -0.63293 -0.54744
vn 0.70667 -0.03505 -0.70668
vn 0 -0.63292 -0.77422
vn 0 -0.03505 -0.99939
vn -0.70667 -0.03505 -0.70668
vn -0.54746 -0.63293 -0.54744
vn -0.99939 -0.03505 -0
vn 0 -1 0
vn -0.77421 -0.63292 1E-05
vn -0.70667 -0.03504 0.70668
vn -0.54745 -0.63292 0.54746
vn 0.54745 -0.63292 0.54746
vn -0 -0.63292 0.77422
vn 0.70667 -0.03505 0.70668
vn -0 -0.03505 0.99939
vn 0.54746 -0.63293 0.54744
vn 0.99939 -0.03505 -0
vn 0.77421 -0.63292 -1E-05
vn 0.70668 -0.03502 -0.70666
vn 0.54745 -0.63291 -0.54747
vn 0 -0.03503 -0.99939
vn -0.54745 -0.63291 -0.54747
vn -0.70668 -0.03502 -0.70666
vn -0.77421 -0.63292 -1E-05
vn -0.99939 -0.03505 -0
vn 0 -1 -0
vn -0 -0.63294 -0.7742
vn -0.54746 -0.63293 0.54744
vn -0.70667 -0.03505 0.70668
vn -0.70667 -0.03505 0.70668
vn -1E-05 -0.63292 0.77421
vn 0 -0.03505 0.99939
vn -0.99939 -0.03505 0
vn -0.54745 -0.63292 0.54745
vn -0.70668 -0.03505 -0.70667
vn -0.77421 -0.63292 -1E-05
vn -1E-05 -0.03505 -0.99939
vn -0.54745 -0.63292 -0.54746
vn 0.70667 -0.03505 -0.70667
vn 1E-05 -0.63292 -0.77421
vn 0.77422 -0.63292 0
vn 0.54745 -0.63293 -0.54745
vn -0 -1 -0
vn 0.70668 -0.03505 0.70666
vn 0.99939 -0.03505 0
vn 0.54745 -0.63292 0.54746
vn -0 -0.03505 0.99939
vn -0.54745 -0.63292 0.54746
vn -0 -0.63293 0.77421
vn -0.99939 -0.03505 0
vn -0.70667 -0.03504 0.70667
vn -0.54745 -0.63292 -0.54746
vn -0.77421 -0.63293 0
vn -1E-05 -0.03505 -0.99939
vn -0.70667 -0.03504 -0.70667
vn 0.70667 -0.03505 -0.70667
vn 1E-05 -0.63292 -0.77421
vn 0.77422 -0.63292 0
vn 0.54745 -0.63293 -0.54745
vn -0 -1 -0
vn 0.70668 -0.03505 0.70666
vn 0.99939 -0.03505 0
vn 0.54745 -0.63292 0.54746
vn -0.70666 -0.03505 0.70668
vn -0 -0.63292 0.77422
vn -0 -0.03505 0.99939
vn -0.99939 -0.03505 0
vn -0.54746 -0.63293 0.54744
vn -0.54746 -0.63293 -0.54745
vn -0.77421 -0.63293 0
vn -0.70666 -0.03505 -0.70668
vn 0 -0.63292 -0.77422
vn 0.70666 -0.03505 -0.70668
vn 0 -0.03505 -0.99939
vn 0.99939 -0.03505 0
vn 0.54746 -0.63293 -0.54745
vn 0 -1 -0
vn 0.77421 -0.63293 0
vn 0.54746 -0.63293 0.54744
vn 0.70666 -0.03505 0.70668
vn -0.70666 -0.03505 0.70668
vn -0 -0.63292 0.77422
vn -0 -0.03505 0.99939
vn -0.99939 -0.03505 0
vn -0.54746 -0.63293 0.54744
vn -0.54746 -0.63293 -0.54745
vn -0.77421 -0.63293 0
vn -0.70666 -0.03505 -0.70668
vn 0 -0.63292 -0.77422
vn 0.70666 -0.03505 -0.70668
vn 0 -0.03505 -0.99939
vn 0.99939 -0.03505 0
vn 0.54746 -0.63293 -0.54745
vn 0 -1 -0
vn 0.77421 -0.63293 0
vn 0.54746 -0.63293 0.54744
vn 0.70666 -0.03505 0.70668
vn -0 -0.03505 0.99939
vn -0.54745 -0.63291 0.54746
vn 1E-05 -0.63293 0.77421
vn -0.99939 -0.03505 0
vn -0.70667 -0.03503 0.70668
vn -0.54746 -0.63293 -0.54744
vn -0.77421 -0.63293 0
vn -0.70667 -0.03505 -0.70668
vn 0 -0.63292 -0.77422
vn 0.70667 -0.03505 -0.70668
vn 0 -0.03505 -0.99939
vn 0.99939 -0.03505 -0
vn 0.54746 -0.63293 -0.54744
vn 0 -1 0
vn 0.77421 -0.63292 1E-05
vn 0.70667 -0.03504 0.70668
vn 0.54745 -0.63292 0.54746
vn -0.70667 -0.03504 0.70668
vn 0 -0.63292 0.77422
vn 0 -0.03505 0.99939
vn -0.77421 -0.63292 1E-05
vn -0.54745 -0.63292 0.54746
vn -0.99939 -0.03505 -0
vn -0.54746 -0.63293 -0.54744
vn -0.70667 -0.03505 -0.70668
vn 0 -0.63292 -0.77422
vn 0.70667 -0.03505 -0.70668
vn 0 -0.03505 -0.99939
vn 0.99939 -0.03505 -0
vn 0.54746 -0.63293 -0.54744
vn 0 -1 0
vn 0.77421 -0.63292 1E-05
vn 0.70667 -0.03504 0.70668
vn 0.54745 -0.63292 0.54746
vn -0.70667 -0.03505 0.70668
vn -0 -0.63292 0.77422
vn -0 -0.03505 0.99939
vn -0.99939 -0.03505 -0
vn -0.54746 -0.63293 0.54744
vn -0.70668 -0.03502 -0.70666
vn -0.77421 -0.63292 -1E-05
vn 0 -0.03503 -0.99939
vn -0.54745 -0.63291 -0.54747
vn 0.54745 -0.63291 -0.54747
vn 0 -0.63294 -0.7742
vn 0.70668 -0.03502 -0.70666
vn 0.77421 -0.63292 -1E-05
vn 0 -1 -0
vn 0.99939 -0.03505 -0
vn 0.54746 -0.63293 0.54744
vn 0.70667 -0.03505 0.70668
vn 0 -0.03505 0.99939
vn 0.54745 -0.63293 0.54745
vn 0.70668 -0.03505 0.70667
vn 0.77422 -0.63292 0
vn 0.99939 -0.03505 0
vn 0.70667 -0.03505 -0.70667
vn 0 -0.63292 -0.77422
vn 0 -0.03505 -0.99939
vn -0.70667 -0.03505 -0.70667
vn -0.77422 -0.63292 0
vn -0.99939 -0.03505 0
vn -0 -1 0
vn -0.54745 -0.63293 -0.54745
vn -0.70668 -0.03505 0.70667
vn -0.54745 -0.63293 0.54745
vn 0.54745 -0.63293 -0.54745
vn 0 -0.63293 0.77421
vn 0 -0.03505 0.99939
vn 0.54746 -0.63292 0.54746
vn 0.70668 -0.03504 0.70667
vn 0.99939 -0.03505 0
vn 0.54746 -0.63292 -0.54746
vn 0.70668 -0.03504 -0.70667
vn 0 -0.03505 -0.99939
vn -1E-05 -0.63293 -0.77421
vn -0.70667 -0.03505 -0.70667
vn -0.77422 -0.63292 -0
vn -0.99939 -0.03505 -0
vn -0 -1 -0
vn -0.54745 -0.63293 -0.54745
vn -0.70668 -0.03505 0.70666
vn -0.54745 -0.63292 0.54746
vn 0.77421 -0.63293 -0
vn 0 -0.63293 0.77421
vn 1E-05 -0.63293 0.77421
vn 0.70667 -0.03505 0.70667
vn -1E-05 -0.03505 0.99939
vn 0.77421 -0.63293 0
vn 0.99939 -0.03505 -1E-05
vn 0.54746 -0.63293 -0.54744
vn 0.70667 -0.03505 -0.70667
vn 1E-05 -0.63292 -0.77421
vn -1E-05 -0.03505 -0.99939
vn -0.54745 -0.63293 -0.54745
vn -0.70668 -0.03505 -0.70667
vn -0.77421 -0.63293 -1E-05
vn -0.99939 -0.03505 0
vn -0 -1 -0
vn -0.54746 -0.63292 0.54746
vn -0.70667 -0.03505 0.70667
vn 0.54745 -0.63293 0.54745
vn 0 -0.63292 0.77422
vn 0.70667 -0.03506 0.70668
vn 0 -0.03505 0.99939
vn 0.54745 -0.63293 0.54744
vn 0.99939 -0.03505 0
vn 0.77421 -0.63293 -1E-05
vn 0.70667 -0.03505 -0.70667
vn 0 -0.63292 -0.77422
vn 0 -0.03505 -0.99939
vn -0.70667 -0.03505 -0.70667
vn -0.54745 -0.63292 -0.54745
vn -0.99939 -0.03505 -0
vn -0 -1 -0
vn -0.54745 -0.63293 0.54744
vn -0.70667 -0.03506 0.70668
vn 0.54745 -0.63293 -0.54745
vn 0 -0.03506 0.99939
vn 0.54745 -0.63292 0.54746
vn 0.70667 -0.03506 0.70668
vn 0.99939 -0.03506 0
vn 0.54746 -0.63292 -0.54745
vn 0.70667 -0.03506 -0.70667
vn 0 -0.03506 -0.99939
vn -0.54746 -0.63292 -0.54745
vn -0.70667 -0.03506 -0.70667
vn -0.99939 -0.03506 0
vn -0 -1 0
vn 0 -0.63293 -0.77421
vn -0.54745 -0.63292 0.54746
vn -0.70667 -0.03506 0.70668
vn 0.77421 -0.63293 0
vn 0 -0.63293 0.77421
vn -0 -0.63292 0.77422
vn 0.70667 -0.03505 0.70667
vn -0 -0.03505 0.99939
vn 0.77421 -0.63293 1E-05
vn 0.99939 -0.03505 -0
vn 0.54745 -0.63292 -0.54745
vn 0.70667 -0.03506 -0.70668
vn 0 -0.03506 -0.99939
vn -0.54744 -0.63293 -0.54745
vn -0.70667 -0.03506 -0.70667
vn -0.77421 -0.63293 -1E-05
vn -0.99939 -0.03505 1E-05
vn -0 -1 0
vn 0 -0.63293 -0.77421
vn -0.54746 -0.63292 0.54745
vn -0.70667 -0.03505 0.70667
vn 0.54745 -0.63293 0.54745
vn 0 -0.63293 0.77421
vn 0.70668 -0.03505 0.70667
vn 0 -0.03511 0.99938
vn 0.77422 -0.63292 0
vn 0.99939 -0.03505 0
vn 0.70668 -0.03505 -0.70666
vn 0.54745 -0.63292 -0.54746
vn 0 -0.03505 -0.99939
vn -0.54746 -0.63292 -0.54746
vn -0.70668 -0.03504 -0.70667
vn -0.99939 -0.03505 -0
vn -0 -1 0
vn -0 -0.63293 -0.77421
vn -0.77421 -0.63293 1E-05
vn -0.70668 -0.03505 0.70667
vn -0.54744 -0.63292 0.54746
vn 0.54744 -0.63292 0.54746
vn 0.63292 0 0.77422
vn 0.03505 0.70667 0.70667
vn 0.03505 0 0.99939
vn 0.63292 0.77421 1E-05
vn 0.03505 0.99939 -0
vn 0.63292 0.54746 -0.54745
vn 0.03505 0.70666 -0.70668
vn 0.63292 0 -0.77422
vn 0.03505 0 -0.99939
vn 0.03505 -0.70666 -0.70668
vn 0.63292 -0.54746 -0.54745
vn 0.03505 -0.99939 0
vn 1 0 0
vn 0.63292 -0.54746 0.54745
vn 0.03505 -0.70667 0.70668
vn 0.63293 0.54745 0.54745
vn 0.63292 0 0.77422
vn 0.03505 0.70667 0.70668
vn 0.03505 0 0.99939
vn 0.63292 0.54746 0.54745
vn 0.03505 0.99939 0
vn 0.63292 0.54746 -0.54745
vn 0.03505 0.70666 -0.70668
vn 0.63292 0 -0.77422
vn 0.03505 0 -0.99939
vn 0.03505 -0.70666 -0.70668
vn 0.63292 -0.54746 -0.54745
vn 0.03505 -0.99939 0
vn 1 0 0
vn 0.63292 -0.54746 0.54745
vn 0.03505 -0.70667 0.70668
vn 0.63293 0.77421 0
vn 0.63292 0 0.77422
vn 0.03505 0.70667 0.70668
vn 0.03505 0 0.99939
vn 0.63293 0.54746 0.54744
vn 0.03505 0.99939 0
vn 0.63292 0.77421 -1E-05
vn 0.03504 0.70667 -0.70667
vn 0.63292 0 -0.77422
vn 0.03505 0 -0.99939
vn 0.03504 -0.70667 -0.70668
vn 0.63292 -0.54746 -0.54745
vn 0.03505 -0.99939 0
vn 1 0 0
vn 0.63293 -0.54746 0.54744
vn 0.03505 -0.70667 0.70668
vn 0.63293 0.54745 -0.54745
vn 0.03503 -0 0.99939
vn 0.63291 0.54746 0.54746
vn 0.03502 0.70669 0.70666
vn 0.63292 0.77421 -0
vn 0.03505 0.99939 -1E-05
vn 0.63293 0.54746 -0.54744
vn 0.03505 0.70666 -0.70668
vn 0.63292 -0 -0.77422
vn 0.03505 0 -0.99939
vn 0.03505 -0.70666 -0.70668
vn 0.63293 -0.54746 -0.54744
vn 0.03505 -0.99939 -1E-05
vn 1 0 -0
vn 0.63292 -0.77421 -0
vn 0.03502 -0.70669 0.70666
vn 0.63291 -0.54746 0.54746
vn 0.63294 0 0.7742
vn 0.63292 0 0.77422
vn 0.03505 0.70667 0.70668
vn 0.03505 0 0.99939
vn 0.63292 0.54746 0.54745
vn 0.03505 0.99939 0
vn 0.63292 0.54746 -0.54745
vn 0.03505 0.70666 -0.70668
vn 0.63292 0 -0.77422
vn 0.03505 0 -0.99939
vn 0.03505 -0.70666 -0.70668
vn 0.63292 -0.54746 -0.54745
vn 0.03505 -0.99939 0
vn 1 0 0
vn 0.63292 -0.54746 0.54745
vn 0.03505 -0.70667 0.70668
vn 0.63293 0.77421 0
vn 0.63292 0 0.77422
vn 0.03505 0.70667 0.70668
vn 0.03505 0 0.99939
vn 0.63292 0.54746 0.54745
vn 0.03505 0.99939 0
vn 0.63292 0.54746 -0.54745
vn 0.03505 0.70666 -0.70668
vn 0.63292 0 -0.77422
vn 0.03505 0 -0.99939
vn 0.03505 -0.70666 -0.70668
vn 0.63292 -0.54746 -0.54745
vn 0.03505 -0.99939 -0
vn 1 0 0
vn 0.63293 -0.77421 1E-05
vn 0.03505 -0.70667 0.70667
vn 0.63293 0.77421 0
vn 0.63293 -0.54745 0.54745
vn 0.63292 0 0.77422
vn 0.03505 0.70667 0.70668
vn 0.03505 0 0.99939
vn 0.63293 0.54746 0.54744
vn 0.03505 0.99939 0
vn 0.63292 0.77421 -1E-05
vn 0.03504 0.70667 -0.70667
vn 0.63293 1E-05 -0.77421
vn 0.03505 -0 -0.99939
vn 0.63292 -0.54745 -0.54746
vn 0.03504 -0.70668 -0.70667
vn 0.63292 -0.77421 -1E-05
vn 0.03505 -0.99939 0
vn 1 0 0
vn 0.63293 -0.54746 0.54744
vn 0.03505 -0.70667 0.70668
vn 0.63293 0.54745 -0.54745
vn 0.03503 0 0.99939
vn 0.63291 0.54746 0.54746
vn 0.03502 0.70669 0.70666
vn 0.63292 0.77421 -0
vn 0.03505 0.99939 -1E-05
vn 0.63293 0.54746 -0.54744
vn 0.03505 0.70666 -0.70668
vn 0.63292 0 -0.77422
vn 0.03505 0 -0.99939
vn 0.03505 -0.70666 -0.70668
vn 0.63293 -0.54746 -0.54744
vn 0.03505 -0.99939 -1E-05
vn 1 0 -0
vn 0.63292 -0.77421 -0
vn 0.03502 -0.70669 0.70666
vn 0.63291 -0.54746 0.54746
vn 0.63294 0 0.7742
vn -0.03505 0.70667 0.70668
vn -0.63291 0 0.77422
vn -0.03505 0 0.99939
vn -0.03505 0.99939 0
vn -0.63292 0.54746 0.54745
vn -0.63292 0.54746 -0.54745
vn -0.63293 0.77421 0
vn -0.03505 0.70666 -0.70668
vn -0.63292 1E-05 -0.77421
vn -0.03505 -0 -0.99939
vn -0.63292 -0.54745 -0.54746
vn -0.03505 -0.70667 -0.70667
vn -0.63291 -0.77422 -0
vn -1 0 -0
vn -0.03505 -0.70667 0.70667
vn -0.03505 -0.99939 0
vn -0.63294 -0.54745 0.54744
vn -0.03505 0.70667 0.70668
vn -0.63292 0 0.77422
vn -0.03505 0 0.99939
vn -0.03505 0.99939 1E-05
vn -0.63293 0.54746 0.54744
vn -0.03505 0.70667 -0.70667
vn -0.63293 0.77421 -1E-05
vn -0.63292 0 -0.77422
vn -0.63293 0.54745 -0.54745
vn -0.03505 -0.70667 -0.70667
vn -0.03505 0 -0.99939
vn -0.63293 -0.77421 -1E-05
vn -0.63293 -0.54745 -0.54745
vn -1 0 0
vn -0.03505 -0.99939 1E-05
vn -0.63293 -0.54746 0.54744
vn -0.03505 -0.70667 0.70668
vn -0.03505 0.70667 0.70668
vn -0.63291 -0 0.77422
vn -0.03505 0 0.99939
vn -0.03505 0.99939 0
vn -0.63293 0.54746 0.54744
vn -0.03504 0.70667 -0.70667
vn -0.63292 0.77422 -1E-05
vn -0.63291 0 -0.77422
vn -0.63292 0.54745 -0.54745
vn -0.03504 -0.70667 -0.70667
vn -0.03505 0 -0.99939
vn -0.63292 -0.77422 -1E-05
vn -0.63292 -0.54745 -0.54745
vn -1 -0 0
vn -0.03505 -0.99939 0
vn -0.63293 -0.54746 0.54744
vn -0.03505 -0.70667 0.70668
vn -0.03504 0.70668 0.70667
vn -0.63293 -0 0.77421
vn -0.03511 0 0.99938
vn -0.63293 0.77421 1E-05
vn -0.63292 0.54745 0.54746
vn -0.03505 0.99939 0
vn -0.63293 0.54745 -0.54745
vn -0.03506 0.70666 -0.70668
vn -0.63294 0 -0.7742
vn -0.03506 -0.70666 -0.70668
vn -0.03511 0 -0.99938
vn -0.03505 -0.99939 0
vn -0.63293 -0.54745 -0.54745
vn -1 0 -0
vn -0.63293 -0.77421 1E-05
vn -0.03504 -0.70668 0.70667
vn -0.63292 -0.54745 0.54746
vn -0.03505 0.70667 0.70668
vn -0.63291 0 0.77422
vn -0.03505 0 0.99939
vn -0.03505 0.99939 0
vn -0.63292 0.54746 0.54745
vn -0.63292 0.54746 -0.54745
vn -0.63293 0.77421 0
vn -0.03505 0.70666 -0.70668
vn -0.63292 0 -0.77422
vn -0.03505 -0.70667 -0.70667
vn -0.03505 0 -0.99939
vn -0.63291 -0.77422 0
vn -0.63293 -0.54745 -0.54745
vn -1 -0 0
vn -0.03505 -0.70667 0.70667
vn -0.03505 -0.99939 0
vn -0.63293 -0.54745 0.54745
vn -0.03505 0.70667 0.70668
vn -0.63292 0 0.77422
vn -0.03505 0 0.99939
vn -0.03505 0.99939 0
vn -0.63293 0.54746 0.54744
vn -0.63292 0.54746 -0.54745
vn -0.63294 0.7742 0
vn -0.03505 0.70666 -0.70668
vn -0.63292 0 -0.77422
vn -0.03505 -0.70666 -0.70668
vn -0.03505 0 -0.99939
vn -0.03505 -0.99939 0
vn -0.63292 -0.54746 -0.54745
vn -1 0 0
vn -0.63294 -0.7742 0
vn -0.63293 -0.54746 0.54744
vn -0.03505 -0.70667 0.70668
vn -0.03505 0.70667 0.70668
vn -0.63292 0 0.77422
vn -0.03505 0 0.99939
vn -0.03505 0.99939 0
vn -0.63293 0.54746 0.54744
vn -0.03504 0.70667 -0.70667
vn -0.63293 0.77421 -1E-05
vn -0.63293 1E-05 -0.77421
vn -0.63293 0.54745 -0.54745
vn -0.03505 -0 -0.99939
vn -0.63292 -0.54746 -0.54746
vn -0.03505 -0.99939 0
vn -0.03503 -0.70667 -0.70667
vn -1 0 0
vn -0.63294 -0.7742 0
vn -0.63293 -0.54746 0.54744
vn -0.03505 -0.70667 0.70668
vn -0.03504 0.70668 0.70667
vn -0.63293 0 0.77421
vn -0.03511 0 0.99938
vn -0.63292 0.77422 1E-05
vn -0.63291 0.54745 0.54747
vn -0.03505 0.99939 0
vn -0.63292 0.54745 -0.54745
vn -0.03506 0.70666 -0.70668
vn -0.63293 0 -0.77421
vn -0.03506 -0.70666 -0.70668
vn -0.03511 0 -0.99938
vn -0.03505 -0.99939 0
vn -0.63292 -0.54745 -0.54745
vn -1 0 0
vn -0.63292 -0.77422 1E-05
vn -0.03504 -0.70668 0.70667
vn -0.63291 -0.54745 0.54747
vn -1E-05 0.03505 0.99939
vn -0.54746 0.63292 0.54745
vn -0.70667 0.03504 0.70667
vn -0.99939 0.03505 0
vn -0.54746 0.63292 -0.54745
vn -0.70666 0.03505 -0.70668
vn -0 0.63292 -0.77422
vn -0 0.03505 -0.99939
vn 0.70667 0.03505 -0.70668
vn 0.77422 0.63292 0
vn 0.99939 0.03505 0
vn -0 1 0
vn 0.54745 0.63293 -0.54745
vn 0.70667 0.03505 0.70667
vn 1E-05 0.63292 0.77421
vn -0.77421 0.63293 0
vn 0.54745 0.63293 0.54745
vn 0 0.63292 0.77422
vn -0.70667 0.03505 0.70667
vn 0 0.03505 0.99939
vn -0.77422 0.63292 0
vn -0.99939 0.03505 0
vn -0.70667 0.03505 -0.70667
vn 0 0.63292 -0.77422
vn 0 0.03505 -0.99939
vn 0.70667 0.03505 -0.70667
vn 0.77421 0.63292 -1E-05
vn 0.99939 0.03505 1E-05
vn -0 1 0
vn 0.54745 0.63293 -0.54745
vn 0.54746 0.63292 0.54745
vn 0.70667 0.03505 0.70668
vn -0.54745 0.63293 -0.54745
vn -0.54745 0.63293 0.54745
vn 0 0.63292 0.77422
vn -0.70667 0.03505 0.70668
vn 0 0.03505 0.99939
vn -0.54746 0.63293 0.54744
vn -0.99939 0.03505 0
vn -0.77421 0.63292 -1E-05
vn -0.70668 0.03504 -0.70667
vn -0.54745 0.63292 -0.54746
vn 0 0.03505 -0.99939
vn 0.54745 0.63292 -0.54746
vn 0.70668 0.03504 -0.70667
vn 0.77421 0.63292 -1E-05
vn 0.99939 0.03505 0
vn 0 1 0
vn 0 0.63293 -0.77421
vn 0.54746 0.63293 0.54744
vn 0.70667 0.03505 0.70668
vn -2E-05 0.63293 0.77421
vn -0.70668 0.03503 0.70667
vn -0 0.03504 0.99939
vn -0.77421 0.63292 -0
vn -0.99939 0.03505 -1E-05
vn -0.54746 0.63293 -0.54744
vn -0.70666 0.03505 -0.70668
vn -0 0.63292 -0.77422
vn 0 0.03505 -0.99939
vn 0.70666 0.03505 -0.70668
vn 0.54745 0.63293 -0.54744
vn 0.99939 0.03505 -1E-05
vn -0 1 -0
vn 0.77421 0.63293 -0
vn 0.70669 0.03502 0.70666
vn 0.54745 0.63291 0.54746
vn -0.54746 0.63291 0.54746
vn 0.70667 0.03505 0.70668
vn 0 0.63292 0.77422
vn 0 0.03505 0.99939
vn 0.99939 0.03505 0
vn 0.54746 0.63292 0.54745
vn 0.54746 0.63292 -0.54745
vn 0.77421 0.63293 0
vn 0.70666 0.03505 -0.70668
vn 0 0.63292 -0.77422
vn -0.70667 0.03505 -0.70667
vn 0 0.03505 -0.99939
vn -0.77422 0.63292 0
vn -0.54745 0.63293 -0.54745
vn 0 1 0
vn -0.70667 0.03505 0.70667
vn -0.99939 0.03505 0
vn -0.54745 0.63293 0.54745
vn 0 0.03505 0.99939
vn 0.54746 0.63292 0.54745
vn 0 0.63293 0.77421
vn 0.99939 0.03505 0
vn 0.70667 0.03504 0.70667
vn 0.54746 0.63292 -0.54745
vn 0.77421 0.63293 0
vn 0.70666 0.03505 -0.70668
vn 0 0.63292 -0.77422
vn -0.70667 0.03505 -0.70667
vn 0 0.03505 -0.99939
vn -0.77421 0.63293 -1E-05
vn -0.54745 0.63293 -0.54745
vn 0 1 0
vn -0.99939 0.03505 1E-05
vn -0.54746 0.63292 0.54745
vn -0.70667 0.03504 0.70667
vn 0.70667 0.03505 0.70668
vn -0 0.63292 0.77422
vn 0 0.03505 0.99939
vn 0.99939 0.03505 0
vn 0.54746 0.63293 0.54744
vn 0.70667 0.03504 -0.70667
vn 0.77421 0.63292 -1E-05
vn 0 0.63292 -0.77422
vn 0.54745 0.63293 -0.54745
vn -0.70667 0.03504 -0.70668
vn 0 0.03505 -0.99939
vn -0.99939 0.03505 0
vn -0.54746 0.63292 -0.54745
vn 0 1 0
vn -0.77421 0.63293 0
vn -0.54746 0.63293 0.54744
vn -0.70667 0.03505 0.70668
vn -1E-05 0.03509 0.99938
vn 0.54746 0.63292 0.54746
vn -2E-05 0.63294 0.7742
vn 0.70669 0.03502 0.70665
vn 0.77421 0.63292 1E-05
vn 0.99939 0.03505 0
vn 0.54745 0.63292 -0.54745
vn 0.70666 0.03506 -0.70668
vn 0 0.63294 -0.7742
vn -0.70666 0.03506 -0.70668
vn 0 0.03511 -0.99938
vn -0.99939 0.03505 0
vn -0.54745 0.63292 -0.54745
vn 0 1 -0
vn -0.77421 0.63292 1E-05
vn -0.70668 0.03504 0.70667
vn -0.54745 0.63292 0.54746
vn -0 -0.63292 0.77422
vn 0.70667 -0.03504 0.70668
vn -0 -0.03505 0.99939
vn 0.54746 -0.63292 0.54745
vn 0.99939 -0.03505 0
vn 0.54746 -0.63292 -0.54745
vn 0.70667 -0.03505 -0.70668
vn 0 -0.03506 -0.99939
vn -0.54746 -0.63292 -0.54745
vn -0.70667 -0.03505 -0.70668
vn -0.99939 -0.03505 0
vn 0 -1 0
vn -0 -0.63293 -0.77421
vn -0.54746 -0.63292 0.54745
vn -0.70667 -0.03504 0.70668
vn 0.77421 -0.63293 -0
vn 1E-05 -0.63293 0.77421
vn 0.70667 -0.03505 0.70667
vn -0 -0.03505 0.99939
vn 0.77422 -0.63292 0
vn 0.99939 -0.03505 0
vn 0.70667 -0.03505 -0.70667
vn 0.54745 -0.63292 -0.54746
vn 0 -0.03505 -0.99939
vn -1E-05 -0.63293 -0.77421
vn -0.70666 -0.03505 -0.70668
vn -0.54746 -0.63292 -0.54745
vn -0.99939 -0.03505 -0
vn 0 -1 0
vn -0.77421 -0.63293 1E-05
vn -0.70667 -0.03505 0.70667
vn -0.54745 -0.63292 0.54746
vn 0.54745 -0.63293 0.54745
vn -0 -0.63292 0.77422
vn 0.70667 -0.03504 0.70667
vn -0 -0.03505 0.99939
vn 0.77421 -0.63293 1E-05
vn 0.99939 -0.03505 -0
vn 0.54746 -0.63293 -0.54744
vn 0.70666 -0.03505 -0.70668
vn 0 -0.63292 -0.77422
vn 0 -0.03505 -0.99939
vn -0.70666 -0.03505 -0.70668
vn -0.54746 -0.63293 -0.54744
vn -0.99939 -0.03505 0
vn 0 -1 0
vn -0.54746 -0.63292 0.54745
vn -0.70667 -0.03504 0.70668
vn 0.54745 -0.63293 0.54745
vn -0 -0.63292 0.77422
vn 0.70666 -0.03505 0.70668
vn -0 -0.03505 0.99939
vn 0.54746 -0.63292 0.54745
vn 0.99939 -0.03505 0
vn 0.77421 -0.63293 -1E-05
vn 0.70667 -0.03505 -0.70667
vn 0 -0.63292 -0.77422
vn 0 -0.03505 -0.99939
vn -0.70666 -0.03505 -0.70668
vn -0.54746 -0.63292 -0.54745
vn -0.99939 -0.03505 0
vn 0 -1 0
vn -0.54746 -0.63292 0.54745
vn -0.70666 -0.03505 0.70668
vn 0.54745 -0.63293 -0.54745
vn 1E-05 -0.63293 0.77421
vn 0.70667 -0.03504 0.70667
vn -0 -0.03505 0.99939
vn 0.77421 -0.63293 1E-05
vn 0.99939 -0.03505 -0
vn 0.54746 -0.63292 -0.54745
vn 0.70667 -0.03505 -0.70668
vn 0 -0.03506 -0.99939
vn -0.54746 -0.63292 -0.54745
vn -0.70667 -0.03505 -0.70668
vn -0.99939 -0.03505 -0
vn 0 -1 0
vn -0 -0.63293 -0.77421
vn -0.77421 -0.63293 1E-05
vn -0.70668 -0.03504 0.70667
vn -0.54745 -0.63292 0.54746
vn 0.54745 -0.63293 0.54745
vn 1E-05 -0.63293 0.77421
vn 0.70666 -0.03505 0.70668
vn -0 -0.03505 0.99939
vn 0.54746 -0.63292 0.54745
vn 0.99939 -0.03505 0
vn 0.77421 -0.63293 -1E-05
vn 0.70667 -0.03505 -0.70667
vn 0.54745 -0.63292 -0.54746
vn 0 -0.03505 -0.99939
vn -1E-05 -0.63293 -0.77421
vn -0.70667 -0.03505 -0.70667
vn -0.77422 -0.63292 -0
vn -0.99939 -0.03505 -0
vn 0 -1 0
vn -0.54745 -0.63293 -0.54745
vn -0.70667 -0.03505 0.70667
vn -0.54745 -0.63292 0.54746
vn 0 0.03505 0.99939
vn 0.54746 0.63292 0.54746
vn 0 0.63294 0.7742
vn 0.99939 0.03505 0
vn 0.70667 0.03503 0.70667
vn 0.54746 0.63292 -0.54745
vn 0.7742 0.63294 0
vn 1E-05 0.03505 -0.99939
vn 0.70667 0.03505 -0.70668
vn -0.70666 0.03505 -0.70668
vn -1E-05 0.63293 -0.77421
vn -0.99939 0.03505 -0
vn -0.54746 0.63293 -0.54744
vn 0 1 0
vn -0.77421 0.63293 1E-05
vn -0.70668 0.03504 0.70667
vn -0.54745 0.63292 0.54746
vn 0.70667 0.03505 0.70668
vn 0 0.63292 0.77422
vn 0 0.03505 0.99939
vn 0.99939 0.03505 0
vn 0.54746 0.63293 0.54744
vn 0.54746 0.63292 -0.54745
vn 0.7742 0.63294 0
vn 0.70666 0.03505 -0.70668
vn 0 0.63292 -0.77422
vn -0.70667 0.03505 -0.70667
vn 0 0.03505 -0.99939
vn -0.77421 0.63293 -1E-05
vn -0.54745 0.63293 -0.54745
vn 0 1 0
vn -0.99939 0.03505 1E-05
vn -0.54746 0.63293 0.54744
vn -0.70667 0.03505 0.70668
vn 0.70667 0.03504 0.70667
vn 0 0.63292 0.77422
vn 0 0.03505 0.99939
vn 0.77421 0.63293 1E-05
vn 0.54745 0.63293 0.54745
vn 0.99939 0.03505 -0
vn 0.54746 0.63293 -0.54744
vn 0.70666 0.03505 -0.70668
vn -0 0.63292 -0.77422
vn -0.70666 0.03505 -0.70668
vn -0 0.03505 -0.99939
vn -0.99939 0.03505 -0
vn -0.54746 0.63293 -0.54744
vn 0 1 0
vn -0.77421 0.63293 1E-05
vn -0.70667 0.03504 0.70667
vn -0.54745 0.63293 0.54745
vn 0.70667 0.03505 0.70668
vn 0 0.63292 0.77422
vn 0 0.03505 0.99939
vn 0.99939 0.03505 0
vn 0.54746 0.63293 0.54744
vn 0.54746 0.63292 -0.54745
vn 0.7742 0.63294 0
vn 0.70666 0.03505 -0.70668
vn 0 0.63292 -0.77422
vn -0.70666 0.03505 -0.70668
vn 0 0.03505 -0.99939
vn -0.99939 0.03505 0
vn -0.54746 0.63292 -0.54745
vn 0 1 0
vn -0.7742 0.63294 0
vn -0.54746 0.63293 0.54744
vn -0.70667 0.03505 0.70668
vn 0.70666 0.03502 0.70668
vn 1E-05 0.63293 0.77421
vn 0 0.03505 0.99939
vn 0.99939 0.03504 0
vn 0.54746 0.63291 0.54745
vn 0.54746 0.63292 -0.54744
vn 0.7742 0.63294 0
vn 0.70666 0.03504 -0.70668
vn 0 0.63292 -0.77422
vn -0.70666 0.03507 -0.70668
vn 1E-05 0.03505 -0.99939
vn -0.99939 0.03506 -1E-05
vn -0.54745 0.63293 -0.54744
vn 0 1 -0
vn -0.77421 0.63293 1E-05
vn -0.70668 0.03505 0.70667
vn -0.54744 0.63293 0.54746
vn 0.70666 0.03503 0.70668
vn 1E-05 0.63293 0.77421
vn 0 0.03505 0.99939
vn 0.99939 0.03504 0
vn 0.54747 0.63292 0.54744
vn 0.54746 0.63292 -0.54745
vn 0.7742 0.63294 0
vn 0.70666 0.03503 -0.70668
vn 1E-05 0.63293 -0.77421
vn 0 0.03505 -0.99939
vn -0.54744 0.63293 -0.54746
vn -0.70667 0.03506 -0.70667
vn -0.77422 0.63292 0
vn 0 1 0
vn -0.70667 0.03506 0.70667
vn -0.99939 0.03505 0
vn -0.54744 0.63293 0.54746
vn 0.63293 1E-05 0.77421
vn 0.03506 0.70667 0.70667
vn 0.03511 0 0.99938
vn 0.63293 0.54746 0.54744
vn 0.03505 0.99939 1E-05
vn 0.63293 0.54746 -0.54744
vn 0.03505 0.70666 -0.70668
vn 0.63293 1E-05 -0.77421
vn 0.03505 -1E-05 -0.99939
vn 0.63292 -0.54745 -0.54746
vn 0.03504 -0.70668 -0.70667
vn 0.63292 -0.77422 0
vn 0.03505 -0.99939 0
vn 1 0 0
vn 0.03504 -0.70668 0.70667
vn 0.63293 0.77421 1E-05
vn 0.63292 -0.54745 0.54746
vn 0.63292 0 0.77422
vn 0.03504 0.70667 0.70667
vn 0.03505 0 0.99939
vn 0.63293 0.77421 1E-05
vn 0.03505 0.99939 -0
vn 0.63293 0.54746 -0.54744
vn 0.03505 0.70666 -0.70668
vn 0.63292 0 -0.77422
vn 0.03505 -0 -0.99939
vn 0.03505 -0.70666 -0.70668
vn 0.63293 -0.54746 -0.54744
vn 0.03505 -0.99939 -0
vn 1 0 0
vn 0.63292 -0.77421 1E-05
vn 0.03504 -0.70667 0.70667
vn 0.63293 -0.54745 0.54745
vn 0.63293 0.54745 0.54745
vn 0.03505 0 0.99939
vn 0.63292 0.54745 0.54746
vn 0.03504 0.70668 0.70667
vn 0.63293 0.77421 1E-05
vn 0.03505 0.99939 -0
vn 0.63293 0.54746 -0.54744
vn 0.03505 0.70666 -0.70668
vn 0.63292 0 -0.77422
vn 0.03505 -0 -0.99939
vn 0.03505 -0.70666 -0.70668
vn 0.63293 -0.54746 -0.54744
vn 0.03505 -0.99939 -0
vn 1 0 0
vn 0.63292 -0.77421 1E-05
vn 0.03504 -0.70667 0.70667
vn 0.63293 -1E-05 0.77421
vn 0.63293 -0.54745 0.54745
vn -0.03505 0.70667 0.70668
vn -0.63291 0 0.77422
vn -0.03505 0 0.99939
vn -0.03505 0.99939 0
vn -0.63293 0.54746 0.54744
vn -0.63292 0.54746 -0.54745
vn -0.63293 0.77421 0
vn -0.03504 0.70667 -0.70668
vn -0.63292 1E-05 -0.77421
vn -0.03505 -0 -0.99939
vn -0.63292 -0.54745 -0.54746
vn -0.03504 -0.70668 -0.70667
vn -0.63292 -0.77422 -1E-05
vn -1 0 -0
vn -0.03505 -0.99939 0
vn -0.63293 -0.54745 0.54744
vn -0.03505 -0.70667 0.70668
vn -0.03504 0.70667 0.70667
vn -0.63292 0 0.77422
vn -0.03505 0 0.99939
vn -0.63293 0.77421 1E-05
vn -0.63293 0.54745 0.54745
vn -0.03505 0.99939 -0
vn -0.63293 0.54746 -0.54744
vn -0.03505 0.70666 -0.70668
vn -0.63292 -0 -0.77422
vn -0.03505 -0.70666 -0.70668
vn -0.03505 -0 -0.99939
vn -0.03505 -0.99939 -0
vn -0.63293 -0.54746 -0.54744
vn -1 0 0
vn -0.63293 -0.77421 1E-05
vn -0.03504 -0.70667 0.70667
vn -0.63293 -0.54745 0.54745
vn -0.03504 0.70667 0.70667
vn -0.63292 0 0.77422
vn -0.03505 0 0.99939
vn -0.63293 0.77421 1E-05
vn -0.63293 0.54745 0.54745
vn -0.03505 0.99939 -0
vn -0.63293 0.54746 -0.54744
vn -0.03505 0.70666 -0.70668
vn -0.63292 -0 -0.77422
vn -0.03505 -0.70666 -0.70668
vn -0.03505 -0 -0.99939
vn -0.03505 -0.99939 -0
vn -0.63293 -0.54746 -0.54744
vn -1 0 0
vn -0.63293 -0.77421 1E-05
vn -0.03504 -0.70667 0.70667
vn -0.63293 -0.54745 0.54745
vn 0.63292 0 0.77422
vn 0.03505 0.70667 0.70668
vn 0.03505 0 0.99939
vn 0.63293 0.54746 0.54744
vn 0.03505 0.99939 0
vn 0.63293 0.54746 -0.54744
vn 0.03505 0.70666 -0.70668
vn 0.63292 0 -0.77422
vn 0.03505 0 -0.99939
vn 0.03505 -0.70666 -0.70668
vn 0.63293 -0.54746 -0.54744
vn 0.03505 -0.99939 0
vn 1 0 0
vn 0.63293 -0.54746 0.54744
vn 0.03505 -0.70667 0.70668
vn 0.63293 0.77421 0
vn 0.63292 0 0.77422
vn 0.03505 0.70667 0.70668
vn 0.03505 0 0.99939
vn 0.63292 0.54746 0.54745
vn 0.03505 0.99939 0
vn 0.63292 0.54746 -0.54745
vn 0.03505 0.70666 -0.70668
vn 0.63292 0 -0.77422
vn 0.03505 0 -0.99939
vn 0.03505 -0.70667 -0.70667
vn 0.63293 -0.77421 -1E-05
vn 0.03505 -0.99939 1E-05
vn 1 0 0
vn 0.63293 -0.54745 -0.54745
vn 0.63292 -0.54746 0.54745
vn 0.03505 -0.70667 0.70668
vn 0.63293 0.77421 0
vn 0.63292 0 0.77422
vn 0.03505 0.70667 0.70668
vn 0.03505 0 0.99939
vn 0.63293 0.54746 0.54744
vn 0.03505 0.99939 0
vn 0.63293 0.54746 -0.54744
vn 0.03505 0.70666 -0.70668
vn 0.63292 0 -0.77422
vn 0.03505 0 -0.99939
vn 0.03505 -0.70666 -0.70668
vn 0.63293 -0.54746 -0.54744
vn 0.03505 -0.99939 0
vn 1 0 0
vn 0.63293 -0.54746 0.54744
vn 0.03505 -0.70667 0.70668
vn 0.63293 0.77421 0
vn 0.63292 0 0.77422
vn 0.03505 0.70667 0.70668
vn 0.03505 0 0.99939
vn 0.63292 0.54746 0.54745
vn 0.03505 0.99939 1E-05
vn 0.63292 0.77421 -1E-05
vn 0.03505 0.70667 -0.70667
vn 0.63292 0 -0.77422
vn 0.03505 0 -0.99939
vn 0.03505 -0.70666 -0.70668
vn 0.63292 -0.54746 -0.54745
vn 0.03505 -0.99939 0
vn 1 0 0
vn 0.63292 -0.54746 0.54745
vn 0.03505 -0.70667 0.70668
vn 0.63293 0.54745 -0.54745
vn -0.03506 1E-05 0.99939
vn -0.63292 0.54746 0.54745
vn -0.63293 -0 0.77421
vn -0.03505 0.99939 0
vn -0.03505 0.70667 0.70668
vn -0.63292 0.54746 -0.54745
vn -0.63293 0.77421 0
vn -0.03505 0.70666 -0.70668
vn -0.63292 0 -0.77422
vn -0.03505 -0.70666 -0.70668
vn -0.03505 0 -0.99939
vn -0.03505 -0.99939 0
vn -0.63292 -0.54746 -0.54745
vn -1 1E-05 -1E-05
vn -0.63294 -0.7742 -0
vn -0.63293 -0.54746 0.54744
vn -0.03505 -0.70667 0.70668
vn -0.03505 0.70667 0.70667
vn -0.63292 0 0.77422
vn -0.03505 0 0.99939
vn -0.63293 0.77421 1E-05
vn -0.63293 0.54745 0.54744
vn -0.03505 0.99939 -0
vn -0.63292 0.54746 -0.54745
vn -0.03505 0.70666 -0.70668
vn -0.63292 0 -0.77422
vn -0.03505 -0.70666 -0.70668
vn -0.03505 0 -0.99939
vn -0.03505 -0.99939 0
vn -0.63292 -0.54746 -0.54745
vn -1 0 0
vn -0.63294 -0.7742 0
vn -0.63293 -0.54746 0.54744
vn -0.03505 -0.70667 0.70668
vn -0.03505 0.70667 0.70668
vn -0.63291 -0 0.77422
vn -0.03505 0 0.99939
vn -0.03505 0.99939 0
vn -0.63293 0.54746 0.54744
vn -0.63292 0.54746 -0.54745
vn -0.63293 0.77421 0
vn -0.03505 0.70666 -0.70668
vn -0.63292 -0 -0.77422
vn -0.03505 -0.70666 -0.70668
vn -0.03505 -0 -0.99939
vn -0.03505 -0.99939 0
vn -0.63292 -0.54746 -0.54745
vn -1 -0 0
vn -0.63293 -0.77421 0
vn -0.63293 -0.54746 0.54744
vn -0.03505 -0.70667 0.70668
vn -0.03505 0.70667 0.70668
vn -0.63291 0 0.77422
vn -0.03505 0 0.99939
vn -0.03505 0.99939 -0
vn -0.63292 0.54746 0.54745
vn -0.63291 0.54746 -0.54746
vn -0.63293 0.77421 0
vn -0.03505 1E-05 -0.99939
vn -0.03504 0.70667 -0.70668
vn -0.03505 -0.70666 -0.70668
vn -0.63292 -1E-05 -0.77421
vn -0.03505 -0.99939 0
vn -0.63292 -0.54746 -0.54745
vn -1 -0 0
vn -0.63293 -0.77421 0
vn -0.63292 -0.54746 0.54745
vn -0.03505 -0.70667 0.70668
vn -0 0.63292 0.77422
vn -0.70667 0.03505 0.70668
vn -0 0.03505 0.99939
vn -0.54746 0.63292 0.54745
vn -0.99939 0.03505 0
vn -0.54746 0.63292 -0.54745
vn -0.70666 0.03505 -0.70668
vn -0 0.63292 -0.77422
vn -0 0.03505 -0.99939
vn 0.70666 0.03505 -0.70668
vn 0.54746 0.63292 -0.54745
vn 0.99939 0.03505 0
vn -0 1 0
vn 0.54746 0.63292 0.54745
vn 0.70667 0.03505 0.70668
vn -0.77421 0.63293 0
vn -0 0.03505 0.99939
vn 0.54746 0.63292 0.54745
vn 0 0.63293 0.77421
vn 0.99939 0.03505 0
vn 0.70667 0.03504 0.70667
vn 0.54746 0.63292 -0.54745
vn 0.77421 0.63293 0
vn 0.70666 0.03505 -0.70668
vn 0 0.63292 -0.77422
vn -0.70666 0.03505 -0.70668
vn 0 0.03505 -0.99939
vn -0.99939 0.03505 0
vn -0.54746 0.63292 -0.54745
vn 0 1 0
vn -0.77421 0.63293 0
vn -0.54746 0.63292 0.54745
vn -0.70667 0.03504 0.70667
vn -0 0.63292 0.77422
vn -0.70667 0.03505 0.70668
vn -0 0.03505 0.99939
vn -0.54746 0.63292 0.54745
vn -0.99939 0.03505 1E-05
vn -0.77421 0.63292 -1E-05
vn -0.70667 0.03505 -0.70667
vn -0 0.63292 -0.77422
vn -0 0.03505 -0.99939
vn 0.70666 0.03505 -0.70668
vn 0.54746 0.63292 -0.54745
vn 0.99939 0.03505 -0
vn -0 1 0
vn 0.77421 0.63293 1E-05
vn 0.70667 0.03505 0.70667
vn -0.54745 0.63293 -0.54745
vn 0.54745 0.63293 0.54745
vn -1E-05 0.03506 0.99939
vn -0.54746 0.63292 0.54745
vn -0.70667 0.03505 0.70667
vn -0.99939 0.03505 1E-05
vn -0.77421 0.63292 -0
vn -0.70667 0.03505 -0.70668
vn -1E-05 0.63293 -0.77421
vn 1E-05 0.03505 -0.99939
vn 0.54745 0.63292 -0.54745
vn 0.70667 0.03506 -0.70668
vn 0.77421 0.63293 -0
vn 0.99939 0.03505 1E-05
vn 0 1 0
vn 0.54746 0.63293 0.54744
vn 0.70667 0.03505 0.70668
vn 1E-05 0.63292 0.77421
vn -0.54745 0.63293 -0.54744
vn -0 0.63292 0.77422
vn -0.70667 0.03505 0.70668
vn 0 0.03505 0.99939
vn -0.54746 0.63293 0.54744
vn -0.99939 0.03505 1E-05
vn -0.77421 0.63293 -0
vn -0.70667 0.03505 -0.70668
vn 0 0.63292 -0.77422
vn 0 0.03505 -0.99939
vn 0.70667 0.03505 -0.70668
vn 0.77421 0.63293 -0
vn 0.99939 0.03505 1E-05
vn 0 1 0
vn 0.54745 0.63293 -0.54744
vn 0.54746 0.63293 0.54744
vn 0.70667 0.03505 0.70668
vn -0.54745 0.63293 -0.54744
vn 0.70667 0.03504 0.70667
vn 0 0.63292 0.77422
vn 0 0.03505 0.99939
vn 0.77422 0.63292 0
vn 0.54745 0.63293 0.54745
vn 0.70667 0.03504 -0.70667
vn 0.99939 0.03505 0
vn 0 0.63292 -0.77422
vn 0.54745 0.63293 -0.54745
vn -0.70667 0.03504 -0.70667
vn 0 0.03505 -0.99939
vn -0.77422 0.63292 0
vn -0.54745 0.63293 -0.54745
vn 0 1 0
vn -0.70667 0.03504 0.70667
vn -0.99939 0.03505 0
vn -0.54745 0.63293 0.54745
vn 0 0.03505 0.99939
vn 0.54746 0.63291 0.54746
vn -0 0.63293 0.77421
vn 0.99939 0.03505 0
vn 0.70667 0.03503 0.70667
vn 0.54746 0.63291 -0.54746
vn 0.77421 0.63293 0
vn 0 0.03505 -0.99939
vn 0.70667 0.03503 -0.70667
vn -0.54745 0.63292 -0.54746
vn 0 0.63293 -0.77421
vn -0.70668 0.03504 -0.70667
vn -0.77422 0.63292 0
vn 0 1 0
vn -0.70668 0.03504 0.70667
vn -0.99939 0.03505 0
vn -0.54745 0.63292 0.54746
vn -0 0.63292 0.77422
vn -0.70667 0.03505 0.70668
vn -0 0.03505 0.99939
vn -0.54746 0.63292 0.54745
vn -0.99939 0.03505 0
vn -0.54746 0.63292 -0.54745
vn -0.70666 0.03505 -0.70668
vn -0 0.63292 -0.77422
vn -0 0.03505 -0.99939
vn 0.70666 0.03505 -0.70668
vn 0.54746 0.63292 -0.54745
vn 0.99939 0.03505 0
vn -0 1 0
vn 0.54746 0.63292 0.54745
vn 0.70667 0.03505 0.70668
vn -0.77421 0.63293 0
vn 0 -1 0
vn -0.19508 0 0.98079
vn -0.7071 0 0.70712
vn 0.52792 -0.64959 -0.54711
vn -0.77421 -0.63293 -0
vn -0.77421 -0.63293 0
vn -0.77421 -0.63293 0
vn -0.77421 -0.63293 -0
vn -0.77421 -0.63293 -0
vn -0.77421 -0.63293 0
vn -0.77421 -0.63293 0
vn 0.63293 -0.77421 0
vn 0.63293 -0.77421 0
vn 0.63293 -0.77421 0
vn 0.63293 -0.77421 0
vn -0.77421 -0.63293 0
vn -0.77421 -0.63293 0
vn -0.77421 -0.63293 0
vn 0.63293 -0.77421 0
vn 0.63293 -0.77421 0
vn 0.63293 -0.77421 0
vn 0.77421 0.63293 0
vn 0.77421 0.63293 0
vt 0.78568 0.71347
vt 0.79774 0.69523
vt 0.79774 0.70141
vt 0.98814 0.38666
vt 0.99376 0.74437
vt 0.98814 0.74437
vt 0.91321 0.00624
vt 0.92514 0.0044
vt 0.92514 0.00624
vt 0.71831 0.41853
vt 0.7159 0.41451
vt 0.72233 0.41853
vt 0.3621 0.29141
vt 0.00439 0.36314
vt 0.00439 0.29141
vt 0.29466 0.9703
vt 0.36076 0.96226
vt 0.36639 0.9703
vt 0.22098 0.86961
vt 0.25092 0.86559
vt 0.25092 0.86961
vt 0.37893 0.99081
vt 0.55176 0.99483
vt 0.37893 0.99483
vt 0.76483 0.35392
vt 0.75679 0.35392
vt 0.7575 0.35222
vt 0.99525 0.35005
vt 0.99123 0.17722
vt 0.99525 0.17722
vt 0.37014 0.38829
vt 0.3621 0.38166
vt 0.37014 0.37568
vt 0.71761 0.41381
vt 0.74467 0.74002
vt 0.73663 0.85979
vt 0.73663 0.74002
vt 0.77287 0.51333
vt 0.75679 0.87104
vt 0.75679 0.51333
vt 0.77689 0.51333
vt 0.77287 0.87104
vt 0.00439 0.5485
vt 0.01243 0.38166
vt 0.01243 0.5485
vt 0.3621 0.37568
vt 0.35442 0.38166
vt 0.69982 0.42657
vt 0.69853 0.41451
vt 0.70153 0.42586
vt 0.70224 0.42416
vt 0.04532 0.39291
vt 0.05724 0.39106
vt 0.05724 0.39291
vt 0.35523 0.86961
vt 0.34905 0.86559
vt 0.36166 0.86559
vt 0.00948 0.9703
vt 0.00778 0.96959
vt 0.01511 0.96226
vt 0.7575 0.4754
vt 0.75679 0.47369
vt 0.76483 0.46807
vt 0.37014 0.36314
vt 0.3621 0.36499
vt 0.3621 0.36314
vt 0.74467 0.73817
vt 0.73663 0.73817
vt 0.02123 0.39291
vt 0.03326 0.39106
vt 0.03326 0.39291
vt 0.79774 0.70325
vt 0.80977 0.70141
vt 0.80977 0.70325
vt 0.88911 0.00624
vt 0.90116 0.00439
vt 0.90116 0.00624
vt 0.02123 0.51854
vt 0.03327 0.5167
vt 0.03327 0.51854
vt 0.74467 0.85979
vt 0.73663 0.86164
vt 0.99561 0.75241
vt 0.99561 0.74437
vt 0.79845 0.70311
vt 0.78639 0.71517
vt 0.58005 0.42657
vt 0.5904 0.41381
vt 0.59211 0.41451
vt 0.70224 0.41451
vt 0.70224 0.41853
vt 0.35693 0.87032
vt 0.3621 0.41185
vt 0.37014 0.41185
vt 0.75438 0.87104
vt 0.64024 0.87506
vt 0.64024 0.87104
vt 0.76483 0.35151
vt 0.75921 0.35151
vt 0.75438 0.87506
vt 0.77287 0.87506
vt 0.09197 0.42706
vt 0.19839 0.41514
vt 0.20432 0.42706
vt 0.82183 0.70325
vt 0.83375 0.70141
vt 0.83375 0.70325
vt 0.80977 0.69523
vt 0.82183 0.70141
vt 0.90116 0.01242
vt 0.91321 0.01242
vt 0.04532 0.39106
vt 0.78568 0.35656
vt 0.79774 0.36862
vt 0.79774 0.37479
vt 0.21576 0.42706
vt 0.21761 0.41514
vt 0.21761 0.42706
vt 0.3621 0.98546
vt 0.00439 0.97983
vt 0.3621 0.97983
vt 0.90115 0.33285
vt 0.91321 0.33903
vt 0.90115 0.33903
vt 0.28271 0.53439
vt 0.28271 0.53841
vt 0.27869 0.53198
vt 0.37014 0.61059
vt 0.3621 0.58046
vt 0.37014 0.58046
vt 0.72458 0.99081
vt 0.72458 0.99483
vt 0.30757 0.5159
vt 0.30024 0.5176
vt 0.29953 0.5159
vt 0.99525 0.0044
vt 0.37014 0.70872
vt 0.37014 0.72133
vt 0.3621 0.71534
vt 0.27798 0.53368
vt 0.3621 0.73343
vt 0.37014 0.8532
vt 0.3621 0.8532
vt 0.78568 0.88329
vt 0.42797 0.89937
vt 0.42797 0.88329
vt 0.78568 0.89937
vt 0.42797 0.90339
vt 0.01243 0.71534
vt 0.00439 0.72133
vt 0.3621 0.72133
vt 0.29075 0.5159
vt 0.29004 0.5176
vt 0.27869 0.5146
vt 0.28834 0.51831
vt 0.09013 0.42706
vt 0.09197 0.41514
vt 0.02244 0.86961
vt 0.02861 0.86559
vt 0.02861 0.86961
vt 0.36809 0.96959
vt 0.30024 0.39442
vt 0.30757 0.40175
vt 0.29953 0.39612
vt 0.3621 0.00439
vt 0.37014 0.00624
vt 0.3621 0.00624
vt 0.37014 0.85505
vt 0.3621 0.85505
vt 0.09013 0.40308
vt 0.09197 0.39105
vt 0.09197 0.40308
vt 0.80977 0.36862
vt 0.79774 0.36677
vt 0.80977 0.36677
vt 0.90115 0.34088
vt 0.88911 0.33903
vt 0.21576 0.40308
vt 0.21761 0.39105
vt 0.21761 0.40308
vt 0.3621 0.73158
vt 0.37014 0.73343
vt 0.37014 0.98731
vt 0.3621 0.98731
vt 0.79845 0.36691
vt 0.78639 0.35485
vt 0.29075 0.39613
vt 0.27798 0.40648
vt 0.29004 0.39442
vt 0.27869 0.40819
vt 0.28271 0.51831
vt 0.27869 0.51831
vt 0.88911 0.33285
vt 0.02073 0.87032
vt 0.016 0.86559
vt 0.12674 0.86559
vt 0.08211 0.86961
vt 0.08211 0.86559
vt 0.7897 0.76673
vt 0.78568 0.88088
vt 0.78568 0.76673
vt 0.30757 0.51831
vt 0.30194 0.51831
vt 0.7897 0.88088
vt 0.7897 0.89937
vt 0.91321 0.34088
vt 0.85671 0.36862
vt 0.83375 0.3748
vt 0.83375 0.36862
vt 0.82183 0.36677
vt 0.83375 0.36677
vt 0.82183 0.36862
vt 0.80977 0.3748
vt 0.21576 0.41514
vt 0.09013 0.41514
vt 0.2176 0.45007
vt 0.21576 0.45004
vt 0.75231 0.06617
vt 0.75331 0.11081
vt 0.75231 0.11081
vt 0.91321 0.00439
vt 0.05724 0.51075
vt 0.08021 0.39291
vt 0.08021 0.51669
vt 0.75468 0.33311
vt 0.75331 0.30955
vt 0.75468 0.30955
vt 0.92866 0.03598
vt 0.9481 0.01242
vt 0.9481 0.03598
vt 0.88911 0.01242
vt 0.83375 0.69523
vt 0.85671 0.7014
vt 0.05725 0.51854
vt 0.08024 0.51854
vt 0.85672 0.47293
vt 0.85772 0.50286
vt 0.85672 0.50286
vt 0.87795 0.06617
vt 0.75468 0.03624
vt 0.87795 0.03624
vt 0.04532 0.5167
vt 0.04532 0.51854
vt 0.92513 0.34088
vt 0.92513 0.33903
vt 0.19839 0.40308
vt 0.19839 0.39105
vt 0.02123 0.49932
vt 0.03327 0.50287
vt 0.04532 0.50642
vt 0.18883 0.86961
vt 0.22098 0.86559
vt 0.29555 0.86559
vt 0.29555 0.86961
vt 0.32548 0.86961
vt 0.34905 0.86961
vt 0.75331 0.01267
vt 0.75468 0.01267
vt 0.37014 0.5485
vt 0.3621 0.51635
vt 0.37014 0.51635
vt 0.15687 0.86559
vt 0.15687 0.86961
vt 0.3621 0.5485
vt 0.3621 0.48642
vt 0.12674 0.86961
vt 0.37014 0.44178
vt 0.37014 0.48642
vt 0.08122 0.9703
vt 0.08403 0.96226
vt 0.36206 0.88097
vt 0.29314 0.88499
vt 0.29314 0.88097
vt 0.3621 0.18469
vt 0.00439 0.1226
vt 0.3621 0.1226
vt 0.0164 0.88499
vt 0.08532 0.88097
vt 0.08532 0.88499
vt 0.37014 0.24678
vt 0.3621 0.24678
vt 0.37014 0.18469
vt 0.37014 0.1226
vt 0.00439 0.98546
vt 0.00439 0.98731
vt 0.00439 0.73158
vt 0.00439 0.73343
vt 0.00439 0.8532
vt 0.00439 0.85505
vt 0.00439 0.00439
vt 0.00439 0.00624
vt 0.41994 0.90339
vt 0.41994 0.89937
vt 0.41994 0.88329
vt 0.37014 0.98546
vt 0.37014 0.97983
vt 0.99376 0.38666
vt 0.99561 0.38666
vt 0.37892 0.86164
vt 0.37892 0.85979
vt 0.37892 0.74002
vt 0.37892 0.73817
vt 0.00439 0.36499
vt 0.00439 0.37568
vt 0.77689 0.5053
vt 0.77287 0.5053
vt 0.75679 0.5053
vt 0.99376 0.75241
vt 0.98814 0.75241
vt 0.79774 0.39836
vt 0.78568 0.42829
vt 0.79774 0.42829
vt 0.12878 0.88097
vt 0.12878 0.88499
vt 0.12585 0.9703
vt 0.12749 0.96226
vt 0.3621 0.07797
vt 0.00439 0.24678
vt 0.25002 0.9703
vt 0.29184 0.96226
vt 0.37014 0.07797
vt 0.24968 0.88499
vt 0.24968 0.88097
vt 0.87795 0.01267
vt 0.05725 0.5167
vt 0.87891 0.0058
vt 0.87815 0.0044
vt 0.87966 0.00504
vt 0.08126 0.39126
vt 0.08024 0.39107
vt 0.88031 0.00655
vt 0.87931 0.00675
vt 0.85777 0.70305
vt 0.85771 0.70138
vt 0.75372 0.0058
vt 0.75232 0.00655
vt 0.75297 0.00504
vt 0.94914 0.0046
vt 0.94809 0.00625
vt 0.94812 0.0044
vt 0.75468 0.00539
vt 0.87795 0.00539
vt 0.08121 0.51668
vt 0.08121 0.39293
vt 0.88032 0.01267
vt 0.87932 0.01267
vt 0.85672 0.69523
vt 0.85772 0.69523
vt 0.75447 0.0044
vt 0.08126 0.51834
vt 0.09198 0.45003
vt 0.09033 0.45109
vt 0.09013 0.45007
vt 0.87815 0.34139
vt 0.87891 0.33999
vt 0.87966 0.34075
vt 0.85777 0.36698
vt 0.85771 0.36864
vt 0.88031 0.33924
vt 0.87931 0.33904
vt 0.94809 0.33903
vt 0.94914 0.34067
vt 0.94812 0.34087
vt 0.75232 0.33924
vt 0.75372 0.33999
vt 0.75296 0.34075
vt 0.09199 0.45103
vt 0.75447 0.34139
vt 0.87795 0.34039
vt 0.21741 0.45109
vt 0.21574 0.45103
vt 0.75468 0.34039
vt 0.92513 0.01242
vt 0.75468 0.14074
vt 0.75468 0.11081
vt 0.94909 0.03598
vt 0.92865 0.17042
vt 0.9481 0.14048
vt 0.9481 0.17264
vt 0.75231 0.01267
vt 0.75331 0.03624
vt 0.75231 0.03624
vt 0.87795 0.14074
vt 0.87795 0.11081
vt 0.94909 0.17264
vt 0.75231 0.14074
vt 0.75331 0.17289
vt 0.75231 0.17289
vt 0.85672 0.42829
vt 0.85772 0.47293
vt 0.94909 0.27936
vt 0.9481 0.23472
vt 0.94909 0.23472
vt 0.75331 0.20505
vt 0.88032 0.20505
vt 0.87932 0.17289
vt 0.88032 0.17289
vt 0.85672 0.3748
vt 0.85772 0.39836
vt 0.85672 0.39836
vt 0.9491 0.33285
vt 0.9481 0.30929
vt 0.94909 0.30929
vt 0.9481 0.20479
vt 0.94909 0.20479
vt 0.87795 0.23498
vt 0.75468 0.20505
vt 0.87795 0.20505
vt 0.75468 0.06617
vt 0.87932 0.11081
vt 0.88032 0.14074
vt 0.87932 0.14074
vt 0.88032 0.03624
vt 0.87932 0.03624
vt 0.75331 0.06617
vt 0.75331 0.14074
vt 0.85772 0.5971
vt 0.85672 0.56717
vt 0.85772 0.56717
vt 0.92865 0.17486
vt 0.92865 0.20479
vt 0.87932 0.23498
vt 0.87795 0.27961
vt 0.85772 0.53501
vt 0.85672 0.53501
vt 0.75468 0.17289
vt 0.87795 0.17289
vt 0.88032 0.33311
vt 0.87932 0.30955
vt 0.88032 0.30955
vt 0.88032 0.23498
vt 0.87932 0.20505
vt 0.92865 0.11055
vt 0.92865 0.14048
vt 0.75332 0.00675
vt 0.94908 0.00626
vt 0.9481 0.33285
vt 0.94908 0.33901
vt 0.75231 0.33311
vt 0.75332 0.33904
vt 0.85772 0.3748
vt 0.87932 0.33311
vt 0.85672 0.67167
vt 0.85772 0.67167
vt 0.87795 0.33903
vt 0.02123 0.50303
vt 0.02123 0.5167
vt 0.75468 0.00676
vt 0.75468 0.23498
vt 0.88032 0.27961
vt 0.92866 0.23472
vt 0.85772 0.64173
vt 0.85672 0.5971
vt 0.87932 0.06617
vt 0.75331 0.27961
vt 0.75231 0.23498
vt 0.75331 0.23498
vt 0.87795 0.33311
vt 0.87795 0.30955
vt 0.88032 0.11081
vt 0.9481 0.06592
vt 0.94909 0.11055
vt 0.9481 0.11055
vt 0.75468 0.27961
vt 0.75331 0.33311
vt 0.75231 0.30955
vt 0.75468 0.33903
vt 0.87795 0.00676
vt 0.75231 0.20505
vt 0.2021 0.39105
vt 0.21576 0.39105
vt 0.92866 0.30929
vt 0.83728 0.64173
vt 0.83728 0.5971
vt 0.94909 0.14048
vt 0.92866 0.06591
vt 0.3621 0.44178
vt 0.94909 0.06592
vt 0.88032 0.06617
vt 0.85672 0.64173
vt 0.83728 0.42829
vt 0.83728 0.47293
vt 0.92866 0.27936
vt 0.66513 0.49414
vt 0.66436 0.49634
vt 0.66323 0.49466
vt 0.66714 0.4939
vt 0.66621 0.49603
vt 0.66646 0.49211
vt 0.66439 0.49247
vt 0.66795 0.49585
vt 0.66704 0.49762
vt 0.6657 0.4973
vt 0.28327 0.58315
vt 0.30503 0.58218
vt 0.30684 0.58315
vt 0.28301 0.569
vt 0.30476 0.56997
vt 0.2812 0.56997
vt 0.91115 0.11376
vt 0.90995 0.11374
vt 0.90995 0.11055
vt 0.91078 0.13268
vt 0.90995 0.11613
vt 0.91078 0.11613
vt 0.91571 0.1114
vt 0.91306 0.11055
vt 0.9166 0.11055
vt 0.91217 0.11253
vt 0.28205 0.58454
vt 0.30805 0.58454
vt 0.68575 0.4939
vt 0.68643 0.49211
vt 0.68495 0.49585
vt 0.66815 0.49769
vt 0.68853 0.49634
vt 0.68776 0.49414
vt 0.68966 0.49466
vt 0.68668 0.49603
vt 0.68585 0.49762
vt 0.68474 0.49769
vt 0.6885 0.49247
vt 0.68719 0.4973
vt 0.9166 0.13741
vt 0.91571 0.14356
vt 0.91571 0.13741
vt 0.91082 0.11506
vt 0.89789 0.06273
vt 0.89789 0.06591
vt 0.88911 0.06591
vt 0.30598 0.57136
vt 0.27998 0.57136
vt 0.91115 0.13505
vt 0.90994 0.14589
vt 0.90994 0.13507
vt 0.9019 0.13711
vt 0.90365 0.14356
vt 0.9019 0.14385
vt 0.32144 0.51024
vt 0.31949 0.49243
vt 0.32144 0.49163
vt 0.3212 0.48962
vt 0.319 0.48885
vt 0.32068 0.48772
vt 0.31931 0.4907
vt 0.32323 0.49095
vt 0.32288 0.48888
vt 0.31772 0.49153
vt 0.31804 0.49019
vt 0.91396 0.16927
vt 0.91306 0.17042
vt 0.91217 0.16844
vt 0.91077 0.16484
vt 0.90994 0.14828
vt 0.91077 0.14828
vt 0.91082 0.13375
vt 0.90994 0.13268
vt 0.89789 0.04139
vt 0.89789 0.04378
vt 0.88911 0.03598
vt 0.32323 0.51092
vt 0.31949 0.50944
vt 0.31765 0.49264
vt 0.319 0.51302
vt 0.3212 0.51225
vt 0.32068 0.51415
vt 0.31931 0.51117
vt 0.31772 0.51034
vt 0.31765 0.50923
vt 0.32288 0.51299
vt 0.31804 0.51168
vt 0.91082 0.1659
vt 0.90994 0.16484
vt 0.91571 0.16956
vt 0.90994 0.17042
vt 0.90994 0.16723
vt 0.91115 0.1672
vt 0.91396 0.13711
vt 0.91217 0.14468
vt 0.91217 0.13628
vt 0.90101 0.17486
vt 0.89789 0.17042
vt 0.90101 0.17042
vt 0.9166 0.17486
vt 0.9166 0.17042
vt 0.922 0.17486
vt 0.922 0.17042
vt 0.91396 0.1117
vt 0.89789 0.11055
vt 0.91082 0.14721
vt 0.9166 0.14356
vt 0.25223 0.56022
vt 0.27398 0.56119
vt 0.25042 0.56119
vt 0.91217 0.04018
vt 0.91307 0.03598
vt 0.91396 0.03935
vt 0.2752 0.56258
vt 0.2492 0.56258
vt 0.20156 0.52905
vt 0.18376 0.53099
vt 0.18296 0.52905
vt 0.18094 0.52929
vt 0.18018 0.53149
vt 0.17904 0.52981
vt 0.18202 0.53118
vt 0.18227 0.52726
vt 0.1802 0.52761
vt 0.18286 0.53277
vt 0.18151 0.53245
vt 0.91396 0.06477
vt 0.91307 0.06591
vt 0.91217 0.06394
vt 0.91078 0.06034
vt 0.90995 0.04378
vt 0.91078 0.04378
vt 0.20224 0.52726
vt 0.20055 0.53284
vt 0.20076 0.53099
vt 0.20434 0.53149
vt 0.20358 0.52929
vt 0.20547 0.52981
vt 0.20249 0.53117
vt 0.20166 0.53277
vt 0.20431 0.52761
vt 0.203 0.53245
vt 0.91082 0.0614
vt 0.90995 0.06034
vt 0.91571 0.06506
vt 0.90995 0.06591
vt 0.90995 0.06273
vt 0.91115 0.0627
vt 0.90995 0.03598
vt 0.91115 0.04142
vt 0.90101 0.11055
vt 0.90101 0.06591
vt 0.9166 0.06591
vt 0.90995 0.04139
vt 0.91082 0.04271
vt 0.91571 0.03906
vt 0.09508 0.5518
vt 0.09728 0.55256
vt 0.09561 0.55369
vt 0.09485 0.54978
vt 0.09697 0.55071
vt 0.09306 0.55046
vt 0.09341 0.55254
vt 0.09679 0.54898
vt 0.09857 0.54988
vt 0.09824 0.55122
vt 0.04683 0.571
vt 0.0478 0.59276
vt 0.04683 0.59457
vt 0.03481 0.6279
vt 0.03578 0.60615
vt 0.03578 0.62971
vt 0.89909 0.11376
vt 0.89789 0.11374
vt 0.89872 0.13268
vt 0.89789 0.11613
vt 0.89872 0.11613
vt 0.90366 0.1114
vt 0.90454 0.11055
vt 0.90011 0.11253
vt 0.04544 0.56979
vt 0.04544 0.59579
vt 0.09485 0.53118
vt 0.09306 0.5305
vt 0.09864 0.53218
vt 0.09679 0.53198
vt 0.09728 0.5284
vt 0.09508 0.52916
vt 0.09561 0.52726
vt 0.09697 0.53025
vt 0.09857 0.53108
vt 0.09341 0.52842
vt 0.09824 0.52974
vt 0.90454 0.13741
vt 0.90365 0.13741
vt 0.89877 0.11506
vt 0.90454 0.03598
vt 0.90101 0.03598
vt 0.03717 0.60493
vt 0.03717 0.63093
vt 0.89909 0.13505
vt 0.89789 0.14589
vt 0.89789 0.13507
vt 0.922 0.14589
vt 0.56767 0.50489
vt 0.54987 0.50683
vt 0.54907 0.50489
vt 0.54705 0.50512
vt 0.54629 0.50732
vt 0.54516 0.50565
vt 0.54814 0.50701
vt 0.54839 0.5031
vt 0.54632 0.50345
vt 0.54897 0.50861
vt 0.54763 0.50828
vt 0.9019 0.16927
vt 0.90011 0.16844
vt 0.89872 0.16484
vt 0.89789 0.14828
vt 0.89872 0.14828
vt 0.89876 0.13375
vt 0.89789 0.13268
vt 0.89789 0.16723
vt 0.88911 0.17264
vt 0.56836 0.5031
vt 0.56687 0.50683
vt 0.55008 0.50868
vt 0.57045 0.50732
vt 0.56969 0.50512
vt 0.57159 0.50565
vt 0.56861 0.50701
vt 0.56777 0.50861
vt 0.56667 0.50868
vt 0.57043 0.50345
vt 0.56912 0.50828
vt 0.89876 0.1659
vt 0.89789 0.16484
vt 0.90365 0.16956
vt 0.89909 0.1672
vt 0.90011 0.14468
vt 0.90011 0.13628
vt 0.88911 0.11055
vt 0.88911 0.14067
vt 0.92512 0.17486
vt 0.92512 0.17042
vt 0.90454 0.17486
vt 0.90454 0.17042
vt 0.89789 0.03598
vt 0.9019 0.11169
vt 0.92512 0.03598
vt 0.922 0.03598
vt 0.89876 0.14721
vt 0.90454 0.14356
vt 0.08593 0.56841
vt 0.08496 0.59017
vt 0.08496 0.5666
vt 0.90011 0.04018
vt 0.90191 0.03935
vt 0.08357 0.59138
vt 0.08357 0.56538
vt 0.13015 0.52905
vt 0.11235 0.53099
vt 0.11155 0.52905
vt 0.10953 0.52929
vt 0.10877 0.53149
vt 0.10763 0.52981
vt 0.11061 0.53118
vt 0.11086 0.52726
vt 0.10879 0.52761
vt 0.11145 0.53277
vt 0.1101 0.53245
vt 0.9019 0.06477
vt 0.90011 0.06394
vt 0.89872 0.06034
vt 0.89872 0.04378
vt 0.13083 0.52726
vt 0.12914 0.53284
vt 0.12935 0.53099
vt 0.13293 0.53149
vt 0.13217 0.52929
vt 0.13406 0.52981
vt 0.13108 0.53118
vt 0.13025 0.53277
vt 0.1329 0.52761
vt 0.13159 0.53245
vt 0.89877 0.0614
vt 0.89789 0.06034
vt 0.90366 0.06506
vt 0.89909 0.0627
vt 0.89909 0.04142
vt 0.92512 0.11055
vt 0.922 0.06591
vt 0.92512 0.06591
vt 0.90454 0.06591
vt 0.89877 0.04271
vt 0.90366 0.03906
vt 0.16512 0.5139
vt 0.16435 0.51611
vt 0.16322 0.51443
vt 0.16713 0.51367
vt 0.1662 0.51579
vt 0.16645 0.51188
vt 0.16438 0.51223
vt 0.16793 0.51561
vt 0.16703 0.51739
vt 0.16569 0.51707
vt 0.25562 0.548
vt 0.27738 0.54704
vt 0.27919 0.548
vt 0.25131 0.57779
vt 0.27306 0.57876
vt 0.2495 0.57876
vt 0.92321 0.11376
vt 0.922 0.11374
vt 0.922 0.11055
vt 0.92283 0.13268
vt 0.922 0.11613
vt 0.92283 0.11613
vt 0.92777 0.1114
vt 0.92423 0.11253
vt 0.25441 0.5494
vt 0.28041 0.5494
vt 0.18574 0.51367
vt 0.18642 0.51188
vt 0.18473 0.51746
vt 0.18494 0.51561
vt 0.18852 0.51611
vt 0.18775 0.5139
vt 0.18965 0.51443
vt 0.18667 0.51579
vt 0.18584 0.51739
vt 0.18849 0.51223
vt 0.18718 0.51707
vt 0.92777 0.14356
vt 0.92777 0.13741
vt 0.92288 0.11506
vt 0.27428 0.58015
vt 0.24828 0.58015
vt 0.92321 0.13505
vt 0.922 0.13507
vt 0.44199 0.50689
vt 0.45979 0.50494
vt 0.46059 0.50689
vt 0.46261 0.50665
vt 0.46337 0.50445
vt 0.4645 0.50613
vt 0.46152 0.50476
vt 0.46127 0.50868
vt 0.46335 0.50832
vt 0.46069 0.50317
vt 0.46203 0.50349
vt 0.92602 0.16927
vt 0.92423 0.16844
vt 0.92283 0.16484
vt 0.922 0.14828
vt 0.92283 0.14828
vt 0.92288 0.13375
vt 0.922 0.13268
vt 0.92423 0.14468
vt 0.92423 0.13628
vt 0.44131 0.50868
vt 0.44279 0.50494
vt 0.45958 0.5031
vt 0.43921 0.50445
vt 0.43997 0.50665
vt 0.43808 0.50613
vt 0.44106 0.50476
vt 0.44189 0.50317
vt 0.443 0.5031
vt 0.43923 0.50832
vt 0.44055 0.50349
vt 0.92288 0.1659
vt 0.922 0.16484
vt 0.92777 0.16956
vt 0.922 0.16723
vt 0.92321 0.1672
vt 0.92602 0.13711
vt 0.9166 0.03598
vt 0.89789 0.17486
vt 0.92602 0.1117
vt 0.92288 0.14721
vt 0.17189 0.57796
vt 0.15013 0.57699
vt 0.1737 0.57699
vt 0.92423 0.04018
vt 0.92602 0.03935
vt 0.14891 0.5756
vt 0.17491 0.5756
vt 0.05175 0.53557
vt 0.05369 0.55338
vt 0.05175 0.55418
vt 0.05198 0.55619
vt 0.05418 0.55696
vt 0.0525 0.55809
vt 0.05387 0.55511
vt 0.04996 0.55486
vt 0.05031 0.55693
vt 0.05546 0.55428
vt 0.05514 0.55562
vt 0.92602 0.06477
vt 0.92423 0.06394
vt 0.92283 0.06034
vt 0.922 0.04378
vt 0.92283 0.04378
vt 0.04996 0.53489
vt 0.05554 0.53658
vt 0.05369 0.53637
vt 0.05418 0.53279
vt 0.05198 0.53356
vt 0.0525 0.53166
vt 0.05387 0.53464
vt 0.05546 0.53547
vt 0.05031 0.53282
vt 0.05514 0.53413
vt 0.92288 0.0614
vt 0.922 0.06034
vt 0.92777 0.06506
vt 0.922 0.06273
vt 0.92321 0.0627
vt 0.92321 0.04142
vt 0.922 0.04139
vt 0.92288 0.04271
vt 0.92777 0.03906
vt 0.90994 0.17486
vt 0.9481 0.27936
vt 0.92602 0.14385
vt 0.91396 0.14385
vt 0.32059 0.45367
vt 0.31839 0.45444
vt 0.31892 0.45254
vt 0.31816 0.45645
vt 0.32028 0.45552
vt 0.3201 0.45725
vt 0.31637 0.45577
vt 0.32188 0.45635
vt 0.32195 0.45746
vt 0.31672 0.4537
vt 0.32155 0.45501
vt 0.292 0.54264
vt 0.31376 0.54361
vt 0.2902 0.54361
vt 0.02411 0.59236
vt 0.02314 0.57061
vt 0.02411 0.5688
vt 0.91115 0.23151
vt 0.90995 0.23472
vt 0.90995 0.23154
vt 0.90995 0.22915
vt 0.91078 0.21259
vt 0.91078 0.22915
vt 0.91306 0.23472
vt 0.91571 0.23387
vt 0.9166 0.23472
vt 0.91217 0.23275
vt 0.31498 0.545
vt 0.28898 0.545
vt 0.31816 0.47506
vt 0.31637 0.47574
vt 0.32195 0.47405
vt 0.3201 0.47426
vt 0.31839 0.47707
vt 0.32059 0.47784
vt 0.31891 0.47897
vt 0.32028 0.47599
vt 0.31672 0.47781
vt 0.32188 0.47516
vt 0.32155 0.4765
vt 0.91571 0.20171
vt 0.9166 0.20787
vt 0.91571 0.20787
vt 0.91082 0.23021
vt 0.89789 0.28255
vt 0.88911 0.27936
vt 0.89789 0.27936
vt 0.0255 0.59358
vt 0.0255 0.56758
vt 0.90995 0.2102
vt 0.91115 0.19936
vt 0.91115 0.21023
vt 0.90366 0.20171
vt 0.9019 0.20816
vt 0.9019 0.20142
vt 0.71194 0.46729
vt 0.69414 0.46535
vt 0.71274 0.46535
vt 0.71552 0.46778
vt 0.71476 0.46558
vt 0.71665 0.46611
vt 0.71367 0.46747
vt 0.71342 0.46356
vt 0.71284 0.46907
vt 0.71173 0.46914
vt 0.71549 0.46391
vt 0.71418 0.46874
vt 0.91396 0.176
vt 0.91217 0.17683
vt 0.91306 0.17486
vt 0.90994 0.19699
vt 0.91077 0.18043
vt 0.91078 0.19699
vt 0.91082 0.21152
vt 0.90995 0.21259
vt 0.89789 0.30388
vt 0.88911 0.30929
vt 0.89789 0.30149
vt 0.69345 0.46356
vt 0.69494 0.46729
vt 0.69514 0.46914
vt 0.69212 0.46558
vt 0.69136 0.46778
vt 0.69022 0.46611
vt 0.6932 0.46747
vt 0.69138 0.46391
vt 0.69404 0.46907
vt 0.69269 0.46874
vt 0.91082 0.17937
vt 0.90994 0.18043
vt 0.91571 0.17571
vt 0.91115 0.17807
vt 0.90994 0.17804
vt 0.91217 0.20059
vt 0.91396 0.20816
vt 0.91217 0.20899
vt 0.83728 0.53279
vt 0.81857 0.53279
vt 0.82169 0.53723
vt 0.81857 0.53723
vt 0.83728 0.50286
vt 0.91396 0.23358
vt 0.89789 0.23472
vt 0.91082 0.19806
vt 0.90994 0.19938
vt 0.9166 0.20171
vt 0.13829 0.58358
vt 0.13732 0.56182
vt 0.13829 0.56001
vt 0.91217 0.30509
vt 0.91396 0.30592
vt 0.91307 0.30929
vt 0.13968 0.58479
vt 0.13968 0.55879
vt 0.13223 0.51374
vt 0.15003 0.51568
vt 0.13143 0.51568
vt 0.12865 0.51325
vt 0.12941 0.51545
vt 0.12752 0.51492
vt 0.1305 0.51356
vt 0.13075 0.51747
vt 0.13133 0.51196
vt 0.13244 0.51189
vt 0.12868 0.51712
vt 0.12999 0.51228
vt 0.91396 0.2805
vt 0.91217 0.28133
vt 0.91307 0.27936
vt 0.90995 0.30149
vt 0.91078 0.28494
vt 0.91078 0.30149
vt 0.15072 0.51747
vt 0.14903 0.51189
vt 0.14923 0.51374
vt 0.15205 0.51545
vt 0.15281 0.51325
vt 0.15395 0.51492
vt 0.15097 0.51356
vt 0.15279 0.51712
vt 0.15013 0.51196
vt 0.15148 0.51228
vt 0.91082 0.28387
vt 0.90995 0.28494
vt 0.91571 0.28021
vt 0.90995 0.27936
vt 0.91115 0.28257
vt 0.90995 0.28255
vt 0.90995 0.30929
vt 0.90101 0.23472
vt 0.90101 0.27936
vt 0.9166 0.27936
vt 0.90995 0.30388
vt 0.91115 0.30385
vt 0.91082 0.30256
vt 0.91571 0.30621
vt 0.20005 0.51324
vt 0.20082 0.51544
vt 0.19892 0.51492
vt 0.20283 0.51568
vt 0.2019 0.51355
vt 0.20363 0.51373
vt 0.20215 0.51747
vt 0.20273 0.51196
vt 0.20384 0.51189
vt 0.20008 0.51712
vt 0.20139 0.51228
vt 0.28822 0.55582
vt 0.30997 0.55679
vt 0.28641 0.55679
vt 0.21765 0.56997
vt 0.23941 0.56901
vt 0.24122 0.56997
vt 0.89909 0.23151
vt 0.89789 0.23154
vt 0.89789 0.22915
vt 0.89872 0.21259
vt 0.89872 0.22915
vt 0.90366 0.23387
vt 0.90454 0.23472
vt 0.90011 0.23275
vt 0.31119 0.55818
vt 0.28519 0.55818
vt 0.22144 0.51568
vt 0.22212 0.51747
vt 0.22043 0.51189
vt 0.22063 0.51373
vt 0.22345 0.51544
vt 0.22422 0.51324
vt 0.22535 0.51492
vt 0.22237 0.51355
vt 0.22419 0.51712
vt 0.22154 0.51196
vt 0.22288 0.51228
vt 0.90454 0.20787
vt 0.90366 0.20787
vt 0.89877 0.23021
vt 0.90454 0.30929
vt 0.90101 0.30929
vt 0.21643 0.57137
vt 0.24244 0.57137
vt 0.89789 0.2102
vt 0.89909 0.19936
vt 0.89909 0.21023
vt 0.922 0.19938
vt 0.922 0.2102
vt 0.51418 0.50495
vt 0.53198 0.50689
vt 0.51338 0.50689
vt 0.5106 0.50445
vt 0.51136 0.50665
vt 0.50947 0.50613
vt 0.51245 0.50477
vt 0.5127 0.50868
vt 0.51328 0.50317
vt 0.51439 0.5031
vt 0.51063 0.50833
vt 0.51194 0.50349
vt 0.9019 0.176
vt 0.90011 0.17683
vt 0.89789 0.19699
vt 0.89872 0.18043
vt 0.89872 0.19699
vt 0.89877 0.21152
vt 0.89789 0.21259
vt 0.89789 0.17804
vt 0.53267 0.50868
vt 0.53118 0.50495
vt 0.53098 0.5031
vt 0.534 0.50665
vt 0.53476 0.50445
vt 0.5359 0.50613
vt 0.53292 0.50477
vt 0.53474 0.50833
vt 0.53208 0.50317
vt 0.53343 0.50349
vt 0.89876 0.17937
vt 0.89789 0.18043
vt 0.90365 0.17571
vt 0.89909 0.17807
vt 0.90011 0.20059
vt 0.90011 0.20899
vt 0.88911 0.23472
vt 0.83728 0.53723
vt 0.89789 0.30929
vt 0.9019 0.23358
vt 0.92512 0.30929
vt 0.92512 0.33285
vt 0.922 0.30929
vt 0.89876 0.19806
vt 0.89789 0.19938
vt 0.88911 0.2046
vt 0.90454 0.20171
vt 0.12225 0.58138
vt 0.12128 0.55962
vt 0.12225 0.55781
vt 0.90011 0.30509
vt 0.90191 0.30592
vt 0.12364 0.5826
vt 0.12364 0.5566
vt 0.25633 0.51562
vt 0.23853 0.51367
vt 0.25713 0.51367
vt 0.25991 0.51611
vt 0.25915 0.51391
vt 0.26105 0.51443
vt 0.25807 0.5158
vt 0.25782 0.51188
vt 0.25723 0.51739
vt 0.25613 0.51746
vt 0.25989 0.51223
vt 0.25858 0.51707
vt 0.90191 0.2805
vt 0.90011 0.28134
vt 0.89872 0.28494
vt 0.89872 0.30149
vt 0.23785 0.51188
vt 0.23954 0.51746
vt 0.23933 0.51562
vt 0.23651 0.51391
vt 0.23575 0.51611
vt 0.23462 0.51443
vt 0.2376 0.5158
vt 0.23578 0.51223
vt 0.23843 0.51739
vt 0.23709 0.51707
vt 0.89877 0.28387
vt 0.89789 0.28494
vt 0.90366 0.28021
vt 0.89909 0.28257
vt 0.922 0.27936
vt 0.92512 0.23472
vt 0.92512 0.27936
vt 0.90454 0.27936
vt 0.8991 0.30386
vt 0.89877 0.30256
vt 0.90366 0.30621
vt 0.33624 0.49105
vt 0.33404 0.49181
vt 0.33457 0.48992
vt 0.33381 0.49383
vt 0.33593 0.4929
vt 0.33575 0.49463
vt 0.33202 0.49315
vt 0.33753 0.49373
vt 0.3376 0.49484
vt 0.33237 0.49108
vt 0.3372 0.49239
vt 0.68878 0.50969
vt 0.71054 0.51066
vt 0.68697 0.51066
vt 0.21062 0.54404
vt 0.18886 0.545
vt 0.18705 0.54404
vt 0.92321 0.23151
vt 0.922 0.23472
vt 0.922 0.23154
vt 0.922 0.22915
vt 0.92283 0.21259
vt 0.92283 0.22915
vt 0.92777 0.23387
vt 0.92423 0.23275
vt 0.71176 0.51205
vt 0.68576 0.51205
vt 0.33381 0.51243
vt 0.33202 0.51312
vt 0.3376 0.51143
vt 0.33575 0.51163
vt 0.33404 0.51445
vt 0.33624 0.51521
vt 0.33457 0.51635
vt 0.33593 0.51337
vt 0.33237 0.51519
vt 0.33753 0.51253
vt 0.3372 0.51388
vt 0.92777 0.20171
vt 0.92777 0.20787
vt 0.92288 0.23021
vt 0.21184 0.54264
vt 0.18583 0.54264
vt 0.92321 0.19936
vt 0.92321 0.21023
vt 0.31502 0.53099
vt 0.29722 0.52905
vt 0.31582 0.52905
vt 0.3186 0.53149
vt 0.31784 0.52929
vt 0.31974 0.52981
vt 0.31676 0.53118
vt 0.31651 0.52726
vt 0.31592 0.53277
vt 0.31482 0.53284
vt 0.31858 0.52761
vt 0.31727 0.53245
vt 0.92602 0.176
vt 0.92423 0.17683
vt 0.922 0.19699
vt 0.92283 0.18043
vt 0.92283 0.19699
vt 0.92288 0.21152
vt 0.922 0.21259
vt 0.92423 0.20059
vt 0.92423 0.20899
vt 0.29654 0.52726
vt 0.29802 0.53099
vt 0.29823 0.53284
vt 0.2952 0.52929
vt 0.29444 0.53149
vt 0.29331 0.52981
vt 0.29629 0.53118
vt 0.29447 0.52761
vt 0.29712 0.53277
vt 0.29578 0.53245
vt 0.92288 0.17937
vt 0.922 0.18043
vt 0.92777 0.17571
vt 0.92321 0.17807
vt 0.922 0.17804
vt 0.92602 0.20816
vt 0.9166 0.30929
vt 0.83728 0.39836
vt 0.91321 0.33285
vt 0.92602 0.23358
vt 0.92288 0.19806
vt 0.23834 0.58358
vt 0.21658 0.58454
vt 0.21477 0.58358
vt 0.92423 0.30509
vt 0.92602 0.30592
vt 0.23956 0.58218
vt 0.21355 0.58218
vt 0.02495 0.53637
vt 0.02301 0.55418
vt 0.02301 0.53557
vt 0.02544 0.53279
vt 0.02324 0.53356
vt 0.02377 0.53166
vt 0.02513 0.53464
vt 0.02122 0.53489
vt 0.02673 0.53547
vt 0.0268 0.53658
vt 0.02157 0.53282
vt 0.02641 0.53413
vt 0.92602 0.2805
vt 0.92423 0.28133
vt 0.922 0.30149
vt 0.92283 0.28493
vt 0.92283 0.30149
vt 0.02122 0.55486
vt 0.0268 0.55317
vt 0.02495 0.55338
vt 0.02324 0.55619
vt 0.02544 0.55696
vt 0.02377 0.55809
vt 0.02513 0.55511
vt 0.02157 0.55693
vt 0.02673 0.55428
vt 0.02641 0.55562
vt 0.92288 0.28387
vt 0.922 0.28493
vt 0.92777 0.28021
vt 0.92321 0.28257
vt 0.922 0.28255
vt 0.922 0.30388
vt 0.92321 0.30385
vt 0.92288 0.30256
vt 0.92777 0.30621
vt 0.83728 0.56717
vt 0.83728 0.67167
vt 0.92602 0.20142
vt 0.91396 0.20142
vt 0.69919 0.49567
vt 0.69995 0.49787
vt 0.69805 0.49734
vt 0.70197 0.4981
vt 0.70103 0.49598
vt 0.70277 0.49616
vt 0.70128 0.49989
vt 0.70187 0.49438
vt 0.70297 0.49431
vt 0.69921 0.49954
vt 0.70052 0.49471
vt 0.34294 0.55818
vt 0.32118 0.55721
vt 0.34475 0.55721
vt 0.22185 0.54361
vt 0.2436 0.54264
vt 0.24541 0.54361
vt 0.81978 0.59389
vt 0.81857 0.5971
vt 0.81857 0.59391
vt 0.81857 0.59152
vt 0.8194 0.57497
vt 0.8194 0.59152
vt 0.82169 0.5971
vt 0.82434 0.59624
vt 0.82522 0.5971
vt 0.82079 0.59512
vt 0.31996 0.55582
vt 0.34597 0.55582
vt 0.72057 0.4981
vt 0.72125 0.49989
vt 0.71956 0.49431
vt 0.71977 0.49616
vt 0.72259 0.49787
vt 0.72335 0.49567
vt 0.72448 0.49734
vt 0.7215 0.49598
vt 0.72332 0.49954
vt 0.72067 0.49438
vt 0.72201 0.49471
vt 0.82434 0.56409
vt 0.82522 0.57024
vt 0.82434 0.57024
vt 0.81945 0.59259
vt 0.80651 0.64492
vt 0.79774 0.64173
vt 0.80651 0.64173
vt 0.22063 0.545
vt 0.24663 0.545
vt 0.81857 0.57258
vt 0.81978 0.56173
vt 0.81978 0.5726
vt 0.81228 0.56409
vt 0.81053 0.57053
vt 0.81053 0.5638
vt 0.21946 0.52911
vt 0.23726 0.53106
vt 0.21865 0.53106
vt 0.21588 0.52862
vt 0.21664 0.53082
vt 0.21474 0.5303
vt 0.21772 0.52893
vt 0.21797 0.53285
vt 0.21856 0.52734
vt 0.21966 0.52727
vt 0.2159 0.5325
vt 0.21721 0.52766
vt 0.82259 0.53838
vt 0.82079 0.53921
vt 0.81857 0.55937
vt 0.8194 0.54281
vt 0.8194 0.55937
vt 0.81945 0.5739
vt 0.81857 0.57497
vt 0.80652 0.66626
vt 0.79774 0.67167
vt 0.80651 0.66387
vt 0.23794 0.53285
vt 0.23646 0.52911
vt 0.23625 0.52727
vt 0.23927 0.53082
vt 0.24004 0.52862
vt 0.24117 0.5303
vt 0.23819 0.52893
vt 0.24001 0.5325
vt 0.23736 0.52734
vt 0.2387 0.52766
vt 0.81945 0.54174
vt 0.81857 0.54281
vt 0.82434 0.53809
vt 0.81978 0.54045
vt 0.81857 0.54042
vt 0.82079 0.56297
vt 0.82259 0.57053
vt 0.82079 0.57136
vt 0.80651 0.53279
vt 0.80963 0.53723
vt 0.80651 0.53723
vt 0.82169 0.53279
vt 0.82522 0.53723
vt 0.82522 0.53279
vt 0.83063 0.53723
vt 0.82259 0.59595
vt 0.80651 0.5971
vt 0.81945 0.56044
vt 0.81857 0.56176
vt 0.82522 0.56409
vt 0.33954 0.5704
vt 0.31779 0.57136
vt 0.31598 0.5704
vt 0.8208 0.66747
vt 0.82259 0.6683
vt 0.82169 0.67167
vt 0.34076 0.569
vt 0.31476 0.569
vt 0.4241 0.50682
vt 0.40629 0.50488
vt 0.4249 0.50488
vt 0.42768 0.50732
vt 0.42691 0.50512
vt 0.42881 0.50564
vt 0.42583 0.50701
vt 0.42558 0.50309
vt 0.425 0.5086
vt 0.42389 0.50867
vt 0.42765 0.50344
vt 0.42634 0.50828
vt 0.82259 0.64288
vt 0.82079 0.64371
vt 0.82169 0.64173
vt 0.81857 0.66387
vt 0.8194 0.64731
vt 0.8194 0.66387
vt 0.40561 0.50309
vt 0.4073 0.50867
vt 0.40709 0.50682
vt 0.40428 0.50512
vt 0.40351 0.50732
vt 0.40238 0.50564
vt 0.40536 0.50701
vt 0.40354 0.50344
vt 0.40619 0.5086
vt 0.40485 0.50828
vt 0.81945 0.64624
vt 0.81857 0.64731
vt 0.82434 0.64259
vt 0.81857 0.64173
vt 0.81978 0.64495
vt 0.81857 0.64492
vt 0.81857 0.67167
vt 0.80963 0.5971
vt 0.80963 0.64173
vt 0.82522 0.64173
vt 0.81857 0.66626
vt 0.81978 0.66623
vt 0.81945 0.66493
vt 0.82434 0.66859
vt 0.08005 0.55256
vt 0.08225 0.5518
vt 0.08173 0.55369
vt 0.08249 0.54978
vt 0.08036 0.55071
vt 0.08054 0.54898
vt 0.08428 0.55046
vt 0.07877 0.54988
vt 0.0787 0.54877
vt 0.08392 0.55254
vt 0.07909 0.55122
vt 0.34673 0.545
vt 0.32498 0.54404
vt 0.34854 0.54404
vt 0.02261 0.60396
vt 0.02358 0.62572
vt 0.02261 0.62753
vt 0.80772 0.59389
vt 0.80651 0.59391
vt 0.80651 0.59152
vt 0.80734 0.57497
vt 0.80734 0.59152
vt 0.81228 0.59624
vt 0.81317 0.5971
vt 0.80874 0.59512
vt 0.32376 0.54264
vt 0.34976 0.54264
vt 0.08249 0.53118
vt 0.08428 0.5305
vt 0.0787 0.53219
vt 0.08054 0.53198
vt 0.08225 0.52916
vt 0.08005 0.5284
vt 0.08173 0.52727
vt 0.08036 0.53025
vt 0.08392 0.52842
vt 0.07877 0.53108
vt 0.07909 0.52974
vt 0.81317 0.57024
vt 0.81228 0.57024
vt 0.80739 0.59259
vt 0.81317 0.67167
vt 0.80963 0.67167
vt 0.02122 0.60274
vt 0.02122 0.62874
vt 0.80651 0.57258
vt 0.80772 0.56173
vt 0.80772 0.5726
vt 0.83063 0.56176
vt 0.83063 0.57258
vt 0.11353 0.51562
vt 0.09573 0.51367
vt 0.11433 0.51367
vt 0.11711 0.51611
vt 0.11635 0.51391
vt 0.11825 0.51443
vt 0.11527 0.5158
vt 0.11502 0.51188
vt 0.11443 0.51739
vt 0.11333 0.51747
vt 0.11709 0.51224
vt 0.11578 0.51707
vt 0.81053 0.53838
vt 0.80874 0.53921
vt 0.80651 0.55937
vt 0.80734 0.54281
vt 0.80734 0.55937
vt 0.80739 0.5739
vt 0.80651 0.57497
vt 0.80651 0.54042
vt 0.79774 0.53501
vt 0.09505 0.51188
vt 0.09653 0.51562
vt 0.09674 0.51746
vt 0.09371 0.51391
vt 0.09295 0.51611
vt 0.09182 0.51443
vt 0.0948 0.5158
vt 0.09298 0.51224
vt 0.09563 0.51739
vt 0.09429 0.51707
vt 0.80739 0.54174
vt 0.80651 0.54281
vt 0.81228 0.53809
vt 0.80772 0.54045
vt 0.80874 0.56297
vt 0.80874 0.57137
vt 0.79774 0.5971
vt 0.83063 0.53279
vt 0.83375 0.53723
vt 0.80963 0.53279
vt 0.81317 0.53723
vt 0.80652 0.67167
vt 0.81053 0.59595
vt 0.83375 0.67167
vt 0.83063 0.67167
vt 0.80739 0.56044
vt 0.80651 0.56176
vt 0.79774 0.56698
vt 0.81317 0.56409
vt 0.18386 0.55679
vt 0.20562 0.55583
vt 0.20743 0.55679
vt 0.80874 0.66747
vt 0.81053 0.6683
vt 0.18265 0.55818
vt 0.20865 0.55818
vt 0.14805 0.52912
vt 0.16585 0.53106
vt 0.14725 0.53106
vt 0.14447 0.52862
vt 0.14523 0.53082
vt 0.14334 0.5303
vt 0.14632 0.52894
vt 0.14657 0.53285
vt 0.14715 0.52734
vt 0.14826 0.52727
vt 0.14449 0.5325
vt 0.14581 0.52766
vt 0.81053 0.64288
vt 0.80874 0.64371
vt 0.80734 0.64731
vt 0.80735 0.66387
vt 0.16653 0.53285
vt 0.16484 0.52727
vt 0.16505 0.52912
vt 0.16787 0.53082
vt 0.16863 0.52862
vt 0.16976 0.5303
vt 0.16678 0.52894
vt 0.16861 0.5325
vt 0.16595 0.52734
vt 0.16729 0.52766
vt 0.80739 0.64624
vt 0.80651 0.64731
vt 0.81228 0.64259
vt 0.80772 0.64495
vt 0.83063 0.64173
vt 0.83375 0.5971
vt 0.83375 0.64173
vt 0.81317 0.64173
vt 0.80772 0.66623
vt 0.80739 0.66493
vt 0.81228 0.66859
vt 0.69099 0.48028
vt 0.69176 0.48248
vt 0.68986 0.48196
vt 0.69377 0.48272
vt 0.69284 0.4806
vt 0.69457 0.48078
vt 0.69309 0.48451
vt 0.69367 0.479
vt 0.69478 0.47893
vt 0.69102 0.48416
vt 0.69233 0.47932
vt 0.654 0.50749
vt 0.67576 0.50846
vt 0.65219 0.50846
vt 0.03568 0.57101
vt 0.03665 0.59276
vt 0.03568 0.59457
vt 0.83183 0.59389
vt 0.83063 0.5971
vt 0.83063 0.59391
vt 0.83063 0.59152
vt 0.83146 0.57497
vt 0.83146 0.59152
vt 0.8364 0.59624
vt 0.83285 0.59512
vt 0.67698 0.50985
vt 0.65098 0.50985
vt 0.71238 0.48272
vt 0.71306 0.48451
vt 0.71137 0.47893
vt 0.71158 0.48078
vt 0.71439 0.48248
vt 0.71516 0.48028
vt 0.71629 0.48196
vt 0.71331 0.4806
vt 0.71513 0.48416
vt 0.71248 0.479
vt 0.71382 0.47932
vt 0.8364 0.56409
vt 0.8364 0.57024
vt 0.83151 0.59259
vt 0.03429 0.56979
vt 0.03429 0.59579
vt 0.83183 0.56173
vt 0.83183 0.5726
vt 0.61266 0.49365
vt 0.59486 0.49171
vt 0.61346 0.49171
vt 0.61624 0.49414
vt 0.61548 0.49194
vt 0.61737 0.49247
vt 0.61439 0.49383
vt 0.61414 0.48992
vt 0.61356 0.49543
vt 0.61245 0.4955
vt 0.61621 0.49027
vt 0.6149 0.4951
vt 0.83464 0.53838
vt 0.83285 0.53921
vt 0.83063 0.55937
vt 0.83146 0.54281
vt 0.83146 0.55937
vt 0.83151 0.5739
vt 0.83063 0.57497
vt 0.83285 0.56297
vt 0.83285 0.57136
vt 0.59417 0.48992
vt 0.59566 0.49365
vt 0.59586 0.4955
vt 0.59284 0.49194
vt 0.59208 0.49414
vt 0.59094 0.49247
vt 0.59392 0.49383
vt 0.5921 0.49027
vt 0.59476 0.49543
vt 0.59341 0.4951
vt 0.83151 0.54174
vt 0.83063 0.54281
vt 0.8364 0.53809
vt 0.83183 0.54045
vt 0.83063 0.54042
vt 0.83464 0.57053
vt 0.82522 0.67167
vt 0.83375 0.53279
vt 0.82183 0.69523
vt 0.83465 0.59595
vt 0.83151 0.56043
vt 0.20643 0.5704
vt 0.18468 0.57137
vt 0.18287 0.5704
vt 0.83285 0.66747
vt 0.83465 0.6683
vt 0.20765 0.56901
vt 0.18165 0.56901
vt 0.03932 0.53634
vt 0.03738 0.55415
vt 0.03737 0.53554
vt 0.03981 0.53276
vt 0.03761 0.53353
vt 0.03813 0.53163
vt 0.0395 0.53461
vt 0.03559 0.53486
vt 0.04109 0.53544
vt 0.04117 0.53655
vt 0.03594 0.53279
vt 0.04077 0.5341
vt 0.83465 0.64288
vt 0.83285 0.64371
vt 0.83063 0.66387
vt 0.83146 0.64731
vt 0.83146 0.66387
vt 0.03559 0.55483
vt 0.04117 0.55314
vt 0.03932 0.55335
vt 0.03761 0.55616
vt 0.03981 0.55693
vt 0.03813 0.55806
vt 0.0395 0.55508
vt 0.03594 0.5569
vt 0.04109 0.55425
vt 0.04077 0.55559
vt 0.83151 0.64624
vt 0.83063 0.64731
vt 0.8364 0.64259
vt 0.83183 0.64495
vt 0.83063 0.64492
vt 0.83063 0.66626
vt 0.83184 0.66623
vt 0.83151 0.66493
vt 0.8364 0.66859
vt 0.81317 0.53279
vt 0.83464 0.5638
vt 0.82259 0.5638
vt 0.06635 0.55616
vt 0.06855 0.55692
vt 0.06687 0.55805
vt 0.06611 0.55414
vt 0.06824 0.55507
vt 0.06432 0.55482
vt 0.06467 0.55689
vt 0.06806 0.55334
vt 0.06983 0.55424
vt 0.06951 0.55558
vt 0.07339 0.58797
vt 0.07242 0.56621
vt 0.07339 0.5644
vt 0.09498 0.58616
vt 0.09595 0.5644
vt 0.09595 0.58797
vt 0.81978 0.47614
vt 0.81857 0.47611
vt 0.81857 0.47292
vt 0.8194 0.49506
vt 0.81857 0.4785
vt 0.8194 0.4785
vt 0.82434 0.47378
vt 0.82169 0.47293
vt 0.82522 0.47293
vt 0.82079 0.4749
vt 0.07478 0.58919
vt 0.07478 0.56319
vt 0.06611 0.53554
vt 0.06432 0.53485
vt 0.06806 0.53634
vt 0.0699 0.55313
vt 0.06855 0.53276
vt 0.06635 0.53352
vt 0.06687 0.53162
vt 0.06824 0.5346
vt 0.06983 0.53544
vt 0.0699 0.53654
vt 0.06467 0.53278
vt 0.06951 0.53409
vt 0.82522 0.49978
vt 0.82434 0.50593
vt 0.82434 0.49978
vt 0.81945 0.47744
vt 0.80651 0.4251
vt 0.80651 0.42829
vt 0.09734 0.56319
vt 0.09734 0.58919
vt 0.81978 0.49742
vt 0.81857 0.50827
vt 0.81857 0.49745
vt 0.81053 0.49949
vt 0.81228 0.50593
vt 0.81053 0.50623
vt 0.58389 0.50909
vt 0.60169 0.50715
vt 0.60249 0.50909
vt 0.60451 0.50885
vt 0.60527 0.50665
vt 0.60641 0.50833
vt 0.60343 0.50697
vt 0.60317 0.51088
vt 0.60525 0.51053
vt 0.60259 0.50537
vt 0.60394 0.50569
vt 0.82259 0.53164
vt 0.82079 0.53081
vt 0.8194 0.52721
vt 0.81857 0.51066
vt 0.8194 0.51066
vt 0.81945 0.49613
vt 0.81857 0.49506
vt 0.80652 0.40377
vt 0.80651 0.40616
vt 0.58321 0.51088
vt 0.58469 0.50715
vt 0.60149 0.5053
vt 0.58111 0.50665
vt 0.58187 0.50885
vt 0.57998 0.50833
vt 0.58296 0.50697
vt 0.58379 0.50537
vt 0.5849 0.5053
vt 0.58114 0.51053
vt 0.58245 0.50569
vt 0.81945 0.52828
vt 0.81857 0.52721
vt 0.82434 0.53194
vt 0.81857 0.5296
vt 0.81978 0.52958
vt 0.82259 0.49949
vt 0.82079 0.50706
vt 0.82079 0.49866
vt 0.82259 0.47407
vt 0.80651 0.47292
vt 0.81945 0.50959
vt 0.82522 0.50593
vt 0.18179 0.58218
vt 0.20355 0.58315
vt 0.17998 0.58315
vt 0.8208 0.40256
vt 0.82169 0.39836
vt 0.82259 0.40173
vt 0.20477 0.58454
vt 0.17877 0.58454
vt 0.35017 0.51024
vt 0.34823 0.49243
vt 0.35017 0.49163
vt 0.34994 0.48962
vt 0.34774 0.48885
vt 0.34942 0.48772
vt 0.34805 0.4907
vt 0.35196 0.49095
vt 0.35161 0.48888
vt 0.34646 0.49153
vt 0.34678 0.49019
vt 0.82259 0.42714
vt 0.82169 0.42829
vt 0.82079 0.42631
vt 0.8194 0.42271
vt 0.81857 0.40616
vt 0.8194 0.40616
vt 0.35196 0.51092
vt 0.34638 0.50923
vt 0.34823 0.50944
vt 0.34774 0.51302
vt 0.34994 0.51225
vt 0.34942 0.51415
vt 0.34805 0.51117
vt 0.34646 0.51034
vt 0.35161 0.51299
vt 0.34678 0.51168
vt 0.81945 0.42378
vt 0.81857 0.42271
vt 0.82434 0.42744
vt 0.81857 0.42829
vt 0.81857 0.4251
vt 0.81978 0.42508
vt 0.81857 0.39836
vt 0.81978 0.40379
vt 0.80963 0.47292
vt 0.80963 0.42829
vt 0.82522 0.42829
vt 0.81857 0.40377
vt 0.81945 0.40509
vt 0.82434 0.40144
vt 0.95687 0.41335
vt 0.95907 0.41412
vt 0.95739 0.41525
vt 0.95663 0.41134
vt 0.95875 0.41227
vt 0.95484 0.41202
vt 0.95519 0.41409
vt 0.95857 0.41054
vt 0.96035 0.41144
vt 0.96003 0.41278
vt 0.34162 0.58358
vt 0.31986 0.58454
vt 0.31805 0.58358
vt 0.05995 0.56842
vt 0.05899 0.59018
vt 0.05899 0.56661
vt 0.80772 0.47614
vt 0.80651 0.47611
vt 0.80734 0.49506
vt 0.80651 0.4785
vt 0.80734 0.4785
vt 0.81228 0.47378
vt 0.81317 0.47292
vt 0.80874 0.4749
vt 0.34283 0.58218
vt 0.31683 0.58218
vt 0.95663 0.39273
vt 0.95484 0.39205
vt 0.96042 0.39374
vt 0.95857 0.39354
vt 0.95907 0.38995
vt 0.95687 0.39072
vt 0.95739 0.38882
vt 0.95875 0.3918
vt 0.96035 0.39263
vt 0.95519 0.38998
vt 0.96003 0.39129
vt 0.81317 0.49978
vt 0.81228 0.49978
vt 0.80739 0.47744
vt 0.81317 0.39836
vt 0.80963 0.39836
vt 0.0576 0.5914
vt 0.0576 0.56539
vt 0.80772 0.49742
vt 0.80651 0.50827
vt 0.80651 0.49745
vt 0.83063 0.50827
vt 0.49629 0.50489
vt 0.47849 0.50683
vt 0.47769 0.50489
vt 0.47567 0.50512
vt 0.47491 0.50732
vt 0.47377 0.50565
vt 0.47675 0.50701
vt 0.477 0.5031
vt 0.47493 0.50345
vt 0.47759 0.50861
vt 0.47624 0.50829
vt 0.81053 0.53164
vt 0.80874 0.53081
vt 0.80734 0.52721
vt 0.80651 0.51066
vt 0.80734 0.51066
vt 0.80739 0.49613
vt 0.80651 0.49506
vt 0.80651 0.5296
vt 0.49697 0.5031
vt 0.49549 0.50683
vt 0.47869 0.50868
vt 0.49907 0.50733
vt 0.4983 0.50512
vt 0.5002 0.50565
vt 0.49722 0.50701
vt 0.49639 0.50861
vt 0.49528 0.50868
vt 0.49904 0.50345
vt 0.49773 0.50829
vt 0.80739 0.52828
vt 0.80651 0.52721
vt 0.81228 0.53194
vt 0.80772 0.52958
vt 0.80874 0.50706
vt 0.80874 0.49866
vt 0.79774 0.47292
vt 0.79774 0.50305
vt 0.80652 0.39836
vt 0.81053 0.47407
vt 0.83375 0.39836
vt 0.83063 0.39836
vt 0.80739 0.50959
vt 0.81317 0.50593
vt 0.17189 0.56477
vt 0.15013 0.56381
vt 0.1737 0.56381
vt 0.80874 0.40256
vt 0.81053 0.40173
vt 0.14891 0.56242
vt 0.17492 0.56242
vt 0.9558 0.496
vt 0.95775 0.5138
vt 0.9558 0.5146
vt 0.95604 0.51662
vt 0.95824 0.51738
vt 0.95656 0.51851
vt 0.95793 0.51553
vt 0.95401 0.51528
vt 0.95437 0.51736
vt 0.95952 0.5147
vt 0.9592 0.51604
vt 0.81053 0.42714
vt 0.80874 0.42631
vt 0.80734 0.42271
vt 0.80735 0.40616
vt 0.95401 0.49532
vt 0.9596 0.497
vt 0.95775 0.4968
vt 0.95824 0.49322
vt 0.95604 0.49398
vt 0.95656 0.49209
vt 0.95793 0.49507
vt 0.95952 0.4959
vt 0.95437 0.49324
vt 0.9592 0.49456
vt 0.80739 0.42378
vt 0.80651 0.42271
vt 0.81228 0.42744
vt 0.80772 0.42508
vt 0.80772 0.40379
vt 0.83375 0.47293
vt 0.83063 0.42829
vt 0.83375 0.42829
vt 0.81317 0.42829
vt 0.80739 0.40509
vt 0.81228 0.40143
vt 0.65118 0.49347
vt 0.65194 0.49127
vt 0.65307 0.49294
vt 0.64916 0.4937
vt 0.65009 0.49158
vt 0.64984 0.49549
vt 0.65191 0.49514
vt 0.64836 0.49176
vt 0.64926 0.48998
vt 0.6506 0.49031
vt 0.95514 0.53146
vt 0.95611 0.55322
vt 0.95514 0.55503
vt 0.10849 0.56403
vt 0.10753 0.58578
vt 0.10753 0.56222
vt 0.83183 0.47614
vt 0.83063 0.47611
vt 0.83063 0.47293
vt 0.83146 0.49506
vt 0.83063 0.4785
vt 0.83146 0.4785
vt 0.8364 0.47378
vt 0.83285 0.4749
vt 0.95375 0.53024
vt 0.95375 0.55624
vt 0.63056 0.4937
vt 0.62987 0.49549
vt 0.63156 0.48991
vt 0.63136 0.49176
vt 0.62778 0.49127
vt 0.62854 0.49347
vt 0.62664 0.49294
vt 0.62962 0.49158
vt 0.63046 0.48998
vt 0.6278 0.49514
vt 0.62911 0.49031
vt 0.8364 0.50593
vt 0.8364 0.49978
vt 0.83151 0.47744
vt 0.10613 0.587
vt 0.10613 0.561
vt 0.83183 0.49742
vt 0.83063 0.49745
vt 0.63818 0.50708
vt 0.62038 0.50902
vt 0.61958 0.50708
vt 0.61756 0.50732
vt 0.6168 0.50952
vt 0.61567 0.50784
vt 0.61865 0.50921
vt 0.6189 0.50529
vt 0.61683 0.50564
vt 0.61948 0.5108
vt 0.61814 0.51048
vt 0.83464 0.53164
vt 0.83285 0.53081
vt 0.83146 0.52721
vt 0.83063 0.51066
vt 0.83146 0.51066
vt 0.83151 0.49613
vt 0.83063 0.49506
vt 0.83285 0.50706
vt 0.83285 0.49866
vt 0.63887 0.50529
vt 0.63738 0.50902
vt 0.62059 0.51087
vt 0.64096 0.50952
vt 0.6402 0.50732
vt 0.6421 0.50784
vt 0.63912 0.50921
vt 0.63828 0.5108
vt 0.63718 0.51087
vt 0.64094 0.50564
vt 0.63963 0.51048
vt 0.83151 0.52828
vt 0.83063 0.52721
vt 0.8364 0.53194
vt 0.83063 0.5296
vt 0.83183 0.52958
vt 0.83464 0.49949
vt 0.82522 0.39836
vt 0.82183 0.3748
vt 0.83464 0.47407
vt 0.83151 0.50959
vt 0.24041 0.55818
vt 0.21865 0.55722
vt 0.24222 0.55722
vt 0.83285 0.40256
vt 0.83465 0.40173
vt 0.21743 0.55583
vt 0.24344 0.55583
vt 0.2681 0.44212
vt 0.26616 0.42432
vt 0.2681 0.42352
vt 0.26787 0.4215
vt 0.26567 0.42074
vt 0.26734 0.4196
vt 0.26598 0.42259
vt 0.26989 0.42284
vt 0.26954 0.42076
vt 0.26438 0.42342
vt 0.2647 0.42208
vt 0.83465 0.42714
vt 0.83285 0.42631
vt 0.83146 0.42271
vt 0.83063 0.40616
vt 0.83146 0.40616
vt 0.26989 0.4428
vt 0.26431 0.44111
vt 0.26616 0.44132
vt 0.26567 0.4449
vt 0.26787 0.44414
vt 0.26734 0.44603
vt 0.26598 0.44305
vt 0.26438 0.44222
vt 0.26954 0.44488
vt 0.26471 0.44356
vt 0.83151 0.42378
vt 0.83063 0.42271
vt 0.8364 0.42744
vt 0.83063 0.4251
vt 0.83183 0.42508
vt 0.83184 0.40379
vt 0.83063 0.40377
vt 0.83151 0.40509
vt 0.8364 0.40144
vt 0.85675 0.36678
vt 0.83464 0.50623
vt 0.82259 0.50623
vt 0.75231 0.27961
vt 0.87932 0.27961
vt 0.85772 0.42829
vt 0.32548 0.86559
vt 0.3621 0.61059
vt 0.37014 0.65522
vt 0.3621 0.65522
vt 0.3621 0.68516
vt 0.05218 0.86961
vt 0.37014 0.68516
vt 0.05218 0.86559
vt 0.85675 0.70324
vt 0.78568 0.64173
vt 0.18794 0.9703
vt 0.24839 0.96226
vt 0.18923 0.88097
vt 0.18923 0.88499
vt 0.00439 0.07797
vt 0.00439 0.18469
vt 0.18794 0.96226
vt 0.37014 0.29141
vt 0.78568 0.5971
vt 0.78568 0.53501
vt 0.78568 0.47292
vt 0.36754 0.94402
vt 0.00598 0.95179
vt 0.00599 0.94402
vt 0.57887 0.47285
vt 0.40209 0.46509
vt 0.57886 0.46509
vt 0.38046 0.18268
vt 0.742 0.00592
vt 0.742 0.18268
vt 0.37942 0.96277
vt 0.3779 0.95494
vt 0.37943 0.955
vt 0.95474 0.59695
vt 0.96251 0.95855
vt 0.95474 0.95854
vt 0.09156 0.49211
vt 0.26833 0.49988
vt 0.09157 0.49988
vt 0.742 0.37162
vt 0.38046 0.19486
vt 0.742 0.19487
vt 0.74098 0.95497
vt 0.74473 0.943
vt 0.38312 0.93523
vt 0.74472 0.93523
vt 0.5788 0.44378
vt 0.40221 0.45178
vt 0.4022 0.44378
vt 0.26963 0.50118
vt 0.26839 0.50141
vt 0.95344 0.59565
vt 0.95468 0.59542
vt 0.37916 0.19356
vt 0.3804 0.19333
vt 0.57879 0.48471
vt 0.5801 0.48357
vt 0.58033 0.48476
vt 0.74328 0.19357
vt 0.74352 0.19482
vt 0.95339 0.95984
vt 0.95321 0.9586
vt 0.74329 0.00467
vt 0.74352 0.00597
vt 0.00468 0.94266
vt 0.00594 0.94248
vt 0.40076 0.45289
vt 0.40055 0.45171
vt 0.36884 0.94272
vt 0.36908 0.94396
vt 0.38046 0.00592
vt 0.37916 0.00462
vt 0.3804 0.00439
vt 0.40079 0.46378
vt 0.40204 0.46355
vt 0.74604 0.93388
vt 0.74627 0.93506
vt 0.74329 0.37288
vt 0.74205 0.37315
vt 0.38182 0.93393
vt 0.38307 0.9337
vt 0.40221 0.48471
vt 0.40075 0.48359
vt 0.40206 0.48333
vt 0.38046 0.37162
vt 0.37916 0.37292
vt 0.37893 0.37167
vt 0.37813 0.9537
vt 0.37938 0.95347
vt 0.58016 0.46378
vt 0.58039 0.46503
vt 0.37916 0.18398
vt 0.37892 0.18273
vt 0.57879 0.45176
vt 0.58011 0.4529
vt 0.57885 0.4532
vt 0.74228 0.95362
vt 0.74251 0.9548
vt 0.74327 0.18399
vt 0.74205 0.18423
vt 0.7435 0.18273
vt 0.3804 0.18421
vt 0.74104 0.95347
vt 0.74205 0.00439
vt 0.3676 0.94249
vt 0.57891 0.46355
vt 0.37892 0.00587
vt 0.74254 0.96273
vt 0.74099 0.96274
vt 0.58033 0.45171
vt 0.58035 0.44378
vt 0.00441 0.95178
vt 0.00445 0.94385
vt 0.40053 0.47285
vt 0.40056 0.46503
vt 0.36755 0.95179
vt 0.58041 0.47285
vt 0.26834 0.49211
vt 0.26987 0.49994
vt 0.57885 0.48332
vt 0.74352 0.37157
vt 0.74478 0.9337
vt 0.3804 0.37315
vt 0.37893 0.19481
vt 0.09152 0.50141
vt 0.40219 0.4927
vt 0.40055 0.48477
vt 0.7463 0.943
vt 0.38311 0.943
vt 0.38159 0.93518
vt 0.09001 0.49212
vt 0.09004 0.49994
vt 0.95321 0.5969
vt 0.74205 0.19333
vt 0.96251 0.59694
vt 0.5788 0.49269
vt 0.58035 0.49269
vt 0.9625 0.9601
vt 0.09027 0.50118
vt 0.2123 0.65908
vt 0.2174 0.6622
vt 0.2123 0.6622
vt 0.04022 0.67318
vt 0.03512 0.67006
vt 0.04022 0.67006
vt 0.30693 0.65341
vt 0.30182 0.65029
vt 0.30693 0.65029
vt 0.26952 0.46136
vt 0.2664 0.46647
vt 0.2664 0.46136
vt 0.11384 0.65249
vt 0.11895 0.65561
vt 0.11384 0.65561
vt 0.32961 0.65688
vt 0.33471 0.66
vt 0.32961 0.66
vt 0.33875 0.52902
vt 0.34317 0.52136
vt 0.34759 0.52391
vt 0.34759 0.52902
vt 0.34317 0.53158
vt 0.27402 0.65121
vt 0.27912 0.6481
vt 0.27912 0.65121
vt 0.34787 0.64682
vt 0.35298 0.6437
vt 0.35298 0.64682
vt 0.17165 0.67757
vt 0.17675 0.67445
vt 0.17675 0.67757
vt 0.25909 0.66128
vt 0.25398 0.66439
vt 0.25398 0.66128
vt 0.32519 0.6437
vt 0.32008 0.64682
vt 0.32008 0.6437
vt 0.07574 0.66879
vt 0.08085 0.66567
vt 0.08085 0.66879
vt 0.15056 0.55149
vt 0.15822 0.54706
vt 0.15567 0.55149
vt 0.15056 0.54264
vt 0.14801 0.54706
vt 0.20351 0.6622
vt 0.1984 0.65908
vt 0.20351 0.65908
vt 0.09026 0.66638
vt 0.09338 0.66127
vt 0.09338 0.66638
vt 0.72563 0.44818
vt 0.72252 0.45329
vt 0.72252 0.44818
vt 0.26788 0.66128
vt 0.27299 0.66439
vt 0.26788 0.66439
vt 0.95639 0.47893
vt 0.96149 0.48205
vt 0.95639 0.48205
vt 0.05412 0.68636
vt 0.04901 0.68324
vt 0.05412 0.68324
vt 0.71271 0.43675
vt 0.71714 0.42909
vt 0.72156 0.43164
vt 0.16064 0.6644
vt 0.15553 0.66128
vt 0.16064 0.66128
vt 0.35 0.57192
vt 0.35311 0.56681
vt 0.35311 0.57192
vt 0.08963 0.68176
vt 0.09275 0.67665
vt 0.09275 0.68176
vt 0.18333 0.66128
vt 0.18844 0.66439
vt 0.18333 0.66439
vt 0.10217 0.66568
vt 0.10728 0.66879
vt 0.10217 0.66879
vt 0.04901 0.67006
vt 0.05412 0.67318
vt 0.04901 0.67318
vt 0.77 0.47742
vt 0.77442 0.48508
vt 0.77 0.48764
vt 0.14896 0.67757
vt 0.14385 0.67445
vt 0.14896 0.67445
vt 0.33397 0.6437
vt 0.33907 0.64682
vt 0.33397 0.64682
vt 0.28792 0.6481
vt 0.29302 0.65121
vt 0.28792 0.65121
vt 0.06694 0.65688
vt 0.06383 0.66199
vt 0.06383 0.65688
vt 0.26523 0.65121
vt 0.26012 0.6481
vt 0.26523 0.6481
vt 0.12117 0.67318
vt 0.11607 0.67006
vt 0.12117 0.67006
vt 0.17661 0.54878
vt 0.16776 0.54878
vt 0.16776 0.54368
vt 0.72156 0.43675
vt 0.71714 0.4393
vt 0.76557 0.47997
vt 0.76557 0.48508
vt 0.17661 0.54368
vt 0.17218 0.54112
vt 0.25133 0.6481
vt 0.24622 0.65121
vt 0.24622 0.6481
vt 0.16943 0.66439
vt 0.17454 0.66128
vt 0.17454 0.66439
vt 0.14675 0.65908
vt 0.14164 0.6622
vt 0.14164 0.65908
vt 0.13507 0.67226
vt 0.12996 0.67537
vt 0.12996 0.67226
vt 0.06602 0.67737
vt 0.06291 0.67226
vt 0.06602 0.67226
vt 0.07991 0.67885
vt 0.07481 0.68196
vt 0.07481 0.67885
vt 0.35115 0.39429
vt 0.34673 0.40196
vt 0.34231 0.3994
vt 0.10664 0.67885
vt 0.10153 0.68196
vt 0.10153 0.67885
vt 0.12773 0.66
vt 0.13284 0.65688
vt 0.13284 0.66
vt 0.99123 0.3603
vt 0.99435 0.36541
vt 0.99123 0.36541
vt 0.02633 0.68105
vt 0.02122 0.68417
vt 0.02122 0.68105
vt 0.04022 0.68324
vt 0.03512 0.68636
vt 0.03512 0.68324
vt 0.34862 0.65689
vt 0.34351 0.66
vt 0.34351 0.65689
vt 0.12969 0.5488
vt 0.13411 0.54113
vt 0.13411 0.55135
vt 0.31571 0.66
vt 0.32082 0.65688
vt 0.32082 0.66
vt 0.2452 0.66128
vt 0.24009 0.66439
vt 0.24009 0.66128
vt 0.28689 0.66128
vt 0.28178 0.66439
vt 0.28178 0.66128
vt 0.02633 0.66787
vt 0.02123 0.67098
vt 0.02123 0.66787
vt 0.2313 0.66128
vt 0.22619 0.66439
vt 0.22619 0.66128
vt 0.15776 0.67757
vt 0.16286 0.67446
vt 0.16286 0.67757
vt 0.1081 0.54707
vt 0.11576 0.5515
vt 0.11065 0.5515
vt 0.34673 0.39174
vt 0.34231 0.39429
vt 0.13854 0.5488
vt 0.13854 0.54369
vt 0.11576 0.54265
vt 0.11065 0.54265
vt 0.38077 0.6447
vt 0.56321 0.56214
vt 0.56321 0.6447
vt 0.74566 0.6447
vt 0.18878 0.92464
vt 0.37129 0.93093
vt 0.18878 0.93094
vt 0.74666 0.46595
vt 0.73521 0.52864
vt 0.73521 0.46595
vt 0.73521 0.40327
vt 0.56347 0.3844
vt 0.74669 0.38442
vt 0.39173 0.52864
vt 0.38028 0.46595
vt 0.39173 0.46595
vt 0.56347 0.5475
vt 0.56347 0.52864
vt 0.00627 0.93094
vt 0.56322 0.72726
vt 0.39173 0.40327
vt 0.56347 0.40327
vt 0.5707 0.91584
vt 0.75321 0.92214
vt 0.5707 0.92214
vt 0.1738 0.46313
vt 0.09186 0.4697
vt 0.09185 0.46315
vt 0.48433 0.4148
vt 0.40238 0.42137
vt 0.40238 0.41482
vt 0.56628 0.42137
vt 0.56628 0.41482
vt 0.38819 0.92214
vt 0.25575 0.4697
vt 0.25734 0.47111
vt 0.25584 0.47155
vt 0.37129 0.92464
vt 0.37286 0.92296
vt 0.37315 0.9245
vt 0.38077 0.56214
vt 0.37921 0.56047
vt 0.38071 0.56023
vt 0.25576 0.46315
vt 0.25721 0.46164
vt 0.25761 0.4631
vt 0.38025 0.54749
vt 0.37932 0.54942
vt 0.37893 0.54776
vt 0.37314 0.93102
vt 0.37173 0.9328
vt 0.40079 0.42279
vt 0.40053 0.42124
vt 0.74566 0.56214
vt 0.74721 0.56047
vt 0.7475 0.562
vt 0.00626 0.92465
vt 0.00469 0.92297
vt 0.00619 0.92272
vt 0.40093 0.41331
vt 0.40258 0.41302
vt 0.00582 0.93281
vt 0.00442 0.93103
vt 0.74669 0.54749
vt 0.74762 0.54942
vt 0.74632 0.54964
vt 0.09027 0.47111
vt 0.09 0.46957
vt 0.38077 0.72726
vt 0.37921 0.72893
vt 0.37893 0.7274
vt 0.38818 0.91585
vt 0.38661 0.91417
vt 0.38812 0.91392
vt 0.0904 0.46164
vt 0.09206 0.46135
vt 0.38774 0.92401
vt 0.38634 0.92223
vt 0.38025 0.38442
vt 0.37932 0.38248
vt 0.38061 0.38227
vt 0.56787 0.42279
vt 0.56637 0.42322
vt 0.75322 0.91585
vt 0.75478 0.91417
vt 0.75507 0.91572
vt 0.74566 0.72726
vt 0.74722 0.72893
vt 0.74572 0.72918
vt 0.56773 0.41331
vt 0.56814 0.41477
vt 0.74762 0.38248
vt 0.74801 0.38415
vt 0.75506 0.92223
vt 0.75365 0.92401
vt 0.2576 0.46957
vt 0.56321 0.56022
vt 0.18878 0.92272
vt 0.18878 0.93284
vt 0.38061 0.54964
vt 0.56347 0.54963
vt 0.37892 0.6447
vt 0.37893 0.562
vt 0.1738 0.47932
vt 0.25555 0.46135
vt 0.3789 0.46595
vt 0.40052 0.41477
vt 0.74572 0.56022
vt 0.48433 0.43099
vt 0.40229 0.42322
vt 0.7475 0.6447
vt 0.74803 0.46595
vt 0.74801 0.54776
vt 0.09 0.4631
vt 0.5707 0.91392
vt 0.38071 0.72918
vt 0.56322 0.72918
vt 0.56347 0.38227
vt 0.5707 0.92404
vt 0.09177 0.47155
vt 0.37893 0.38415
vt 0.56813 0.42124
vt 0.74632 0.38227
vt 0.7475 0.7274
vt 0.56608 0.41302
vt 0.97129 0.76141
vt 0.97935 0.39472
vt 0.97935 0.76141
vt 0.7107 0.45001
vt 0.71341 0.4487
vt 0.71341 0.45133
vt 0.94201 0.71645
vt 0.924 0.71657
vt 0.924 0.71337
vt 0.95664 0.46791
vt 0.95444 0.44964
vt 0.95847 0.44964
vt 0.95847 0.4443
vt 0.95978 0.44159
vt 0.9617 0.44238
vt 0.00439 0.91194
vt 0.00439 0.89381
vt 0.00761 0.89381
vt 0.97532 0.38937
vt 0.97401 0.38666
vt 0.97664 0.38666
vt 0.37431 0.89381
vt 0.37753 0.88847
vt 0.37753 0.89381
vt 0.00761 0.87753
vt 0.00439 0.87218
vt 0.00761 0.87218
vt 0.00439 0.88431
vt 0.00761 0.88168
vt 0.00761 0.88431
vt 0.95444 0.4443
vt 0.95523 0.44238
vt 0.37753 0.91194
vt 0.26987 0.39509
vt 0.27259 0.39377
vt 0.27259 0.3964
vt 0.37753 0.87218
vt 0.37431 0.87753
vt 0.37431 0.87218
vt 0.37431 0.88168
vt 0.37753 0.88431
vt 0.37431 0.88431
vt 0.9409 0.71074
vt 0.94347 0.71648
vt 0.93278 0.35481
vt 0.93272 0.36298
vt 0.92423 0.35301
vt 0.71262 0.44678
vt 0.37753 0.91349
vt 0.92777 0.36224
vt 0.92457 0.35879
vt 0.7107 0.44598
vt 0.71262 0.45325
vt 0.75332 0.97478
vt 0.38018 0.98082
vt 0.38018 0.97478
vt 0.9625 0.4443
vt 0.68724 0.45182
vt 0.68521 0.44598
vt 0.68727 0.44598
vt 0.00439 0.88847
vt 0.00761 0.88639
vt 0.00761 0.88847
vt 0.00439 0.88639
vt 0.00439 0.88168
vt 0.00761 0.8796
vt 0.00439 0.8796
vt 0.37431 0.88639
vt 0.37753 0.88639
vt 0.37431 0.88847
vt 0.37753 0.87753
vt 0.37431 0.8796
vt 0.37753 0.8796
vt 0.70536 0.45404
vt 0.70536 0.45001
vt 0.70536 0.44598
vt 0.6858 0.45345
vt 0.68521 0.45203
vt 0.94434 0.35153
vt 0.94363 0.35447
vt 0.7107 0.45404
vt 0.97935 0.38937
vt 0.97856 0.38745
vt 0.97129 0.39472
vt 0.97129 0.38937
vt 0.97209 0.38745
vt 0.94638 0.35179
vt 0.68722 0.45404
vt 0.9625 0.44964
vt 0.95503 0.4692
vt 0.95444 0.46778
vt 0.92658 0.71076
vt 0.9625 0.46828
vt 0.9625 0.46979
vt 0.95645 0.46979
vt 0.75332 0.97324
vt 0.38018 0.97324
vt 0.95715 0.44159
vt 0.26453 0.39106
vt 0.26987 0.39106
vt 0.26453 0.39912
vt 0.27179 0.39185
vt 0.26987 0.39912
vt 0.27179 0.39832
vt 0.958 0.01245
vt 0.96606 0.37915
vt 0.958 0.37915
vt 0.65635 0.47637
vt 0.65363 0.47768
vt 0.65363 0.47505
vt 0.8966 0.72416
vt 0.91521 0.72095
vt 0.9152 0.72417
vt 0.22827 0.44305
vt 0.24654 0.44525
vt 0.22841 0.44525
vt 0.25189 0.44122
vt 0.25381 0.43799
vt 0.2546 0.43991
vt 0.88476 0.35152
vt 0.86663 0.35474
vt 0.86663 0.35152
vt 0.96203 0.00711
vt 0.96072 0.00439
vt 0.96335 0.00439
vt 0.86129 0.72466
vt 0.86663 0.72144
vt 0.86663 0.72466
vt 0.845 0.35152
vt 0.85034 0.35474
vt 0.845 0.35474
vt 0.8545 0.35474
vt 0.85713 0.35152
vt 0.85713 0.35474
vt 0.25381 0.44446
vt 0.25189 0.44525
vt 0.88476 0.72466
vt 0.2633 0.52778
vt 0.26199 0.52506
vt 0.26462 0.52506
vt 0.85034 0.72144
vt 0.845 0.72466
vt 0.845 0.72144
vt 0.85713 0.72466
vt 0.8545 0.72144
vt 0.85713 0.72144
vt 0.89509 0.72416
vt 0.89774 0.71829
vt 0.90854 0.35423
vt 0.91524 0.35152
vt 0.9087 0.35745
vt 0.65443 0.47313
vt 0.88631 0.72466
vt 0.91532 0.35475
vt 0.91256 0.7183
vt 0.9127 0.35742
vt 0.65635 0.47234
vt 0.65443 0.4796
vt 0.98244 0.0044
vt 0.9764 0.37754
vt 0.9764 0.0044
vt 0.25189 0.43719
vt 0.67981 0.47818
vt 0.68184 0.47234
vt 0.68184 0.47838
vt 0.85921 0.35474
vt 0.86129 0.35152
vt 0.86129 0.35474
vt 0.85921 0.35152
vt 0.85242 0.35474
vt 0.8545 0.35152
vt 0.85242 0.35152
vt 0.85921 0.72144
vt 0.86129 0.72144
vt 0.85921 0.72466
vt 0.85242 0.72144
vt 0.85034 0.72466
vt 0.85242 0.72466
vt 0.66169 0.4804
vt 0.66169 0.47637
vt 0.66169 0.47234
vt 0.68125 0.47981
vt 0.89715 0.35159
vt 0.89774 0.35424
vt 0.65635 0.4804
vt 0.958 0.00711
vt 0.9588 0.00519
vt 0.96606 0.01245
vt 0.96606 0.00711
vt 0.96527 0.00519
vt 0.67977 0.47234
vt 0.67982 0.4804
vt 0.89509 0.35159
vt 0.24654 0.44122
vt 0.24654 0.43719
vt 0.22698 0.44466
vt 0.22791 0.43719
vt 0.22639 0.43719
vt 0.22639 0.44324
vt 0.97485 0.37754
vt 0.97485 0.0044
vt 0.2546 0.44254
vt 0.26733 0.53312
vt 0.26733 0.52778
vt 0.25927 0.53312
vt 0.26654 0.52586
vt 0.25927 0.52778
vt 0.26007 0.52586
vt 0.35288 0.42774
vt 0.35155 0.43043
vt 0.35156 0.42774
vt 0.35287 0.43044
vt 0.35154 0.43313
vt 0.35285 0.43582
vt 0.35153 0.43582
vt 0.35154 0.43852
vt 0.35286 0.43852
vt 0.35155 0.44122
vt 0.35287 0.44121
vt 0.35156 0.44391
vt 0.35288 0.44391
vt 0.35156 0.4466
vt 0.35289 0.4466
vt 0.35157 0.4493
vt 0.3529 0.45199
vt 0.35158 0.452
vt 0.3529 0.41966
vt 0.35157 0.42235
vt 0.35158 0.41965
vt 0.35289 0.42235
vt 0.35156 0.42504
vt 0.35289 0.42505
vt 0.63626 0.45244
vt 0.63411 0.45246
vt 0.63159 0.44756
vt 0.34273 0.41178
vt 0.34152 0.40948
vt 0.34343 0.41138
vt 0.33892 0.40958
vt 0.34112 0.41017
vt 0.33632 0.40948
vt 0.33892 0.40878
vt 0.33672 0.41017
vt 0.33441 0.41138
vt 0.63872 0.47376
vt 0.64379 0.47343
vt 0.6437 0.47565
vt 0.33511 0.41179
vt 0.33701 0.41179
vt 0.34083 0.41178
vt 0.64446 0.47789
vt 0.64467 0.47565
vt 0.64479 0.47786
vt 0.63661 0.45325
vt 0.63416 0.45341
vt 0.63428 0.45308
vt 0.33512 0.46146
vt 0.34275 0.45866
vt 0.34275 0.46146
vt 0.64446 0.47341
vt 0.64515 0.47108
vt 0.64479 0.47344
vt 0.60089 0.47958
vt 0.60285 0.47191
vt 0.60287 0.47957
vt 0.34273 0.42113
vt 0.63364 0.44543
vt 0.34384 0.47815
vt 0.33513 0.47578
vt 0.34275 0.47578
vt 0.33511 0.42472
vt 0.34274 0.42292
vt 0.34274 0.42471
vt 0.63087 0.44697
vt 0.63229 0.44427
vt 0.63058 0.44378
vt 0.59792 0.44674
vt 0.59651 0.44378
vt 0.31636 0.436
vt 0.31954 0.43629
vt 0.31684 0.43771
vt 0.63872 0.47755
vt 0.63872 0.47944
vt 0.63778 0.47946
vt 0.63777 0.47186
vt 0.318 0.43906
vt 0.33115 0.39567
vt 0.3335 0.39896
vt 0.33142 0.39858
vt 0.59024 0.45857
vt 0.59353 0.46091
vt 0.58888 0.46083
vt 0.32171 0.40046
vt 0.31976 0.39783
vt 0.33512 0.46427
vt 0.34275 0.46427
vt 0.59607 0.44743
vt 0.59387 0.44477
vt 0.5924 0.44718
vt 0.32002 0.40149
vt 0.31736 0.3993
vt 0.63684 0.47947
vt 0.60484 0.47956
vt 0.60483 0.47191
vt 0.31637 0.40194
vt 0.59503 0.44912
vt 0.59315 0.45883
vt 0.31932 0.40334
vt 0.3193 0.43538
vt 0.32503 0.43954
vt 0.32501 0.44168
vt 0.32014 0.43701
vt 0.33892 0.41178
vt 0.33511 0.42113
vt 0.64436 0.47565
vt 0.33511 0.42292
vt 0.591 0.47193
vt 0.58922 0.4807
vt 0.5892 0.47083
vt 0.63682 0.47185
vt 0.64515 0.48021
vt 0.64481 0.48018
vt 0.32565 0.4397
vt 0.32617 0.44202
vt 0.32582 0.44204
vt 0.63889 0.45294
vt 0.64421 0.47997
vt 0.64379 0.47787
vt 0.64421 0.47132
vt 0.64482 0.47112
vt 0.32551 0.44431
vt 0.63906 0.45367
vt 0.63659 0.4536
vt 0.32624 0.44449
vt 0.6387 0.47187
vt 0.59102 0.4796
vt 0.82519 0.35151
vt 0.82173 0.35474
vt 0.82173 0.35151
vt 0.22639 0.39464
vt 0.22744 0.39211
vt 0.23345 0.39868
vt 0.77686 0.42624
vt 0.77372 0.42219
vt 0.77686 0.42219
vt 0.80647 0.35151
vt 0.80302 0.35474
vt 0.80302 0.35151
vt 0.22998 0.39106
vt 0.8141 0.35474
vt 0.8141 0.35151
vt 0.24106 0.42627
vt 0.24106 0.41805
vt 0.24487 0.41701
vt 0.77375 0.3583
vt 0.77689 0.35426
vt 0.77689 0.3583
vt 0.80809 0.35738
vt 0.80647 0.35474
vt 0.77365 0.44213
vt 0.77658 0.45321
vt 0.77365 0.45321
vt 0.24868 0.39868
vt 0.24869 0.39106
vt 0.25215 0.39106
vt 0.67107 0.45911
vt 0.66843 0.45994
vt 0.66838 0.45879
vt 0.82011 0.35738
vt 0.8141 0.35738
vt 0.96134 0.42649
vt 0.95796 0.42743
vt 0.96045 0.42488
vt 0.66016 0.45408
vt 0.66855 0.45197
vt 0.66843 0.45437
vt 0.66837 0.45677
vt 0.67301 0.4572
vt 0.67146 0.44984
vt 0.66872 0.44995
vt 0.66886 0.44879
vt 0.65506 0.45688
vt 0.65674 0.45738
vt 0.65677 0.46015
vt 0.25215 0.42627
vt 0.77689 0.37385
vt 0.77393 0.3823
vt 0.77386 0.37385
vt 0.65965 0.45573
vt 0.22639 0.42268
vt 0.22639 0.41424
vt 0.23448 0.41423
vt 0.24765 0.41423
vt 0.25574 0.42268
vt 0.25469 0.42522
vt 0.77689 0.37004
vt 0.77686 0.41046
vt 0.77384 0.40664
vt 0.77686 0.40664
vt 0.22998 0.42627
vt 0.22744 0.42522
vt 0.23726 0.41701
vt 0.25574 0.41424
vt 0.24867 0.41042
vt 0.25574 0.41042
vt 0.77658 0.4643
vt 0.23346 0.41042
vt 0.66945 0.44575
vt 0.6571 0.44775
vt 0.65734 0.4445
vt 0.65842 0.45694
vt 0.67269 0.46162
vt 0.66878 0.46297
vt 0.67557 0.4587
vt 0.67378 0.4546
vt 0.67676 0.45474
vt 0.67594 0.45066
vt 0.6733 0.44745
vt 0.65683 0.46335
vt 0.64878 0.4602
vt 0.64893 0.44738
vt 0.64907 0.44403
vt 0.65391 0.4522
vt 0.64878 0.45384
vt 0.22639 0.41042
vt 0.77384 0.37004
vt 0.77381 0.41046
vt 0.95546 0.42998
vt 0.95708 0.43083
vt 0.96046 0.42988
vt 0.96134 0.42829
vt 0.95889 0.4308
vt 0.95545 0.42498
vt 0.95457 0.42657
vt 0.95457 0.42837
vt 0.95883 0.42402
vt 0.95702 0.42406
vt 0.61514 0.45931
vt 0.61683 0.45696
vt 0.61683 0.45931
vt 0.61344 0.45931
vt 0.61514 0.45696
vt 0.61854 0.45931
vt 0.62025 0.45696
vt 0.62025 0.45931
vt 0.61173 0.45931
vt 0.61344 0.45696
vt 0.62194 0.45696
vt 0.62194 0.45931
vt 0.60833 0.45931
vt 0.61004 0.45696
vt 0.61004 0.45931
vt 0.60323 0.45931
vt 0.60494 0.45696
vt 0.60494 0.45931
vt 0.61854 0.45696
vt 0.60663 0.45696
vt 0.60663 0.45931
vt 0.60833 0.45696
vt 0.62364 0.45696
vt 0.62364 0.45931
vt 0.61173 0.45696
vt 0.65338 0.4539
vt 0.65383 0.45562
vt 0.65692 0.45057
vt 0.6552 0.45099
vt 0.65857 0.45111
vt 0.65974 0.45239
vt 0.67323 0.45193
vt 0.77365 0.4643
vt 0.77658 0.46704
vt 0.77364 0.46704
vt 0.77392 0.39545
vt 0.77686 0.3982
vt 0.7739 0.3982
vt 0.82519 0.35474
vt 0.82793 0.35153
vt 0.82793 0.35474
vt 0.77686 0.42898
vt 0.77368 0.42624
vt 0.77658 0.43938
vt 0.77658 0.44213
vt 0.77395 0.38504
vt 0.77689 0.3823
vt 0.77689 0.38504
vt 0.80027 0.35153
vt 0.77689 0.35151
vt 0.7737 0.35426
vt 0.77367 0.35151
vt 0.23344 0.39106
vt 0.22639 0.39868
vt 0.25469 0.39211
vt 0.25574 0.39868
vt 0.25574 0.39464
vt 0.13847 0.62983
vt 0.13695 0.62853
vt 0.13902 0.62888
vt 0.13618 0.63035
vt 0.135 0.62968
vt 0.135 0.63196
vt 0.13689 0.6326
vt 0.13635 0.63355
vt 0.13813 0.6328
vt 0.13841 0.6339
vt 0.14037 0.63275
vt 0.13768 0.63122
vt 0.13927 0.6308
vt 0.14037 0.63048
vt 0.13609 0.63163
vt 0.13723 0.62964
vt 0.32741 0.62968
vt 0.32933 0.62942
vt 0.32836 0.63022
vt 0.32901 0.62833
vt 0.33061 0.6295
vt 0.33244 0.63028
vt 0.33128 0.62832
vt 0.33209 0.63235
vt 0.33133 0.63056
vt 0.33017 0.6326
vt 0.33114 0.6318
vt 0.33049 0.6337
vt 0.32889 0.63252
vt 0.32975 0.63101
vt 0.32706 0.63174
vt 0.32822 0.6337
vt 0.32817 0.63146
vt 0.04039 0.6587
vt 0.03847 0.65896
vt 0.03944 0.65816
vt 0.03879 0.66006
vt 0.03719 0.65888
vt 0.03536 0.6581
vt 0.03652 0.66006
vt 0.03571 0.65604
vt 0.03647 0.65782
vt 0.03763 0.65578
vt 0.03666 0.65658
vt 0.03958 0.65469
vt 0.03731 0.65469
vt 0.03805 0.65737
vt 0.03891 0.65586
vt 0.03963 0.65692
vt 0.04074 0.65664
vt 0.20419 0.64426
vt 0.20393 0.64618
vt 0.20284 0.64586
vt 0.20402 0.64745
vt 0.20284 0.64813
vt 0.2048 0.64929
vt 0.20507 0.64818
vt 0.20686 0.64893
vt 0.20631 0.64798
vt 0.20821 0.64733
vt 0.20703 0.64574
vt 0.20821 0.64506
vt 0.20552 0.6466
vt 0.20711 0.64701
vt 0.20625 0.64391
vt 0.20597 0.64502
vt 0.20473 0.64521
vt 0.11217 0.639
vt 0.11087 0.64052
vt 0.11122 0.63846
vt 0.11198 0.64024
vt 0.11203 0.64248
vt 0.1127 0.6413
vt 0.1143 0.64248
vt 0.11397 0.64138
vt 0.1159 0.64113
vt 0.11514 0.63934
vt 0.11625 0.63906
vt 0.11442 0.63829
vt 0.11509 0.63711
vt 0.11356 0.63979
vt 0.11495 0.64059
vt 0.11315 0.6382
vt 0.11282 0.63711
vt 0.14681 0.61916
vt 0.14605 0.61738
vt 0.14715 0.6171
vt 0.146 0.61514
vt 0.14406 0.61624
vt 0.14373 0.61514
vt 0.14308 0.61703
vt 0.14213 0.61649
vt 0.14289 0.61828
vt 0.14178 0.61856
vt 0.14294 0.62052
vt 0.14447 0.61783
vt 0.14361 0.61933
vt 0.14521 0.62052
vt 0.14488 0.61942
vt 0.14533 0.61632
vt 0.14586 0.61862
vt 0.29514 0.59957
vt 0.29697 0.59879
vt 0.29581 0.60075
vt 0.29586 0.59851
vt 0.29662 0.59673
vt 0.2947 0.59647
vt 0.29502 0.59537
vt 0.29342 0.59655
vt 0.29275 0.59537
vt 0.2927 0.59761
vt 0.29159 0.59733
vt 0.29289 0.59885
vt 0.29194 0.59939
vt 0.29428 0.59806
vt 0.29386 0.59965
vt 0.29354 0.60075
vt 0.29567 0.59727
vt 0.24411 0.63327
vt 0.24232 0.63403
vt 0.24205 0.63292
vt 0.24127 0.63475
vt 0.24009 0.63408
vt 0.24118 0.63602
vt 0.24009 0.63635
vt 0.24198 0.637
vt 0.24144 0.63795
vt 0.24322 0.63719
vt 0.2435 0.6383
vt 0.24546 0.63715
vt 0.24277 0.63561
vt 0.24428 0.63647
vt 0.24546 0.63487
vt 0.24357 0.63422
vt 0.24436 0.6352
vt 0.06576 0.62448
vt 0.06551 0.6264
vt 0.06441 0.62607
vt 0.06559 0.62767
vt 0.06441 0.62835
vt 0.06637 0.6295
vt 0.06789 0.6282
vt 0.06843 0.62915
vt 0.06869 0.62723
vt 0.06978 0.62755
vt 0.0686 0.62595
vt 0.06978 0.62528
vt 0.0671 0.62681
vt 0.06783 0.62413
vt 0.06755 0.62524
vt 0.06664 0.62839
vt 0.06631 0.62543
vt 0.14275 0.64907
vt 0.1428 0.64683
vt 0.1439 0.64711
vt 0.1426 0.64559
vt 0.14356 0.64505
vt 0.14196 0.6437
vt 0.14036 0.64488
vt 0.13969 0.6437
vt 0.13964 0.64593
vt 0.13853 0.64565
vt 0.13983 0.64717
vt 0.13888 0.64772
vt 0.14122 0.64638
vt 0.1408 0.64797
vt 0.14048 0.64907
vt 0.14163 0.64479
vt 0.14208 0.64789
vt 0.07006 0.60176
vt 0.07188 0.60099
vt 0.07073 0.60295
vt 0.07077 0.60071
vt 0.07153 0.59892
vt 0.07058 0.59947
vt 0.06993 0.59757
vt 0.06834 0.59875
vt 0.06766 0.59757
vt 0.06762 0.5998
vt 0.06651 0.59953
vt 0.06781 0.60105
vt 0.06686 0.60159
vt 0.0692 0.60026
vt 0.06878 0.60185
vt 0.06846 0.60294
vt 0.06961 0.59867
vt 0.31125 0.59979
vt 0.31015 0.59785
vt 0.31125 0.59752
vt 0.30989 0.59592
vt 0.30811 0.59668
vt 0.30783 0.59558
vt 0.30588 0.59674
vt 0.30697 0.59868
vt 0.30588 0.59901
vt 0.30724 0.60061
vt 0.30856 0.59827
vt 0.30706 0.59741
vt 0.30902 0.59984
vt 0.3093 0.60095
vt 0.30935 0.59688
vt 0.31007 0.59913
vt 0.26175 0.61055
vt 0.26359 0.60977
vt 0.26243 0.61173
vt 0.26229 0.60825
vt 0.26324 0.60771
vt 0.26132 0.60745
vt 0.26164 0.60636
vt 0.26004 0.60753
vt 0.25937 0.60636
vt 0.25932 0.60859
vt 0.25821 0.60831
vt 0.25856 0.61037
vt 0.2609 0.60904
vt 0.25951 0.60983
vt 0.26015 0.61173
vt 0.26048 0.61063
vt 0.26248 0.6095
vt 0.34791 0.63252
vt 0.34951 0.6337
vt 0.34724 0.6337
vt 0.34918 0.6326
vt 0.35111 0.63235
vt 0.35016 0.63181
vt 0.35146 0.63028
vt 0.35035 0.63057
vt 0.3503 0.62833
vt 0.34963 0.62951
vt 0.34803 0.62833
vt 0.34738 0.63022
vt 0.34643 0.62968
vt 0.34877 0.63101
vt 0.34836 0.62942
vt 0.34719 0.63146
vt 0.34608 0.63174
vt 0.35085 0.60953
vt 0.3509 0.6073
vt 0.35201 0.60757
vt 0.35166 0.60551
vt 0.34974 0.60525
vt 0.35006 0.60416
vt 0.34779 0.60415
vt 0.34774 0.60638
vt 0.34663 0.60611
vt 0.34698 0.60817
vt 0.34932 0.60684
vt 0.34846 0.60533
vt 0.3489 0.60843
vt 0.34858 0.60953
vt 0.35071 0.60605
vt 0.35018 0.60835
vt 0.33538 0.59742
vt 0.3342 0.59901
vt 0.3342 0.59674
vt 0.33529 0.59869
vt 0.33554 0.60061
vt 0.33608 0.59966
vt 0.33761 0.60097
vt 0.33733 0.59986
vt 0.33957 0.59982
vt 0.33847 0.59787
vt 0.33957 0.59754
vt 0.33768 0.59689
vt 0.33822 0.59594
vt 0.33688 0.59828
vt 0.33838 0.59915
vt 0.33616 0.59559
vt 0.33643 0.5967
vt 0.0569 0.60352
vt 0.05807 0.60192
vt 0.05808 0.60419
vt 0.05618 0.60127
vt 0.05672 0.60032
vt 0.05465 0.59998
vt 0.05493 0.60108
vt 0.0527 0.60114
vt 0.0538 0.60308
vt 0.05271 0.60341
vt 0.0546 0.60405
vt 0.05406 0.605
vt 0.05539 0.60266
vt 0.05388 0.60181
vt 0.05613 0.60535
vt 0.05584 0.60424
vt 0.05698 0.60224
vt 0.35063 0.58995
vt 0.34903 0.58878
vt 0.3513 0.58877
vt 0.34838 0.59068
vt 0.34743 0.59014
vt 0.34709 0.5922
vt 0.34819 0.59192
vt 0.34825 0.59416
vt 0.35019 0.59305
vt 0.35052 0.59415
vt 0.35116 0.59225
vt 0.35212 0.59279
vt 0.34977 0.59146
vt 0.34892 0.59297
vt 0.35246 0.59073
vt 0.35135 0.59101
vt 0.34935 0.58988
vt 0.23682 0.59467
vt 0.23493 0.59532
vt 0.23628 0.59372
vt 0.23602 0.59564
vt 0.23493 0.59759
vt 0.23716 0.59764
vt 0.23688 0.59875
vt 0.2384 0.59745
vt 0.23894 0.5984
vt 0.2403 0.5968
vt 0.23912 0.5952
vt 0.2403 0.59453
vt 0.23761 0.59606
vt 0.2392 0.59648
vt 0.23834 0.59337
vt 0.23807 0.59448
vt 0.23611 0.59692
vt 0.25256 0.59247
vt 0.25104 0.59117
vt 0.2531 0.59152
vt 0.25026 0.593
vt 0.24909 0.59233
vt 0.24909 0.59461
vt 0.25018 0.59428
vt 0.25044 0.5962
vt 0.25222 0.59544
vt 0.2525 0.59655
vt 0.25328 0.59472
vt 0.25446 0.59539
vt 0.25177 0.59386
vt 0.25098 0.59525
vt 0.25446 0.59312
vt 0.25336 0.59345
vt 0.25132 0.59228
vt 0.21567 0.63574
vt 0.21592 0.63382
vt 0.21702 0.63414
vt 0.21702 0.63187
vt 0.21478 0.63183
vt 0.21506 0.63072
vt 0.21354 0.63203
vt 0.213 0.63108
vt 0.21165 0.63268
vt 0.21274 0.633
vt 0.21165 0.63495
vt 0.21433 0.63341
vt 0.21389 0.63499
vt 0.21361 0.6361
vt 0.21513 0.63479
vt 0.21584 0.63255
vt 0.03926 0.64454
vt 0.04105 0.64378
vt 0.04133 0.64489
vt 0.04329 0.64374
vt 0.04219 0.64179
vt 0.04328 0.64146
vt 0.04139 0.64082
vt 0.04193 0.63987
vt 0.03987 0.63952
vt 0.04015 0.64062
vt 0.03791 0.64067
vt 0.0406 0.6422
vt 0.03901 0.64262
vt 0.03791 0.64294
vt 0.0421 0.64306
vt 0.03981 0.64359
vt 0.09222 0.64278
vt 0.09352 0.64126
vt 0.09317 0.64333
vt 0.09169 0.64048
vt 0.09237 0.6393
vt 0.09042 0.6404
vt 0.09009 0.63931
vt 0.08945 0.6412
vt 0.0885 0.64066
vt 0.08814 0.64272
vt 0.08925 0.64244
vt 0.0893 0.64468
vt 0.09083 0.64199
vt 0.08997 0.6435
vt 0.09157 0.64468
vt 0.09125 0.64358
vt 0.09241 0.64154
vt 0.95693 0.56889
vt 0.95882 0.56825
vt 0.95747 0.56984
vt 0.95764 0.56665
vt 0.95882 0.56597
vt 0.95658 0.56593
vt 0.95686 0.56482
vt 0.95534 0.56613
vt 0.9548 0.56518
vt 0.95345 0.56678
vt 0.95455 0.5671
vt 0.95345 0.56905
vt 0.95614 0.56751
vt 0.95463 0.56837
vt 0.95541 0.5702
vt 0.95569 0.56909
vt 0.95772 0.56792
vt 0.32193 0.59966
vt 0.32345 0.60096
vt 0.32139 0.60061
vt 0.32317 0.59985
vt 0.32541 0.5998
vt 0.32423 0.59913
vt 0.32541 0.59753
vt 0.32431 0.59786
vt 0.32405 0.59593
vt 0.32227 0.59669
vt 0.32199 0.59558
vt 0.32121 0.59741
vt 0.32003 0.59674
vt 0.32272 0.59827
vt 0.32351 0.59688
vt 0.32113 0.59869
vt 0.32003 0.59901
vt 0.15558 0.62318
vt 0.15748 0.62382
vt 0.15694 0.62477
vt 0.15558 0.62091
vt 0.15668 0.62285
vt 0.15754 0.61975
vt 0.15676 0.62158
vt 0.1596 0.62009
vt 0.15782 0.62086
vt 0.16096 0.62169
vt 0.15906 0.62104
vt 0.15978 0.62329
vt 0.15986 0.62202
vt 0.15827 0.62243
vt 0.159 0.62512
vt 0.16096 0.62396
vt 0.15872 0.62401
vt 0.28121 0.6069
vt 0.28299 0.60766
vt 0.28175 0.60785
vt 0.28523 0.60771
vt 0.28327 0.60655
vt 0.28413 0.60965
vt 0.28405 0.60838
vt 0.28388 0.61158
vt 0.28523 0.60998
vt 0.28181 0.61193
vt 0.28333 0.61063
vt 0.28103 0.6101
vt 0.28209 0.61082
vt 0.28254 0.60924
vt 0.27986 0.6085
vt 0.27986 0.61077
vt 0.28095 0.60882
vt 0.26862 0.59313
vt 0.26672 0.59248
vt 0.26726 0.59153
vt 0.26862 0.5954
vt 0.26752 0.59345
vt 0.26639 0.59545
vt 0.26744 0.59473
vt 0.26667 0.59656
vt 0.26514 0.59526
vt 0.26325 0.59462
vt 0.2646 0.59621
vt 0.26324 0.59235
vt 0.26434 0.59429
vt 0.26593 0.59387
vt 0.26442 0.59302
vt 0.26548 0.59229
vt 0.2652 0.59118
vt 0.19592 0.61414
vt 0.19744 0.61284
vt 0.19798 0.61379
vt 0.19396 0.61298
vt 0.1962 0.61303
vt 0.19506 0.61103
vt 0.19514 0.61231
vt 0.19396 0.61071
vt 0.19586 0.61007
vt 0.19738 0.60876
vt 0.19532 0.60911
vt 0.19934 0.60992
vt 0.1971 0.60987
vt 0.19665 0.61145
vt 0.19816 0.61059
vt 0.19824 0.61186
vt 0.19933 0.61219
vt 0.15318 0.63327
vt 0.15343 0.63519
vt 0.15263 0.63422
vt 0.15453 0.63714
vt 0.15453 0.63487
vt 0.1523 0.63719
vt 0.15335 0.63647
vt 0.15257 0.6383
vt 0.15105 0.637
vt 0.14916 0.63635
vt 0.15051 0.63795
vt 0.14916 0.63408
vt 0.15026 0.63603
vt 0.15184 0.63561
vt 0.15034 0.63475
vt 0.15112 0.63292
vt 0.15139 0.63403
vt 0.21198 0.59532
vt 0.21008 0.59468
vt 0.21062 0.59373
vt 0.2108 0.59693
vt 0.21088 0.59565
vt 0.21198 0.5976
vt 0.20975 0.59765
vt 0.21003 0.59876
vt 0.20851 0.59746
vt 0.20661 0.59681
vt 0.20797 0.59841
vt 0.2066 0.59454
vt 0.20771 0.59649
vt 0.20929 0.59607
vt 0.20778 0.59521
vt 0.20856 0.59338
vt 0.20884 0.59449
vt 0.08641 0.62317
vt 0.0883 0.62382
vt 0.08776 0.62477
vt 0.08641 0.6209
vt 0.0875 0.62285
vt 0.08836 0.61974
vt 0.08758 0.62157
vt 0.09042 0.62009
vt 0.08864 0.62085
vt 0.09068 0.62201
vt 0.08988 0.62104
vt 0.09178 0.62168
vt 0.0906 0.62329
vt 0.08909 0.62243
vt 0.09178 0.62396
vt 0.08955 0.62401
vt 0.08982 0.62512
vt 0.29475 0.61296
vt 0.29698 0.61302
vt 0.2967 0.61412
vt 0.29822 0.61283
vt 0.29877 0.61378
vt 0.30012 0.61218
vt 0.29895 0.61058
vt 0.30012 0.60991
vt 0.29817 0.60875
vt 0.29665 0.61005
vt 0.2961 0.6091
vt 0.29744 0.61144
vt 0.29789 0.60986
vt 0.29475 0.61069
vt 0.29585 0.61102
vt 0.29902 0.61186
vt 0.29593 0.61229
vt 0.26423 0.48076
vt 0.26615 0.48102
vt 0.26583 0.48211
vt 0.2681 0.48211
vt 0.26815 0.47988
vt 0.26926 0.48016
vt 0.2689 0.47809
vt 0.26795 0.47864
vt 0.26731 0.47674
vt 0.2657 0.47792
vt 0.26503 0.47674
vt 0.26656 0.47943
vt 0.26698 0.47784
vt 0.26388 0.4787
vt 0.26499 0.47897
vt 0.26742 0.48094
vt 0.26518 0.48022
vt 0.27859 0.5952
vt 0.27741 0.5968
vt 0.27741 0.59453
vt 0.27931 0.59745
vt 0.27876 0.5984
vt 0.28055 0.59764
vt 0.28083 0.59875
vt 0.2816 0.59693
vt 0.28278 0.5976
vt 0.28169 0.59565
vt 0.28278 0.59533
vt 0.28089 0.59468
vt 0.28143 0.59373
vt 0.2801 0.59607
vt 0.27965 0.59449
vt 0.27937 0.59338
vt 0.27851 0.59648
vt 0.18104 0.63911
vt 0.18287 0.63833
vt 0.18171 0.64029
vt 0.18176 0.63805
vt 0.18252 0.63627
vt 0.18157 0.63681
vt 0.18092 0.63491
vt 0.17932 0.63609
vt 0.17865 0.63491
vt 0.17749 0.63687
vt 0.1786 0.63715
vt 0.17784 0.63893
vt 0.18018 0.6376
vt 0.17976 0.63919
vt 0.17944 0.64029
vt 0.1806 0.63601
vt 0.2028 0.62399
vt 0.20504 0.62402
vt 0.20477 0.62513
vt 0.20683 0.62478
vt 0.20707 0.62285
vt 0.20817 0.62317
vt 0.20816 0.6209
vt 0.20593 0.62086
vt 0.2062 0.61975
vt 0.20414 0.62011
vt 0.20548 0.62244
vt 0.20699 0.62158
vt 0.20389 0.62204
vt 0.2028 0.62171
vt 0.20628 0.62383
vt 0.20398 0.62331
vt 0.95452 0.58203
vt 0.95335 0.58364
vt 0.95334 0.58136
vt 0.95524 0.58428
vt 0.9547 0.58523
vt 0.95649 0.58447
vt 0.95677 0.58558
vt 0.95872 0.58441
vt 0.95762 0.58247
vt 0.95872 0.58214
vt 0.95682 0.5815
vt 0.95736 0.58055
vt 0.95603 0.58289
vt 0.95754 0.58375
vt 0.95558 0.58131
vt 0.9553 0.5802
vt 0.95444 0.5833
vt 0.19244 0.59956
vt 0.19427 0.59878
vt 0.19312 0.60075
vt 0.19297 0.59726
vt 0.19392 0.59672
vt 0.19232 0.59537
vt 0.192 0.59647
vt 0.19005 0.59537
vt 0.19 0.59761
vt 0.18889 0.59733
vt 0.18925 0.59939
vt 0.19158 0.59806
vt 0.19072 0.59655
vt 0.1902 0.59885
vt 0.19085 0.60074
vt 0.19117 0.59965
vt 0.19316 0.59851
vt 0.13196 0.6145
vt 0.13314 0.6129
vt 0.13314 0.61517
vt 0.13124 0.61225
vt 0.13178 0.6113
vt 0.13 0.61206
vt 0.12972 0.61095
vt 0.12894 0.61278
vt 0.12777 0.61211
vt 0.12777 0.61439
vt 0.12886 0.61406
vt 0.12912 0.61598
vt 0.13045 0.61364
vt 0.13091 0.61522
vt 0.13118 0.61633
vt 0.13204 0.61322
vt 0.22208 0.61937
vt 0.22131 0.61754
vt 0.22326 0.61871
vt 0.22103 0.61865
vt 0.21925 0.61788
vt 0.21898 0.61981
vt 0.21789 0.61947
vt 0.21906 0.62108
vt 0.21788 0.62175
vt 0.21983 0.62291
vt 0.22011 0.62181
vt 0.2219 0.62257
vt 0.22057 0.62023
vt 0.22216 0.62065
vt 0.22325 0.62098
vt 0.21978 0.61884
vt 0.05331 0.62815
vt 0.05253 0.62632
vt 0.05448 0.62748
vt 0.05226 0.62743
vt 0.05047 0.62667
vt 0.05101 0.62762
vt 0.04911 0.62827
vt 0.05029 0.62987
vt 0.04911 0.63054
vt 0.05106 0.6317
vt 0.05135 0.63059
vt 0.05313 0.63135
vt 0.0518 0.62901
vt 0.05339 0.62943
vt 0.05448 0.62975
vt 0.05021 0.62859
vt 0.1928 0.65032
vt 0.1917 0.64837
vt 0.19279 0.64805
vt 0.1909 0.6474
vt 0.19144 0.64645
vt 0.18965 0.64721
vt 0.18938 0.6461
vt 0.1886 0.64793
vt 0.18742 0.64726
vt 0.18742 0.64953
vt 0.18852 0.64921
vt 0.18878 0.65113
vt 0.19011 0.64879
vt 0.18932 0.65018
vt 0.19084 0.65148
vt 0.19056 0.65037
vt 0.19162 0.64965
vt 0.2546 0.62329
vt 0.25578 0.62169
vt 0.25578 0.62396
vt 0.25469 0.62202
vt 0.25443 0.62009
vt 0.25264 0.62085
vt 0.25236 0.61975
vt 0.25159 0.62158
vt 0.25041 0.62091
vt 0.25041 0.62318
vt 0.25151 0.62285
vt 0.25176 0.62477
vt 0.2531 0.62243
vt 0.25355 0.62401
vt 0.25383 0.62512
vt 0.25389 0.62104
vt 0.32675 0.61059
vt 0.32557 0.61219
vt 0.32557 0.60992
vt 0.32666 0.61186
vt 0.32692 0.61379
vt 0.32871 0.61303
vt 0.32898 0.61413
vt 0.32976 0.6123
vt 0.33094 0.61298
vt 0.33094 0.6107
vt 0.32984 0.61103
vt 0.32959 0.6091
vt 0.32825 0.61145
vt 0.32904 0.61006
vt 0.32752 0.60876
vt 0.32746 0.61284
vt 0.3278 0.60987
vt 0.15028 0.59298
vt 0.15211 0.5922
vt 0.15095 0.59416
vt 0.151 0.59193
vt 0.15176 0.59014
vt 0.15081 0.59068
vt 0.15017 0.58878
vt 0.14856 0.58996
vt 0.1479 0.58878
vt 0.14785 0.59102
vt 0.14674 0.59074
vt 0.14804 0.59226
vt 0.14709 0.5928
vt 0.14942 0.59147
vt 0.14901 0.59306
vt 0.14868 0.59416
vt 0.14984 0.58988
vt 0.05019 0.61832
vt 0.05024 0.61608
vt 0.05135 0.61636
vt 0.05005 0.61484
vt 0.051 0.61429
vt 0.04908 0.61403
vt 0.04941 0.61294
vt 0.04781 0.61412
vt 0.04713 0.61294
vt 0.04598 0.61489
vt 0.04708 0.61517
vt 0.04632 0.61696
vt 0.04866 0.61562
vt 0.04727 0.61641
vt 0.04792 0.61831
vt 0.04824 0.61721
vt 0.04952 0.61713
vt 0.16673 0.63292
vt 0.16521 0.63422
vt 0.16467 0.63327
vt 0.16869 0.63408
vt 0.16645 0.63403
vt 0.16759 0.63603
vt 0.16751 0.63475
vt 0.16869 0.63635
vt 0.16679 0.637
vt 0.16733 0.63795
vt 0.16555 0.63719
vt 0.16527 0.6383
vt 0.16449 0.63647
vt 0.166 0.63561
vt 0.16331 0.63487
vt 0.16331 0.63714
vt 0.16441 0.63519
vt 0.07841 0.61393
vt 0.08002 0.61276
vt 0.08069 0.61394
vt 0.07682 0.61257
vt 0.07874 0.61284
vt 0.07648 0.6105
vt 0.07778 0.61203
vt 0.07832 0.60974
vt 0.07759 0.61079
vt 0.07992 0.60856
vt 0.07765 0.60856
vt 0.08056 0.61046
vt 0.07959 0.60966
vt 0.07917 0.61125
vt 0.08151 0.60992
vt 0.08075 0.61171
vt 0.08185 0.61199
vt 0.16299 0.58898
vt 0.16222 0.59081
vt 0.16104 0.59014
vt 0.16505 0.58934
vt 0.16327 0.59009
vt 0.16641 0.59093
vt 0.16451 0.59029
vt 0.16523 0.59254
vt 0.16531 0.59126
vt 0.16445 0.59436
vt 0.16641 0.59321
vt 0.16293 0.59306
vt 0.16417 0.59325
vt 0.16372 0.59167
vt 0.16239 0.59401
vt 0.16213 0.59209
vt 0.16104 0.59242
vt 0.15818 0.64953
vt 0.157 0.64793
vt 0.15818 0.64726
vt 0.15628 0.65018
vt 0.15708 0.64921
vt 0.15683 0.65113
vt 0.15504 0.65037
vt 0.15477 0.65148
vt 0.15398 0.64965
vt 0.1528 0.64806
vt 0.1528 0.65033
vt 0.15415 0.64646
vt 0.1539 0.64838
vt 0.15549 0.64879
vt 0.1547 0.64741
vt 0.15622 0.64611
vt 0.15594 0.64721
vt 0.16975 0.62169
vt 0.17093 0.62329
vt 0.16974 0.62396
vt 0.1711 0.6201
vt 0.17084 0.62202
vt 0.17289 0.62085
vt 0.17164 0.62105
vt 0.17317 0.61975
vt 0.17394 0.62158
vt 0.17512 0.62318
vt 0.17512 0.62091
vt 0.17322 0.62382
vt 0.17402 0.62285
vt 0.17243 0.62243
vt 0.1717 0.62512
vt 0.17377 0.62477
vt 0.17198 0.62401
vt 0.22076 0.64928
vt 0.22154 0.64745
vt 0.22272 0.64812
vt 0.2187 0.64893
vt 0.22049 0.64817
vt 0.21844 0.64701
vt 0.21924 0.64798
vt 0.21735 0.64734
vt 0.21852 0.64573
vt 0.2193 0.6439
vt 0.21734 0.64507
vt 0.22136 0.64425
vt 0.21958 0.64501
vt 0.22003 0.64659
vt 0.22082 0.6452
vt 0.22162 0.64618
vt 0.22271 0.64585
vt 0.26779 0.62075
vt 0.26962 0.62153
vt 0.26895 0.62271
vt 0.26814 0.61869
vt 0.2689 0.62047
vt 0.26973 0.61734
vt 0.26909 0.61923
vt 0.27133 0.61851
vt 0.27006 0.61843
vt 0.272 0.61733
vt 0.27206 0.61956
vt 0.27282 0.62135
vt 0.27316 0.61929
vt 0.27048 0.62002
vt 0.27187 0.62081
vt 0.27089 0.62161
vt 0.27122 0.62271
vt 0.1098 0.62271
vt 0.1114 0.62153
vt 0.11207 0.62271
vt 0.10915 0.62081
vt 0.11013 0.62161
vt 0.1082 0.62136
vt 0.10896 0.61957
vt 0.10786 0.61929
vt 0.10968 0.61852
vt 0.11129 0.61733
vt 0.10901 0.61733
vt 0.11288 0.61869
vt 0.11096 0.61843
vt 0.11054 0.62002
vt 0.11193 0.61923
vt 0.11323 0.62075
vt 0.11212 0.62048
vt 0.30994 0.63547
vt 0.30815 0.63623
vt 0.30788 0.63512
vt 0.30592 0.63627
vt 0.30701 0.63822
vt 0.30592 0.63854
vt 0.30781 0.63919
vt 0.30727 0.64014
vt 0.30933 0.6405
vt 0.31011 0.63867
vt 0.31129 0.63935
vt 0.3086 0.63781
vt 0.30905 0.63939
vt 0.31129 0.63707
vt 0.30939 0.63642
vt 0.3071 0.63695
vt 0.31019 0.6374
vt 0.10072 0.63261
vt 0.10224 0.63391
vt 0.10018 0.63355
vt 0.10302 0.63208
vt 0.1042 0.63275
vt 0.1042 0.63048
vt 0.1023 0.62983
vt 0.10285 0.62888
vt 0.10078 0.62853
vt 0.1 0.63036
vt 0.09883 0.62968
vt 0.10151 0.63122
vt 0.10106 0.62964
vt 0.09992 0.63164
vt 0.09883 0.63196
vt 0.1031 0.63081
vt 0.10196 0.6328
vt 0.18326 0.61006
vt 0.18174 0.60876
vt 0.1838 0.60911
vt 0.18202 0.60987
vt 0.17978 0.60991
vt 0.18096 0.61059
vt 0.17979 0.61219
vt 0.18088 0.61186
vt 0.18114 0.61378
vt 0.18292 0.61302
vt 0.1832 0.61413
vt 0.18398 0.6123
vt 0.18516 0.61298
vt 0.18247 0.61145
vt 0.18168 0.61283
vt 0.18406 0.61103
vt 0.18516 0.61071
vt 0.19749 0.637
vt 0.19938 0.63635
vt 0.19803 0.63795
vt 0.1982 0.63475
vt 0.19938 0.63408
vt 0.19714 0.63403
vt 0.19742 0.63292
vt 0.1959 0.63422
vt 0.19536 0.63327
vt 0.19401 0.63487
vt 0.1951 0.63519
vt 0.19401 0.63714
vt 0.19669 0.63561
vt 0.19519 0.63647
vt 0.19596 0.63829
vt 0.19624 0.63719
vt 0.19828 0.63602
vt 0.2312 0.63613
vt 0.2299 0.63461
vt 0.23085 0.63406
vt 0.23005 0.63809
vt 0.2301 0.63585
vt 0.2281 0.63699
vt 0.22938 0.63691
vt 0.22778 0.63809
vt 0.22713 0.63619
vt 0.22583 0.63467
vt 0.22618 0.63674
vt 0.22765 0.63389
vt 0.22694 0.63495
vt 0.22852 0.6354
vt 0.22925 0.63271
vt 0.22698 0.63271
vt 0.22893 0.63381
vt 0.06598 0.6113
vt 0.06624 0.61323
vt 0.06544 0.61225
vt 0.06734 0.61517
vt 0.06734 0.6129
vt 0.0651 0.61522
vt 0.06615 0.6145
vt 0.06538 0.61633
vt 0.06385 0.61503
vt 0.06196 0.61438
vt 0.06332 0.61598
vt 0.06314 0.61278
vt 0.06306 0.61405
vt 0.06465 0.61364
vt 0.06196 0.61211
vt 0.06419 0.61206
vt 0.06392 0.61095
vt 0.04956 0.65664
vt 0.05086 0.65816
vt 0.04991 0.6587
vt 0.05072 0.65469
vt 0.05067 0.65692
vt 0.05299 0.65468
vt 0.05139 0.65586
vt 0.05363 0.65658
vt 0.05266 0.65578
vt 0.05493 0.6581
vt 0.05458 0.65604
vt 0.05378 0.66006
vt 0.05383 0.65782
vt 0.05225 0.65737
vt 0.05311 0.65888
vt 0.05183 0.65896
vt 0.05151 0.66006
vt 0.17972 0.59939
vt 0.1778 0.59965
vt 0.17877 0.59885
vt 0.17812 0.60074
vt 0.17652 0.59956
vt 0.17584 0.60074
vt 0.1758 0.59851
vt 0.17469 0.59878
vt 0.176 0.59726
vt 0.17665 0.59537
vt 0.17505 0.59672
vt 0.17892 0.59537
vt 0.17697 0.59647
vt 0.17738 0.59806
vt 0.17824 0.59655
vt 0.18007 0.59733
vt 0.17896 0.5976
vt 0.13512 0.59947
vt 0.13382 0.60098
vt 0.13417 0.59892
vt 0.13493 0.60071
vt 0.13497 0.60294
vt 0.13692 0.60185
vt 0.13724 0.60294
vt 0.13884 0.60159
vt 0.13809 0.59981
vt 0.1392 0.59953
vt 0.13805 0.59757
vt 0.13651 0.60026
vt 0.13789 0.60105
vt 0.13609 0.59867
vt 0.13577 0.59757
vt 0.13565 0.60176
vt 0.31647 0.62324
vt 0.31457 0.62389
vt 0.31593 0.62229
vt 0.31575 0.62549
vt 0.31457 0.62616
vt 0.31653 0.62731
vt 0.31681 0.62621
vt 0.31859 0.62696
vt 0.31805 0.62602
vt 0.31995 0.62537
vt 0.31885 0.62505
vt 0.31995 0.62309
vt 0.31726 0.62463
vt 0.31877 0.62377
vt 0.31799 0.62194
vt 0.31771 0.62305
vt 0.31567 0.62421
vt 0.12273 0.62821
vt 0.12426 0.62951
vt 0.12219 0.62916
vt 0.12503 0.62768
vt 0.12621 0.62835
vt 0.12512 0.62641
vt 0.12621 0.62608
vt 0.12432 0.62544
vt 0.12486 0.62449
vt 0.12279 0.62413
vt 0.12307 0.62524
vt 0.12084 0.62529
vt 0.12353 0.62682
vt 0.12194 0.62724
vt 0.12084 0.62756
vt 0.12398 0.6284
vt 0.09848 0.61006
vt 0.09658 0.61071
vt 0.09794 0.60911
vt 0.09768 0.61103
vt 0.09658 0.61298
vt 0.09776 0.61231
vt 0.09854 0.61413
vt 0.10006 0.61283
vt 0.1006 0.61378
vt 0.10195 0.61219
vt 0.10086 0.61186
vt 0.10196 0.60991
vt 0.09927 0.61145
vt 0.09972 0.60987
vt 0.1 0.60876
vt 0.09882 0.61303
vt 0.10596 0.59687
vt 0.10406 0.59751
vt 0.10542 0.59592
vt 0.10523 0.59911
vt 0.10405 0.59978
vt 0.10629 0.59984
vt 0.106 0.60094
vt 0.10807 0.6006
vt 0.10833 0.59868
vt 0.10942 0.59901
vt 0.10943 0.59673
vt 0.10674 0.59826
vt 0.10753 0.59965
vt 0.10825 0.59741
vt 0.10748 0.59557
vt 0.1072 0.59668
vt 0.10515 0.59784
vt 0.126 0.64278
vt 0.12665 0.64468
vt 0.12505 0.64333
vt 0.12697 0.64358
vt 0.12892 0.64468
vt 0.12824 0.6435
vt 0.13007 0.64272
vt 0.12896 0.64244
vt 0.12972 0.64066
vt 0.12877 0.6412
vt 0.12812 0.6393
vt 0.12652 0.64048
vt 0.12584 0.6393
vt 0.12738 0.64199
vt 0.12779 0.6404
vt 0.12469 0.64126
vt 0.1258 0.64154
vt 0.05609 0.64454
vt 0.05431 0.64378
vt 0.05555 0.64359
vt 0.05207 0.64373
vt 0.05403 0.64489
vt 0.05317 0.64179
vt 0.05325 0.64306
vt 0.05343 0.63986
vt 0.05207 0.64146
vt 0.05549 0.63951
vt 0.05397 0.64082
vt 0.05745 0.64067
vt 0.05521 0.64062
vt 0.05476 0.6422
vt 0.05626 0.64134
vt 0.05744 0.64294
vt 0.05635 0.64261
vt 0.11671 0.60974
vt 0.11824 0.60844
vt 0.11878 0.60939
vt 0.11476 0.60858
vt 0.11699 0.60863
vt 0.11586 0.60664
vt 0.11594 0.60791
vt 0.11476 0.60631
vt 0.11665 0.60567
vt 0.11818 0.60436
vt 0.11611 0.60471
vt 0.11895 0.60619
vt 0.1179 0.60547
vt 0.11745 0.60705
vt 0.12014 0.60552
vt 0.11903 0.60747
vt 0.12013 0.60779
vt 0.10494 0.65151
vt 0.10364 0.64999
vt 0.10459 0.64944
vt 0.10311 0.65229
vt 0.10383 0.65123
vt 0.10379 0.65347
vt 0.10184 0.65237
vt 0.10151 0.65346
vt 0.10087 0.65157
vt 0.09956 0.65005
vt 0.09992 0.65211
vt 0.10072 0.64809
vt 0.10067 0.65033
vt 0.10225 0.65078
vt 0.10139 0.64927
vt 0.10299 0.64809
vt 0.10267 0.64919
vt 0.02661 0.6559
vt 0.02531 0.65438
vt 0.02626 0.65384
vt 0.02546 0.65786
vt 0.0255 0.65562
vt 0.02351 0.65676
vt 0.02479 0.65668
vt 0.02319 0.65786
vt 0.02254 0.65596
vt 0.02124 0.65445
vt 0.02159 0.65651
vt 0.02239 0.65249
vt 0.02235 0.65472
vt 0.02392 0.65517
vt 0.02306 0.65367
vt 0.02434 0.65358
vt 0.02466 0.65249
vt 0.30042 0.62537
vt 0.30232 0.62602
vt 0.30177 0.62697
vt 0.30042 0.6231
vt 0.30152 0.62505
vt 0.30266 0.62305
vt 0.3016 0.62377
vt 0.30238 0.62194
vt 0.3039 0.62324
vt 0.30579 0.62389
vt 0.30444 0.62229
vt 0.30579 0.62616
vt 0.3047 0.62422
vt 0.30311 0.62463
vt 0.30461 0.62549
vt 0.30384 0.62732
vt 0.30356 0.62621
vt 0.33956 0.61734
vt 0.33892 0.61924
vt 0.33797 0.61869
vt 0.34184 0.61733
vt 0.33989 0.61844
vt 0.34189 0.61957
vt 0.34117 0.61852
vt 0.34299 0.61929
vt 0.34169 0.62082
vt 0.34264 0.62136
vt 0.34072 0.62162
vt 0.34105 0.62271
vt 0.33945 0.62153
vt 0.34031 0.62003
vt 0.33762 0.62076
vt 0.33878 0.62271
vt 0.33873 0.62048
vt 0.72445 0.51087
vt 0.72285 0.5097
vt 0.72512 0.50969
vt 0.72318 0.5108
vt 0.72125 0.51106
vt 0.72202 0.51284
vt 0.72091 0.51312
vt 0.72274 0.51389
vt 0.72207 0.51507
vt 0.72401 0.51397
vt 0.72435 0.51507
vt 0.72499 0.51317
vt 0.72594 0.51371
vt 0.7236 0.51238
vt 0.72629 0.51165
vt 0.72221 0.5116
vt 0.72518 0.51193
vt 0.09194 0.59962
vt 0.09117 0.59778
vt 0.09312 0.59895
vt 0.08964 0.59908
vt 0.0891 0.59813
vt 0.08884 0.60006
vt 0.08775 0.59973
vt 0.08892 0.60133
vt 0.08774 0.602
vt 0.0897 0.60316
vt 0.08997 0.60205
vt 0.09176 0.60281
vt 0.09043 0.60047
vt 0.09122 0.60186
vt 0.09312 0.60122
vt 0.09202 0.60089
vt 0.09089 0.59889
vt 0.18533 0.6231
vt 0.18642 0.62505
vt 0.18533 0.62537
vt 0.18723 0.62602
vt 0.18668 0.62697
vt 0.18847 0.62621
vt 0.18875 0.62732
vt 0.18952 0.62549
vt 0.1907 0.62616
vt 0.1907 0.62389
vt 0.1896 0.62422
vt 0.18934 0.62229
vt 0.18801 0.62463
vt 0.18881 0.62324
vt 0.18728 0.62194
vt 0.18651 0.62377
vt 0.18756 0.62305
vt 0.02568 0.64269
vt 0.02645 0.64087
vt 0.02763 0.64154
vt 0.02361 0.64235
vt 0.0254 0.64159
vt 0.02335 0.64042
vt 0.02415 0.64139
vt 0.02226 0.64075
vt 0.02344 0.63915
vt 0.02226 0.63848
vt 0.02449 0.63843
vt 0.02421 0.63732
vt 0.02573 0.63862
vt 0.02494 0.64001
vt 0.02628 0.63767
vt 0.02653 0.63959
vt 0.02763 0.63926
vt 0.23342 0.61194
vt 0.23419 0.61011
vt 0.23538 0.61078
vt 0.2319 0.61064
vt 0.23314 0.61083
vt 0.23136 0.61159
vt 0.2311 0.60967
vt 0.23 0.61
vt 0.23118 0.60839
vt 0.23195 0.60656
vt 0.23 0.60773
vt 0.23402 0.60691
vt 0.23223 0.60767
vt 0.23269 0.60925
vt 0.23348 0.60786
vt 0.23537 0.60851
vt 0.23428 0.60884
vt 0.27036 0.63292
vt 0.26959 0.63475
vt 0.26841 0.63408
vt 0.27189 0.63421
vt 0.27064 0.63402
vt 0.27243 0.63326
vt 0.27269 0.63519
vt 0.27378 0.63486
vt 0.2726 0.63646
vt 0.27183 0.63829
vt 0.27378 0.63713
vt 0.26976 0.63794
vt 0.27155 0.63718
vt 0.2711 0.6356
vt 0.27031 0.63699
vt 0.26841 0.63635
vt 0.26951 0.63602
vt 0.31258 0.61059
vt 0.3114 0.61219
vt 0.3114 0.60992
vt 0.3125 0.61186
vt 0.31275 0.61379
vt 0.31454 0.61303
vt 0.31482 0.61413
vt 0.3156 0.6123
vt 0.31677 0.61298
vt 0.31677 0.6107
vt 0.31568 0.61103
vt 0.31542 0.60911
vt 0.31409 0.61145
vt 0.31363 0.60987
vt 0.31336 0.60876
vt 0.3133 0.61284
vt 0.24772 0.61055
vt 0.24955 0.60977
vt 0.24839 0.61172
vt 0.24844 0.60949
vt 0.2492 0.60771
vt 0.24728 0.60745
vt 0.24761 0.60635
vt 0.246 0.60753
vt 0.24533 0.60635
vt 0.24417 0.60831
vt 0.24547 0.60983
vt 0.24452 0.61037
vt 0.24686 0.60904
vt 0.24528 0.60858
vt 0.24645 0.61063
vt 0.24612 0.61172
vt 0.24825 0.60825
vt 0.15405 0.60399
vt 0.15328 0.60216
vt 0.15523 0.60332
vt 0.153 0.60327
vt 0.15122 0.6025
vt 0.15096 0.60443
vt 0.14986 0.6041
vt 0.15104 0.6057
vt 0.14985 0.60637
vt 0.15181 0.60753
vt 0.15209 0.60642
vt 0.15387 0.60719
vt 0.15255 0.60485
vt 0.15414 0.60526
vt 0.15523 0.60559
vt 0.15176 0.60346
vt 0.28663 0.62157
vt 0.28586 0.61974
vt 0.28781 0.6209
vt 0.28558 0.62084
vt 0.28379 0.62008
vt 0.28433 0.62103
vt 0.28243 0.62167
vt 0.2836 0.62327
vt 0.28242 0.62394
vt 0.28437 0.62511
vt 0.28466 0.624
vt 0.28644 0.62477
vt 0.28512 0.62242
vt 0.2867 0.62284
vt 0.2878 0.62318
vt 0.28353 0.622
vt 0.07828 0.65566
vt 0.07824 0.65342
vt 0.07895 0.65448
vt 0.07748 0.65164
vt 0.07713 0.6537
vt 0.0794 0.65138
vt 0.07843 0.65218
vt 0.07907 0.65029
vt 0.08067 0.65146
vt 0.0825 0.65224
vt 0.08134 0.65029
vt 0.08215 0.65431
vt 0.08139 0.65252
vt 0.07982 0.65297
vt 0.0812 0.65376
vt 0.08023 0.65456
vt 0.08056 0.65566
vt 0.23402 0.64611
vt 0.23324 0.64794
vt 0.23206 0.64727
vt 0.23554 0.64741
vt 0.2343 0.64722
vt 0.23608 0.64645
vt 0.23634 0.64838
vt 0.23743 0.64805
vt 0.23626 0.64965
vt 0.23548 0.65148
vt 0.23743 0.65032
vt 0.23342 0.65114
vt 0.2352 0.65037
vt 0.23475 0.64879
vt 0.23396 0.65018
vt 0.23316 0.64921
vt 0.23206 0.64954
vt 0.20904 0.6085
vt 0.21022 0.6101
vt 0.20904 0.61077
vt 0.2104 0.6069
vt 0.21014 0.60882
vt 0.21219 0.60766
vt 0.21094 0.60785
vt 0.21246 0.60655
vt 0.21324 0.60838
vt 0.21441 0.60999
vt 0.21442 0.60771
vt 0.21306 0.61158
vt 0.21332 0.60966
vt 0.21173 0.60924
vt 0.21252 0.61063
vt 0.21127 0.61082
vt 0.211 0.61193
vt 0.17238 0.65148
vt 0.17316 0.64965
vt 0.17433 0.65033
vt 0.17031 0.65113
vt 0.1721 0.65037
vt 0.17006 0.64921
vt 0.17086 0.65018
vt 0.16897 0.64726
vt 0.16897 0.64953
vt 0.17093 0.6461
vt 0.17014 0.64793
vt 0.17299 0.64645
vt 0.1712 0.64721
vt 0.17165 0.64879
vt 0.17244 0.64741
vt 0.17324 0.64838
vt 0.17434 0.64806
vt 0.12481 0.59525
vt 0.12671 0.5946
vt 0.12535 0.5962
vt 0.12561 0.59428
vt 0.12671 0.59233
vt 0.12447 0.59229
vt 0.12475 0.59118
vt 0.12323 0.59249
vt 0.12268 0.59154
vt 0.12133 0.59313
vt 0.12243 0.59346
vt 0.12133 0.59541
vt 0.12402 0.59387
vt 0.12357 0.59545
vt 0.12329 0.59656
vt 0.12552 0.59301
vt 0.16385 0.60772
vt 0.16577 0.60746
vt 0.1648 0.60826
vt 0.16772 0.60636
vt 0.16545 0.60636
vt 0.16777 0.6086
vt 0.16705 0.60754
vt 0.16888 0.60832
vt 0.16758 0.60984
vt 0.16693 0.61173
vt 0.16853 0.61038
vt 0.16466 0.61174
vt 0.16661 0.61064
vt 0.16619 0.60905
vt 0.16533 0.61056
vt 0.16461 0.6095
vt 0.1635 0.60978
vt 0.25614 0.63422
vt 0.25424 0.63487
vt 0.25559 0.63327
vt 0.25534 0.63519
vt 0.25424 0.63715
vt 0.25542 0.63647
vt 0.2562 0.6383
vt 0.25772 0.63699
vt 0.25826 0.63794
vt 0.25962 0.63634
vt 0.25852 0.63602
vt 0.25962 0.63407
vt 0.25693 0.63561
vt 0.25844 0.63474
vt 0.25766 0.63292
vt 0.25648 0.63719
vt 0.25738 0.63403
vt 0.23649 0.62477
vt 0.23674 0.62284
vt 0.23784 0.62317
vt 0.23784 0.62089
vt 0.23666 0.62157
vt 0.23588 0.61974
vt 0.23436 0.62105
vt 0.23382 0.6201
vt 0.23356 0.62202
vt 0.23246 0.6217
vt 0.23364 0.62329
vt 0.23246 0.62397
vt 0.23515 0.62243
vt 0.2347 0.62401
vt 0.23443 0.62512
vt 0.23594 0.62382
vt 0.2356 0.62085
vt 0.06739 0.6434
vt 0.06609 0.64492
vt 0.06644 0.64285
vt 0.0672 0.64464
vt 0.06724 0.64688
vt 0.06792 0.6457
vt 0.06951 0.64687
vt 0.07016 0.64498
vt 0.07111 0.64552
vt 0.07146 0.64346
vt 0.06964 0.64268
vt 0.07031 0.6415
vt 0.06878 0.64419
vt 0.07035 0.64374
vt 0.06836 0.6426
vt 0.06804 0.6415
vt 0.06919 0.64578
vt 0.22614 0.59752
vt 0.22424 0.59688
vt 0.22478 0.59593
vt 0.22496 0.59912
vt 0.22504 0.59785
vt 0.22419 0.60095
vt 0.22614 0.59979
vt 0.22267 0.59965
vt 0.22391 0.59985
vt 0.22077 0.59901
vt 0.22212 0.60061
vt 0.22194 0.59741
vt 0.22186 0.59869
vt 0.22345 0.59827
vt 0.22272 0.59558
vt 0.22076 0.59674
vt 0.223 0.59669
vt 0.08199 0.63187
vt 0.08124 0.63366
vt 0.08104 0.63242
vt 0.08119 0.63589
vt 0.08234 0.63394
vt 0.07924 0.6348
vt 0.08052 0.63471
vt 0.07732 0.63454
vt 0.07892 0.63589
vt 0.07808 0.63275
vt 0.07827 0.634
vt 0.07697 0.63247
vt 0.0788 0.6317
vt 0.07966 0.63321
vt 0.0804 0.63052
vt 0.07812 0.63052
vt 0.08007 0.63162
vt 0.28692 0.63423
vt 0.28502 0.63488
vt 0.28637 0.63328
vt 0.28612 0.6352
vt 0.28502 0.63715
vt 0.28726 0.63719
vt 0.28698 0.6383
vt 0.2885 0.637
vt 0.28904 0.63795
vt 0.2904 0.63635
vt 0.2893 0.63602
vt 0.2904 0.63407
vt 0.28771 0.63561
vt 0.28816 0.63403
vt 0.28844 0.63292
vt 0.2862 0.63647
vt 0.55176 0.99081
vt 0.99123 0.35005
vt 0.77689 0.87104
vt 0.37014 0.36499
vt 0.02123 0.39106
vt 0.88911 0.00439
vt 0.74467 0.86164
vt 0.57835 0.42586
vt 0.99123 0.0044
vt 0.78568 0.90339
vt 0.35442 0.71534
vt 0.37014 0.00439
vt 0.09013 0.39105
vt 0.88911 0.34088
vt 0.37014 0.73158
vt 0.18883 0.86559
vt 0.36206 0.88499
vt 0.0164 0.88097
vt 0.9491 0.01242
vt 0.66256 0.49297
vt 0.28508 0.58218
vt 0.30296 0.569
vt 0.69033 0.49297
vt 0.91115 0.14592
vt 0.32237 0.48705
vt 0.32237 0.51482
vt 0.27217 0.56022
vt 0.18396 0.53284
vt 0.17837 0.52812
vt 0.20615 0.52812
vt 0.09864 0.54877
vt 0.09391 0.55437
vt 0.0478 0.57281
vt 0.03481 0.60796
vt 0.09391 0.52659
vt 0.89909 0.14592
vt 0.54448 0.50395
vt 0.57226 0.50395
vt 0.08593 0.58836
vt 0.11255 0.53284
vt 0.10696 0.52812
vt 0.13473 0.52812
vt 0.16814 0.51746
vt 0.16255 0.51274
vt 0.25743 0.54704
vt 0.27126 0.57779
vt 0.19032 0.51274
vt 0.92321 0.14592
vt 0.46518 0.50782
vt 0.4374 0.50782
vt 0.15194 0.57796
vt 0.05554 0.55317
vt 0.05081 0.55876
vt 0.05081 0.53099
vt 0.31722 0.45187
vt 0.31195 0.54264
vt 0.02314 0.59055
vt 0.31722 0.47964
vt 0.71733 0.46441
vt 0.68955 0.46441
vt 0.13732 0.58177
vt 0.12685 0.51662
vt 0.15462 0.51662
vt 0.19825 0.51661
vt 0.30816 0.55582
vt 0.21946 0.56901
vt 0.22602 0.51661
vt 0.50879 0.50782
vt 0.53657 0.50782
vt 0.12128 0.57957
vt 0.26172 0.51274
vt 0.23394 0.51274
vt 0.33287 0.48925
vt 0.70873 0.50969
vt 0.20881 0.545
vt 0.33287 0.51702
vt 0.32041 0.52812
vt 0.29263 0.52812
vt 0.23653 0.58454
vt 0.02207 0.53099
vt 0.02207 0.55876
vt 0.69738 0.49904
vt 0.32299 0.55818
vt 0.22366 0.54264
vt 0.72515 0.49904
vt 0.21407 0.53199
vt 0.24184 0.53199
vt 0.33774 0.57136
vt 0.42948 0.50395
vt 0.40171 0.50395
vt 0.08342 0.55437
vt 0.32679 0.545
vt 0.02358 0.60577
vt 0.08342 0.52659
vt 0.11892 0.51274
vt 0.09114 0.51274
vt 0.18567 0.55583
vt 0.14266 0.53199
vt 0.17044 0.53199
vt 0.68919 0.48365
vt 0.67395 0.50749
vt 0.03665 0.57281
vt 0.71696 0.48365
vt 0.61804 0.49077
vt 0.59027 0.49077
vt 0.20463 0.57137
vt 0.03644 0.53096
vt 0.03644 0.55873
vt 0.06518 0.55872
vt 0.07242 0.58616
vt 0.09498 0.56621
vt 0.06518 0.53095
vt 0.81978 0.50829
vt 0.60708 0.51002
vt 0.5793 0.51002
vt 0.20174 0.58218
vt 0.34638 0.49264
vt 0.35111 0.48705
vt 0.35111 0.51482
vt 0.96042 0.41033
vt 0.9557 0.41592
vt 0.33981 0.58454
vt 0.05995 0.58837
vt 0.9557 0.38815
vt 0.80772 0.50829
vt 0.4731 0.50396
vt 0.50087 0.50396
vt 0.15194 0.56477
vt 0.95959 0.51359
vt 0.95487 0.51919
vt 0.95487 0.49141
vt 0.64815 0.48991
vt 0.65374 0.49464
vt 0.95611 0.53327
vt 0.10849 0.58397
vt 0.62597 0.49464
vt 0.83183 0.50829
vt 0.61499 0.50615
vt 0.64277 0.50615
vt 0.22046 0.55818
vt 0.26431 0.42452
vt 0.26904 0.41893
vt 0.26904 0.44671
vt 0.40208 0.47286
vt 0.37788 0.96276
vt 0.95457 0.96007
vt 0.40207 0.45316
vt 0.40053 0.44378
vt 0.3691 0.95178
vt 0.26989 0.49212
vt 0.40053 0.4927
vt 0.38156 0.943
vt 0.9625 0.59539
vt 0.2174 0.65908
vt 0.03512 0.67318
vt 0.30182 0.65341
vt 0.26952 0.46647
vt 0.11895 0.65249
vt 0.33471 0.65688
vt 0.33875 0.52391
vt 0.27402 0.6481
vt 0.34787 0.6437
vt 0.17165 0.67445
vt 0.25909 0.66439
vt 0.32519 0.64682
vt 0.07574 0.66567
vt 0.15567 0.54264
vt 0.1984 0.6622
vt 0.09026 0.66127
vt 0.72563 0.45329
vt 0.27299 0.66128
vt 0.96149 0.47893
vt 0.04901 0.68636
vt 0.71271 0.43164
vt 0.15553 0.6644
vt 0.35 0.56681
vt 0.08963 0.67665
vt 0.18844 0.66128
vt 0.10728 0.66568
vt 0.05412 0.67006
vt 0.77442 0.47997
vt 0.14385 0.67757
vt 0.33907 0.6437
vt 0.29302 0.6481
vt 0.06694 0.66199
vt 0.26012 0.65121
vt 0.11607 0.67318
vt 0.17218 0.55134
vt 0.25133 0.65121
vt 0.16943 0.66128
vt 0.14675 0.6622
vt 0.13507 0.67537
vt 0.06291 0.67737
vt 0.07991 0.68196
vt 0.35115 0.3994
vt 0.10664 0.68196
vt 0.12773 0.65688
vt 0.99435 0.3603
vt 0.02633 0.68417
vt 0.04022 0.68636
vt 0.34862 0.66
vt 0.12969 0.54369
vt 0.31571 0.65688
vt 0.2452 0.66439
vt 0.28689 0.66439
vt 0.02633 0.67098
vt 0.2313 0.66439
vt 0.15776 0.67446
vt 0.11831 0.54707
vt 0.37136 0.92272
vt 0.37303 0.93254
vt 0.0044 0.92451
vt 0.00453 0.93255
vt 0.38632 0.91571
vt 0.38645 0.92375
vt 0.75328 0.91393
vt 0.75495 0.92376
vt 0.1738 0.48117
vt 0.1738 0.46136
vt 0.48433 0.43285
vt 0.48433 0.41303
vt 0.00439 0.87753
vt 0.37753 0.88168
vt 0.00439 0.91349
vt 0.75332 0.98082
vt 0.85034 0.35152
vt 0.8545 0.72466
vt 0.88631 0.35152
vt 0.98244 0.37754
vt 0.35286 0.43313
vt 0.35289 0.44929
vt 0.33512 0.45866
vt 0.60088 0.47191
vt 0.33403 0.47815
vt 0.62995 0.44672
vt 0.33341 0.39431
vt 0.32598 0.43959
vt 0.64882 0.46345
vt 0.60323 0.45696
vt 0.77686 0.39545
vt 0.77365 0.42898
vt 0.77364 0.43938
vt 0.80027 0.35474
vt 0.13919 0.63208
vt 0.30777 0.59965
vt 0.34793 0.60763
vt 0.21283 0.63427
vt 0.03909 0.64134
vt 0.17879 0.63839
vt 0.20469 0.62106
vt 0.12966 0.61503
vt 0.22136 0.62162
vt 0.05259 0.6304
vt 0.25231 0.62382
vt 0.13737 0.59875
vt 0.12202 0.62596
vt 0.10078 0.61059
vt 0.31488 0.61006
vt 0.15334 0.60623
vt 0.2859 0.62381
vt 0.12251 0.59473
vt 0.28921 0.63475
usemtl mat0
f 1/1/1 2/2/2 3/3/3
f 4/4/4 5/5/5 6/6/6
f 7/7/7 8/8/8 9/9/9
f 10/10/10 11/11/11 12/12/12
f 13/13/13 14/14/14 15/15/15
f 16/16/16 17/17/17 18/18/18
f 19/19/19 20/20/20 21/21/21
f 22/22/22 23/23/23 24/24/24
f 25/25/25 26/26/26 27/27/27
f 22/28/22 28/29/28 29/30/29
f 30/31/30 31/32/31 12/33/12
f 11/11/11 32/34/32 12/12/12
f 33/35/33 34/36/34 35/37/35
f 36/38/36 4/39/4 6/40/6
f 37/41/37 22/42/22 36/38/36
f 28/43/28 38/44/38 39/45/39
f 37/46/37 31/32/31 40/47/40
f 41/48/41 42/49/42 43/50/43
f 42/49/42 44/51/44 43/50/43
f 45/52/45 46/53/46 47/54/47
f 48/55/48 30/56/30 12/57/12
f 14/58/14 49/59/49 50/60/50
f 49/61/49 51/62/51 50/63/50
f 1/64/1 52/65/52 53/66/53
f 54/67/54 35/37/35 52/68/52
f 55/69/55 56/70/56 57/71/57
f 58/72/58 59/73/59 56/74/56
f 48/75/48 60/76/60 61/77/61
f 32/78/32 62/79/62 60/80/60
f 41/81/41 63/82/63 34/36/34
f 43/83/43 5/5/5 63/84/63
f 1/1/1 58/85/58 54/86/54
f 33/87/33 58/88/58 55/89/55
f 55/89/55 41/48/41 33/87/33
f 42/49/42 64/90/64 65/91/65
f 44/51/44 42/49/42 65/91/65
f 11/11/11 65/91/65 64/90/64
f 32/92/32 48/55/48 12/57/12
f 66/93/66 30/31/30 67/94/67
f 25/95/25 68/96/68 50/97/50
f 50/63/50 26/26/26 25/25/25
f 4/98/4 25/25/25 69/99/69
f 69/99/69 25/25/25 27/27/27
f 25/95/25 4/39/4 70/100/70
f 24/101/24 4/39/4 22/42/22
f 71/102/71 72/103/72 73/104/73
f 74/105/74 75/106/75 46/107/46
f 76/108/76 77/109/77 59/73/59
f 3/3/3 76/108/76 59/73/59
f 78/110/78 7/7/7 79/111/79
f 56/74/56 77/109/77 74/105/74
f 57/71/57 74/112/74 45/52/45
f 80/113/80 81/114/81 82/115/82
f 83/116/83 84/117/84 85/118/85
f 86/119/86 87/120/87 88/121/88
f 89/122/89 90/123/90 91/124/91
f 92/125/92 93/126/93 94/127/94
f 95/128/95 96/129/96 97/130/97
f 23/23/23 98/131/98 99/132/99
f 100/133/100 101/134/101 102/135/102
f 28/29/28 98/136/98 29/30/29
f 103/137/103 93/138/93 104/139/104
f 94/127/94 93/126/93 105/140/105
f 106/141/106 107/142/107 108/143/108
f 87/144/87 109/145/109 88/146/88
f 98/147/98 110/148/110 109/145/109
f 28/43/28 111/149/111 112/150/112
f 110/151/110 104/139/104 93/138/93
f 113/152/113 114/153/114 115/154/115
f 115/154/115 114/153/114 116/155/116
f 117/156/117 118/157/118 71/102/71
f 119/158/119 103/159/103 120/160/120
f 18/18/18 17/17/17 121/161/121
f 121/162/121 17/163/17 122/164/122
f 123/165/123 80/166/80 124/167/124
f 108/143/108 125/168/125 123/169/123
f 126/170/126 127/171/127 128/172/128
f 129/173/129 130/174/130 126/175/126
f 131/176/131 119/177/119 91/124/91
f 132/178/132 105/179/105 131/180/131
f 133/181/133 113/182/113 106/141/106
f 86/119/86 114/183/114 133/184/133
f 130/185/130 80/113/80 125/186/125
f 107/187/107 130/188/130 125/189/125
f 127/190/127 113/152/113 115/154/115
f 115/154/115 134/191/134 135/192/135
f 120/193/120 91/124/91 119/177/119
f 116/155/116 134/191/134 115/154/115
f 134/191/134 94/127/94 135/192/135
f 105/194/105 93/195/93 119/158/119
f 95/196/95 136/197/136 137/198/137
f 138/199/138 100/200/100 17/201/17
f 17/163/17 102/135/102 122/164/122
f 87/202/87 139/203/139 100/133/100
f 139/203/139 101/134/101 100/133/100
f 100/200/100 140/204/140 87/144/87
f 99/205/99 87/144/87 140/204/140
f 84/206/84 91/124/91 90/123/90
f 141/207/141 142/208/142 143/209/143
f 143/209/143 144/210/144 117/211/117
f 145/212/145 146/213/146 129/173/129
f 129/173/129 82/115/82 81/114/81
f 147/214/147 131/180/131 84/117/84
f 145/212/145 126/175/126 144/210/144
f 144/215/144 128/172/128 118/157/118
f 83/116/83 148/216/148 149/217/149
f 150/218/150 151/219/151 152/220/152
f 61/77/61 153/221/153 7/7/7
f 154/222/154 155/223/155 156/224/156
f 157/225/157 158/226/158 159/227/159
f 160/228/160 161/229/161 162/230/162
f 163/231/163 61/77/61 78/110/78
f 164/232/164 165/233/165 75/106/75
f 8/234/8 156/224/156 166/235/166
f 167/236/167 168/237/168 169/238/169
f 170/239/170 171/240/171 172/241/172
f 60/80/60 173/242/173 153/243/153
f 85/244/85 90/123/90 174/245/174
f 175/246/175 127/171/127 115/247/115
f 147/214/147 175/246/175 132/178/132
f 42/248/42 57/71/57 176/249/176
f 176/249/176 45/52/45 177/250/177
f 178/251/178 179/252/179 19/19/19
f 21/21/21 180/253/180 181/254/181
f 182/255/182 30/56/30 163/256/163
f 171/240/171 183/257/183 184/258/184
f 185/259/185 186/260/186 179/261/179
f 97/262/97 178/251/178 187/263/187
f 97/130/97 188/264/188 185/259/185
f 189/265/189 179/261/179 186/260/186
f 95/196/95 187/263/187 190/266/190
f 189/265/189 180/267/180 20/268/20
f 15/269/15 50/60/50 191/270/191
f 50/271/50 192/272/192 191/273/191
f 193/274/193 194/275/194 195/276/195
f 138/277/138 196/278/196 197/279/197
f 193/274/193 198/280/198 199/281/199
f 200/282/200 195/276/195 201/283/201
f 139/284/139 133/184/133 101/285/101
f 101/286/101 106/141/106 102/287/102
f 122/288/122 123/169/123 121/289/121
f 121/290/121 124/167/124 18/291/18
f 111/149/111 110/151/110 112/150/112
f 109/145/109 93/292/93 92/293/92
f 88/146/88 92/293/92 134/294/134
f 102/287/102 108/143/108 122/288/122
f 116/295/116 88/121/88 134/296/134
f 63/84/63 69/297/69 27/298/27
f 34/36/34 27/299/27 26/300/26
f 52/68/52 51/301/51 49/302/49
f 53/66/53 49/303/49 14/14/14
f 37/46/37 38/44/38 202/304/202
f 12/305/12 36/38/36 10/306/10
f 10/306/10 6/40/6 65/307/65
f 35/37/35 26/300/26 51/301/51
f 6/6/6 44/308/44 65/309/65
f 203/310/203 80/113/80 82/115/82
f 204/311/204 203/310/203 205/312/205
f 197/279/197 206/313/206 207/314/207
f 208/315/208 191/270/191 209/316/209
f 210/317/210 18/291/18 124/167/124
f 199/281/199 15/15/15 208/318/208
f 13/13/13 1/64/1 53/66/53
f 194/319/194 196/320/196 16/16/16
f 204/321/204 124/167/124 80/166/80
f 191/273/191 211/322/211 209/323/209
f 172/241/172 184/258/184 212/324/212
f 153/243/153 213/325/213 8/234/8
f 214/326/214 215/327/215 216/328/216
f 216/329/216 155/223/155 217/330/217
f 214/326/214 218/331/218 219/332/219
f 216/333/216 165/233/165 218/334/218
f 220/335/220 221/336/221 222/337/222
f 222/338/222 223/339/223 166/340/166
f 224/341/224 215/327/215 225/342/225
f 226/343/226 155/223/155 215/344/215
f 219/332/219 227/345/227 228/346/228
f 218/334/218 229/347/229 227/348/227
f 220/335/220 226/349/226 224/341/224
f 222/350/222 156/224/156 226/343/226
f 230/351/230 231/352/231 232/353/232
f 233/354/233 234/355/234 231/356/231
f 141/207/141 231/357/231 235/358/235
f 235/359/235 234/355/234 236/360/236
f 237/361/237 238/362/238 148/363/148
f 239/364/239 240/365/240 238/366/238
f 149/217/149 233/367/233 230/351/230
f 241/368/241 242/369/242 233/354/233
f 149/217/149 238/370/238 241/371/241
f 241/368/241 240/365/240 243/372/243
f 9/9/9 161/229/161 244/373/244
f 245/374/245 151/219/151 246/375/246
f 161/229/161 247/376/247 162/230/162
f 248/377/248 249/378/249 250/379/250
f 251/380/251 252/381/252 247/382/247
f 253/383/253 246/375/246 254/384/254
f 249/378/249 255/385/255 250/379/250
f 256/386/256 257/387/257 255/388/255
f 258/389/258 259/390/259 167/236/167
f 260/391/260 261/392/261 262/393/262
f 263/394/263 255/388/255 257/387/257
f 168/395/168 264/396/264 265/397/265
f 266/398/266 267/399/267 268/400/268
f 269/401/269 270/402/270 271/403/271
f 262/393/262 272/404/272 273/405/273
f 274/406/274 275/407/275 276/408/276
f 254/384/254 277/409/277 170/239/170
f 278/410/278 279/411/279 280/412/280
f 228/346/228 281/413/281 282/414/282
f 246/375/246 283/415/283 277/409/277
f 152/220/152 284/416/284 256/386/256
f 285/417/285 286/418/286 279/419/279
f 287/420/287 272/404/272 288/421/288
f 289/422/289 290/423/290 274/406/274
f 169/238/169 265/424/265 291/425/291
f 276/408/276 292/426/292 293/427/293
f 9/9/9 166/340/166 223/339/223
f 294/428/294 295/429/295 267/430/267
f 259/431/259 296/432/296 168/395/168
f 297/433/297 249/378/249 298/434/298
f 299/435/299 251/380/251 221/336/221
f 221/436/221 161/229/161 223/339/223
f 300/437/300 239/438/239 237/361/237
f 269/439/269 301/440/301 239/364/239
f 266/398/266 235/358/235 294/441/294
f 294/428/294 236/360/236 302/442/302
f 227/348/227 303/443/303 281/444/281
f 253/383/253 278/410/278 280/412/280
f 304/445/304 302/442/302 236/360/236
f 213/325/213 154/222/154 156/224/156
f 62/79/62 177/250/177 173/242/173
f 64/446/64 42/248/42 176/249/176
f 64/446/64 62/79/62 11/447/11
f 184/258/184 299/435/299 305/448/305
f 290/423/290 306/449/306 274/406/274
f 307/450/307 289/422/289 259/431/259
f 296/432/296 274/406/274 276/408/276
f 272/404/272 308/451/308 288/421/288
f 309/452/309 310/453/310 285/417/285
f 172/241/172 228/346/228 282/414/282
f 250/379/250 287/420/287 248/377/248
f 254/384/254 311/454/311 278/410/278
f 312/455/312 262/456/262 313/457/313
f 295/429/295 314/458/314 315/459/315
f 311/454/311 285/460/285 278/410/278
f 293/427/293 280/412/280 264/396/264
f 316/461/316 152/462/152 317/463/317
f 296/432/296 293/427/293 264/396/264
f 293/427/293 245/374/245 253/383/253
f 280/412/280 265/397/265 264/396/264
f 292/426/292 284/416/284 245/374/245
f 273/405/273 250/379/250 255/385/255
f 318/464/318 313/457/313 306/449/306
f 275/407/275 257/387/257 292/426/292
f 319/465/319 271/466/271 158/226/158
f 320/467/320 240/365/240 301/440/301
f 219/332/219 212/324/212 321/468/321
f 304/445/304 243/372/243 320/467/320
f 321/468/321 184/258/184 305/448/305
f 225/342/225 305/448/305 224/341/224
f 214/326/214 321/468/321 225/342/225
f 305/448/305 220/335/220 224/341/224
f 314/458/314 320/467/320 157/225/157
f 304/445/304 234/355/234 242/369/242
f 319/465/319 320/467/320 301/440/301
f 313/457/313 273/469/273 263/394/263
f 135/470/135 175/246/175 115/247/115
f 72/103/72 128/172/128 175/246/175
f 83/116/83 149/217/149 73/104/73
f 132/178/132 135/470/135 94/471/94
f 300/437/300 322/472/322 270/402/270
f 174/245/174 300/437/300 237/361/237
f 314/458/314 159/227/159 315/459/315
f 277/409/277 252/381/252 171/240/171
f 306/449/306 263/394/263 275/407/275
f 310/453/310 323/473/323 324/474/324
f 317/463/317 256/475/256 249/378/249
f 160/228/160 316/461/316 325/476/325
f 326/477/326 67/94/67 180/267/180
f 162/230/162 150/478/150 316/461/316
f 247/382/247 283/415/283 150/218/150
f 282/414/282 309/479/309 311/454/311
f 281/444/281 327/480/327 309/452/309
f 170/239/170 282/414/282 311/454/311
f 328/481/328 167/236/167 329/482/329
f 261/392/261 330/483/330 308/451/308
f 279/419/279 291/425/291 265/424/265
f 331/484/331 332/485/332 333/486/333
f 334/487/334 335/488/335 331/484/331
f 336/489/336 331/484/331 337/490/337
f 338/491/338 339/492/339 335/488/335
f 333/486/333 337/490/337 331/484/331
f 335/488/335 340/493/340 332/485/332
f 340/493/340 335/488/335 339/492/339
f 341/494/341 336/495/336 337/496/337
f 342/497/342 343/498/343 344/499/344
f 340/500/340 345/501/345 346/502/346
f 347/503/347 348/504/348 349/505/349
f 350/506/350 351/507/351 352/508/352
f 332/509/332 346/502/346 351/507/351
f 353/510/353 337/496/337 350/511/350
f 354/512/354 336/489/336 355/513/355
f 356/514/356 349/515/349 338/491/338
f 357/516/357 358/517/358 359/518/359
f 354/512/354 360/519/360 356/514/356
f 355/513/355 358/517/358 354/512/354
f 356/514/356 361/520/361 347/521/347
f 341/522/341 359/518/359 358/517/358
f 360/519/360 357/516/357 362/523/362
f 362/523/362 361/520/361 360/519/360
f 363/524/363 364/525/364 353/526/353
f 345/501/345 339/527/339 348/504/348
f 365/528/365 366/529/366 181/530/181
f 344/499/344 364/531/364 367/532/367
f 362/533/362 368/534/368 369/535/369
f 370/536/370 371/537/371 372/538/372
f 373/539/373 374/540/374 375/541/375
f 376/542/376 377/543/377 378/544/378
f 375/541/375 379/545/379 376/542/376
f 380/546/380 376/542/376 343/547/343
f 374/540/374 381/548/381 379/545/379
f 378/544/378 343/547/343 376/542/376
f 379/545/379 382/549/382 377/543/377
f 382/549/382 379/545/379 381/548/381
f 383/550/383 384/551/384 385/552/385
f 386/553/386 387/554/387 388/555/388
f 361/556/361 369/535/369 389/557/389
f 390/558/390 391/559/391 182/560/182
f 342/561/342 375/541/375 380/546/380
f 392/562/392 388/563/388 374/540/374
f 385/564/385 393/565/393 383/566/383
f 373/539/373 394/567/394 392/562/392
f 342/561/342 393/565/393 373/539/373
f 392/562/392 395/568/395 386/569/386
f 344/570/344 383/566/383 393/565/393
f 394/567/394 385/564/385 396/571/396
f 396/571/396 395/568/395 394/567/394
f 395/572/395 397/573/397 386/553/386
f 367/574/367 384/551/384 383/550/383
f 398/575/398 399/576/399 396/577/396
f 359/578/359 377/579/377 357/580/357
f 347/503/347 361/556/361 389/557/389
f 400/581/400 401/582/401 402/583/402
f 399/576/399 395/572/395 396/577/396
f 398/575/398 385/552/385 384/551/384
f 403/584/403 384/551/384 404/585/404
f 349/505/349 348/504/348 339/527/339
f 405/586/405 404/585/404 406/587/406
f 332/509/332 351/507/351 333/588/333
f 354/512/354 338/491/338 334/487/334
f 407/589/407 181/530/181 366/529/366
f 388/555/388 387/554/387 381/590/381
f 368/534/368 381/590/381 387/554/387
f 367/574/367 408/591/408 404/585/404
f 363/524/363 350/506/350 352/508/352
f 409/592/409 410/593/410 411/594/411
f 412/595/412 413/596/413 414/597/414
f 411/594/411 415/598/415 416/599/416
f 417/600/417 418/601/418 419/602/419
f 420/603/420 412/604/412 414/605/414
f 419/602/419 421/606/421 420/603/420
f 422/607/422 420/603/420 410/608/410
f 418/601/418 423/609/423 421/606/421
f 414/605/414 410/608/410 420/603/420
f 421/606/421 424/610/424 412/604/412
f 424/610/424 421/606/421 423/609/423
f 425/611/425 426/612/426 427/613/427
f 428/614/428 429/615/429 430/616/430
f 417/600/417 422/607/422 409/617/409
f 428/618/428 418/601/418 431/619/431
f 427/620/427 432/621/432 425/622/425
f 417/600/417 433/623/433 431/619/431
f 409/617/409 432/621/432 417/600/417
f 431/619/431 434/624/434 428/618/428
f 411/625/411 425/622/425 432/621/432
f 433/623/433 427/620/427 435/626/435
f 435/626/435 434/624/434 433/623/433
f 434/627/434 436/628/436 428/614/428
f 416/629/416 426/612/426 425/611/425
f 437/630/437 438/631/438 435/632/435
f 439/633/439 412/595/412 424/634/424
f 440/635/440 366/529/366 441/636/441
f 438/631/438 434/627/434 435/632/435
f 437/630/437 427/613/427 426/612/426
f 352/508/352 426/612/426 442/637/442
f 443/638/443 439/633/439 424/634/424
f 430/616/430 429/615/429 423/639/423
f 443/638/443 423/639/423 429/615/429
f 413/596/413 415/640/415 414/597/414
f 415/640/415 442/637/442 416/629/416
f 444/641/444 445/642/445 446/643/446
f 447/644/447 448/645/448 444/641/444
f 449/646/449 444/641/444 450/647/450
f 451/648/451 452/649/452 448/645/448
f 446/643/446 450/647/450 444/641/444
f 448/645/448 453/650/453 445/642/445
f 453/650/453 448/645/448 452/649/452
f 454/651/454 449/652/449 450/653/450
f 455/654/455 456/655/456 457/656/457
f 453/657/453 458/658/458 407/589/407
f 459/659/459 460/660/460 461/661/461
f 462/662/462 440/635/440 463/663/463
f 445/664/445 407/589/407 440/635/440
f 464/665/464 450/653/450 462/666/462
f 465/667/465 449/646/449 466/668/466
f 459/669/459 451/648/451 467/670/467
f 468/671/468 469/672/469 370/673/370
f 465/667/465 470/674/470 467/670/467
f 466/668/466 469/672/469 465/667/465
f 467/670/467 471/675/471 459/669/459
f 454/676/454 370/673/370 469/672/469
f 470/674/470 468/671/468 472/677/472
f 472/677/472 471/675/471 470/674/470
f 473/678/473 371/537/371 464/679/464
f 458/658/458 452/680/452 460/660/460
f 474/681/474 475/682/475 78/110/78
f 457/656/457 371/683/371 476/684/476
f 472/685/472 477/686/477 478/687/478
f 363/524/363 479/688/479 408/591/408
f 480/689/480 481/690/481 482/691/482
f 483/692/483 484/693/484 372/694/372
f 482/691/482 485/695/485 483/692/483
f 486/696/486 483/692/483 456/697/456
f 481/690/481 487/698/487 485/695/485
f 372/694/372 456/697/456 483/692/483
f 485/695/485 488/699/488 484/693/484
f 488/699/488 485/695/485 487/698/487
f 489/700/489 402/583/402 490/701/490
f 491/702/491 492/703/492 493/704/493
f 471/705/471 478/687/478 494/706/494
f 495/707/495 401/582/401 178/708/178
f 480/689/480 486/696/486 455/709/455
f 496/710/496 493/711/493 481/690/481
f 490/712/490 497/713/497 489/714/489
f 480/689/480 498/715/498 496/710/496
f 455/709/455 497/713/497 480/689/480
f 496/710/496 499/716/499 491/717/491
f 457/718/457 489/714/489 497/713/497
f 498/715/498 490/712/490 500/719/500
f 500/719/500 499/716/499 498/715/498
f 499/720/499 501/721/501 491/702/491
f 476/722/476 402/583/402 489/700/489
f 401/582/401 495/707/495 500/723/500
f 370/536/370 484/724/484 468/725/468
f 459/659/459 471/705/471 494/706/494
f 21/726/21 494/706/494 502/727/502
f 503/728/503 406/587/406 504/729/504
f 495/707/495 499/720/499 500/723/500
f 401/582/401 490/701/490 402/583/402
f 505/730/505 402/583/402 506/731/506
f 461/661/461 460/660/460 452/680/452
f 475/682/475 507/732/507 78/110/78
f 445/664/445 440/635/440 446/733/446
f 465/667/465 451/648/451 447/644/447
f 508/734/508 509/735/509 244/373/244
f 493/704/493 492/703/492 487/736/487
f 477/686/477 487/736/487 492/703/492
f 477/686/477 492/703/492 502/727/502
f 476/722/476 510/737/510 506/731/506
f 473/678/473 462/662/462 463/663/463
f 511/738/511 512/739/512 513/740/513
f 514/741/514 475/682/475 515/742/515
f 513/740/513 516/743/516 517/744/517
f 518/745/518 519/746/519 520/747/520
f 521/748/521 514/749/514 515/750/515
f 520/747/520 522/751/522 521/748/521
f 523/752/523 521/748/521 512/753/512
f 519/746/519 524/754/524 522/751/522
f 515/750/515 512/753/512 521/748/521
f 522/751/522 525/755/525 514/749/514
f 525/755/525 522/751/522 524/754/524
f 526/756/526 441/636/441 527/757/527
f 528/758/528 391/559/391 529/759/529
f 518/745/518 523/752/523 511/760/511
f 528/761/528 519/746/519 530/762/530
f 527/763/527 531/764/531 526/765/526
f 518/745/518 532/766/532 530/762/530
f 511/760/511 531/764/531 518/745/518
f 530/762/530 533/767/533 528/761/528
f 513/768/513 526/765/526 531/764/531
f 532/766/532 527/763/527 534/769/534
f 534/769/534 533/767/533 532/766/532
f 533/770/533 535/771/535 528/758/528
f 517/772/517 441/636/441 526/756/526
f 366/529/366 365/528/365 534/773/534
f 507/732/507 514/741/514 525/774/525
f 536/775/536 537/776/537 538/777/538
f 365/528/365 533/770/533 534/773/534
f 366/529/366 527/757/527 441/636/441
f 463/663/463 441/636/441 539/778/539
f 390/558/390 507/732/507 525/774/525
f 529/759/529 391/559/391 524/779/524
f 390/558/390 524/779/524 391/559/391
f 475/682/475 516/780/516 515/742/515
f 516/780/516 539/778/539 517/772/517
f 540/781/540 541/782/541 542/783/542
f 543/784/543 544/785/544 540/781/540
f 545/786/545 540/781/540 546/787/546
f 547/788/547 548/789/548 544/785/544
f 542/783/542 546/787/546 540/781/540
f 544/785/544 549/790/549 541/782/541
f 549/790/549 544/785/544 548/789/548
f 550/791/550 545/792/545 546/793/546
f 551/794/551 552/795/552 553/796/553
f 549/797/549 554/798/554 555/799/555
f 556/800/556 557/801/557 558/802/558
f 559/803/559 536/775/536 297/433/297
f 541/804/541 555/799/555 536/775/536
f 560/805/560 546/793/546 559/806/559
f 561/807/561 545/786/545 562/808/562
f 556/809/556 547/788/547 563/810/563
f 564/811/564 565/812/565 566/813/566
f 561/807/561 567/814/567 563/810/563
f 562/808/562 565/812/565 561/807/561
f 563/810/563 568/815/568 556/809/556
f 550/816/550 566/813/566 565/812/565
f 567/814/567 564/811/564 569/817/569
f 569/817/569 568/815/568 567/814/567
f 570/818/570 560/819/560 298/434/298
f 554/798/554 548/820/548 557/801/557
f 181/530/181 391/559/391 535/771/535
f 553/796/553 570/821/570 571/822/571
f 569/823/569 479/688/479 572/824/572
f 368/534/368 473/678/473 369/535/369
f 573/825/573 574/826/574 575/827/575
f 576/828/576 577/829/577 578/830/578
f 575/827/575 579/831/579 576/828/576
f 580/832/580 576/828/576 552/833/552
f 574/826/574 581/834/581 579/831/579
f 578/830/578 552/833/552 576/828/576
f 579/831/579 582/835/582 577/829/577
f 582/835/582 579/831/579 581/834/581
f 583/836/583 504/729/504 584/837/584
f 585/838/585 586/839/586 587/840/587
f 568/841/568 572/824/572 588/842/588
f 577/843/577 569/823/569 564/844/564
f 551/845/551 575/827/575 580/832/580
f 589/846/589 587/847/587 574/826/574
f 584/848/584 590/849/590 583/850/583
f 573/825/573 591/851/591 589/846/589
f 551/845/551 590/849/590 573/825/573
f 589/846/589 592/852/592 585/853/585
f 553/854/553 583/850/583 590/849/590
f 591/851/591 584/848/584 593/855/593
f 593/855/593 592/852/592 591/851/591
f 592/856/592 594/857/594 585/838/585
f 571/858/571 504/729/504 583/836/583
f 406/587/406 595/859/595 593/860/593
f 566/861/566 577/843/577 564/844/564
f 556/800/556 568/841/568 588/842/588
f 596/862/596 244/373/244 509/735/509
f 597/863/597 178/708/178 401/582/401
f 595/859/595 592/856/592 593/860/593
f 406/587/406 584/837/584 504/729/504
f 287/420/287 504/729/504 248/377/248
f 558/802/558 557/801/557 548/820/548
f 474/681/474 79/111/79 439/633/439
f 541/804/541 536/775/536 542/864/542
f 561/807/561 547/788/547 543/784/543
f 458/658/458 460/660/460 21/726/21
f 587/840/587 586/839/586 581/865/581
f 479/688/479 581/865/581 586/839/586
f 413/596/413 439/633/439 79/111/79
f 570/818/570 248/377/248 571/858/571
f 297/433/297 560/819/560 559/803/559
f 598/866/598 599/867/599 600/868/600
f 601/869/601 508/734/508 602/870/602
f 600/868/600 603/871/603 604/872/604
f 605/873/605 606/874/606 607/875/607
f 608/876/608 601/877/601 602/878/602
f 607/875/607 609/879/609 608/876/608
f 610/880/610 608/876/608 599/881/599
f 606/874/606 611/882/611 609/879/609
f 602/878/602 599/881/599 608/876/608
f 609/879/609 612/883/612 601/877/601
f 612/883/612 609/879/609 611/882/611
f 613/884/613 538/777/538 614/885/614
f 615/886/615 616/887/616 617/888/617
f 605/873/605 610/880/610 598/889/598
f 615/890/615 606/874/606 618/891/618
f 614/892/614 619/893/619 613/894/613
f 605/873/605 620/895/620 618/891/618
f 598/889/598 619/893/619 605/873/605
f 618/891/618 621/896/621 615/890/615
f 600/897/600 613/894/613 619/893/619
f 620/895/620 614/892/614 622/898/622
f 622/898/622 621/896/621 620/895/620
f 621/899/621 623/900/623 615/886/615
f 604/901/604 538/777/538 613/884/613
f 537/776/537 624/902/624 622/903/622
f 509/735/509 601/869/601 612/904/612
f 442/637/442 555/799/555 352/508/352
f 624/902/624 621/899/621 622/903/622
f 537/776/537 614/885/614 538/777/538
f 297/433/297 538/777/538 325/476/325
f 625/905/625 509/735/509 612/904/612
f 617/888/617 616/887/616 611/906/611
f 625/905/625 611/906/611 616/887/616
f 508/734/508 603/907/603 602/870/602
f 603/907/603 325/476/325 604/901/604
f 505/730/505 398/575/398 626/908/626
f 627/909/627 322/472/322 330/483/330
f 484/724/484 472/685/472 468/725/468
f 495/707/495 178/708/178 501/721/501
f 352/508/352 555/799/555 554/798/554
f 377/579/377 362/533/362 357/580/357
f 566/861/566 570/818/570 578/910/578
f 404/585/404 595/859/595 406/587/406
f 506/731/506 399/576/399 398/575/398
f 389/557/389 369/535/369 473/678/473
f 596/862/596 509/735/509 625/905/625
f 359/578/359 364/525/364 378/911/378
f 85/244/85 237/361/237 148/363/148
f 346/502/346 539/778/539 437/630/437
f 443/638/443 474/681/474 439/633/439
f 408/591/408 479/688/479 586/839/586
f 397/573/397 399/576/399 506/731/506
f 346/502/346 345/501/345 463/663/463
f 345/501/345 348/504/348 463/663/463
f 348/504/348 473/678/473 463/663/463
f 368/534/368 387/554/387 510/737/510
f 397/573/397 510/737/510 387/554/387
f 408/591/408 594/857/594 404/585/404
f 595/859/595 404/585/404 594/857/594
f 572/824/572 363/524/363 588/842/588
f 363/524/363 557/801/557 588/842/588
f 557/801/557 352/508/352 554/798/554
f 537/776/537 442/637/442 624/902/624
f 624/902/624 442/637/442 623/900/623
f 596/862/596 625/905/625 616/887/616
f 442/637/442 616/887/616 623/900/623
f 429/615/429 474/681/474 443/638/443
f 539/778/539 429/615/429 436/628/436
f 351/507/351 437/630/437 426/612/426
f 494/706/494 478/687/478 502/727/502
f 502/727/502 501/721/501 178/708/178
f 507/732/507 390/558/390 182/560/182
f 478/687/478 477/686/477 502/727/502
f 596/862/596 413/596/413 79/111/79
f 365/528/365 181/530/181 535/771/535
f 407/589/407 458/658/458 21/726/21
f 507/732/507 163/231/163 78/110/78
f 160/228/160 508/734/508 244/373/244
f 628/912/628 629/913/629 630/914/630
f 631/915/631 632/916/632 633/917/633
f 634/918/634 629/913/629 631/915/631
f 633/917/633 635/919/635 636/920/636
f 637/921/637 630/914/630 629/913/629
f 632/916/632 628/912/628 638/922/638
f 638/922/638 635/919/635 632/916/632
f 634/923/634 639/924/639 637/925/637
f 640/926/640 641/927/641 642/928/642
f 638/929/638 643/930/643 644/931/644
f 645/932/645 646/933/646 636/934/636
f 647/935/647 648/936/648 649/937/649
f 628/938/628 643/930/643 638/929/638
f 637/925/637 650/939/650 648/940/648
f 634/918/634 651/941/651 652/942/652
f 633/917/633 646/943/646 653/944/653
f 654/945/654 655/946/655 656/947/656
f 651/941/651 657/948/657 654/945/654
f 652/942/652 654/945/654 639/949/639
f 653/944/653 658/950/658 657/948/657
f 656/947/656 639/949/639 654/945/654
f 657/948/657 659/951/659 655/946/655
f 659/951/659 657/948/657 658/950/658
f 660/952/660 661/953/661 650/954/650
f 635/955/635 644/931/644 645/932/645
f 662/956/662 136/957/136 663/958/663
f 660/959/660 642/928/642 664/960/664
f 665/961/665 666/962/666 659/963/659
f 667/964/667 668/965/668 669/966/669
f 670/967/670 671/968/671 672/969/672
f 673/970/673 674/971/674 675/972/675
f 672/969/672 676/973/676 670/967/670
f 677/974/677 674/971/674 672/969/672
f 670/967/670 678/975/678 679/976/679
f 640/977/640 675/972/675 674/971/674
f 676/973/676 673/970/673 666/978/666
f 666/978/666 678/975/678 676/973/676
f 680/979/680 681/980/681 682/981/682
f 683/982/683 684/983/684 679/984/679
f 665/961/665 658/985/658 685/986/685
f 686/987/686 687/988/687 688/989/688
f 677/974/677 671/968/671 641/990/641
f 689/991/689 679/976/679 684/992/684
f 690/993/690 681/994/681 680/995/680
f 671/968/671 691/996/691 690/993/690
f 641/990/641 690/993/690 642/997/642
f 689/991/689 692/998/692 691/996/691
f 680/995/680 642/997/642 690/993/690
f 691/996/691 693/999/693 681/994/681
f 693/999/693 691/996/691 692/998/692
f 692/1000/692 684/983/684 694/1001/694
f 682/981/682 664/1002/664 680/979/680
f 626/908/626 693/1003/693 695/1004/695
f 673/1005/673 656/1006/656 655/1007/655
f 646/933/646 685/986/685 658/985/658
f 696/1008/696 169/238/169 291/425/291
f 692/1000/692 695/1004/695 693/1003/693
f 681/980/681 626/908/626 682/981/682
f 697/1009/697 698/1010/698 699/1011/699
f 636/934/636 635/955/635 645/932/645
f 329/482/329 169/238/169 700/1012/700
f 628/938/628 630/1013/630 647/935/647
f 633/917/633 651/941/651 631/915/631
f 136/957/136 701/1014/701 663/958/663
f 679/984/679 678/1015/678 683/982/683
f 678/1015/678 702/1016/702 683/982/683
f 664/1002/664 703/1017/703 660/952/660
f 648/936/648 661/953/661 649/937/649
f 704/1018/704 705/1019/705 706/1020/706
f 707/1021/707 708/1022/708 709/1023/709
f 710/1024/710 706/1020/706 711/1025/711
f 712/1026/712 713/1027/713 714/1028/714
f 707/1029/707 715/1030/715 708/1031/708
f 714/1028/714 716/1032/716 712/1026/712
f 717/1033/717 715/1030/715 714/1028/714
f 712/1026/712 718/1034/718 719/1035/719
f 704/1036/704 708/1031/708 715/1030/715
f 716/1032/716 707/1029/707 720/1037/720
f 720/1037/720 718/1034/718 716/1032/716
f 721/1038/721 722/1039/722 723/1040/723
f 724/1041/724 725/1042/725 719/1043/719
f 717/1033/717 713/1027/713 705/1044/705
f 712/1026/712 725/1045/725 726/1046/726
f 727/1047/727 722/1048/722 721/1049/721
f 713/1027/713 728/1050/728 727/1047/727
f 705/1044/705 727/1047/727 706/1051/706
f 726/1046/726 729/1052/729 728/1050/728
f 721/1049/721 706/1051/706 727/1047/727
f 728/1050/728 730/1053/730 722/1048/722
f 730/1053/730 728/1050/728 729/1052/729
f 729/1054/729 725/1042/725 731/1055/731
f 723/1040/723 711/1056/711 721/1038/721
f 732/1057/732 730/1058/730 733/1059/733
f 734/1060/734 707/1021/707 709/1023/709
f 663/958/663 735/1061/735 736/1062/736
f 729/1054/729 733/1059/733 730/1058/730
f 722/1039/722 732/1057/732 723/1040/723
f 723/1040/723 649/937/649 737/1063/737
f 738/1064/738 720/1065/720 734/1060/734
f 719/1043/719 718/1066/718 724/1041/724
f 718/1066/718 738/1064/738 724/1041/724
f 710/1067/710 709/1023/709 708/1022/708
f 737/1063/737 710/1067/710 711/1056/711
f 739/1068/739 740/1069/740 741/1070/741
f 742/1071/742 743/1072/743 744/1073/744
f 745/1074/745 740/1069/740 742/1071/742
f 744/1073/744 746/1075/746 747/1076/747
f 748/1077/748 741/1070/741 740/1069/740
f 743/1072/743 739/1068/739 749/1078/749
f 749/1078/749 746/1075/746 743/1072/743
f 745/1079/745 750/1080/750 748/1081/748
f 751/1082/751 752/1083/752 753/1084/753
f 749/1085/749 701/1014/701 754/1086/754
f 755/1087/755 756/1088/756 747/1089/747
f 735/1061/735 757/1090/757 758/1091/758
f 739/1092/739 701/1014/701 749/1085/749
f 748/1081/748 759/1093/759 757/1094/757
f 745/1074/745 760/1095/760 761/1096/761
f 744/1073/744 756/1097/756 762/1098/762
f 763/1099/763 764/1100/764 668/1101/668
f 760/1095/760 765/1102/765 763/1099/763
f 761/1096/761 763/1099/763 750/1103/750
f 762/1098/762 766/1104/766 765/1102/765
f 668/1101/668 750/1103/750 763/1099/763
f 765/1102/765 767/1105/767 764/1100/764
f 767/1105/767 765/1102/765 766/1104/766
f 667/964/667 768/1106/768 759/1107/759
f 746/1108/746 754/1086/754 755/1087/755
f 769/1109/769 89/122/89 770/1110/770
f 667/1111/667 753/1084/753 771/1112/771
f 772/1113/772 773/1114/773 767/1115/767
f 661/953/661 774/1116/774 775/1117/775
f 776/1118/776 777/1119/777 778/1120/778
f 779/1121/779 780/1122/780 669/1123/669
f 778/1120/778 781/1124/781 776/1118/776
f 782/1125/782 780/1122/780 778/1120/778
f 776/1118/776 783/1126/783 784/1127/784
f 751/1128/751 669/1123/669 780/1122/780
f 781/1124/781 779/1121/779 773/1129/773
f 773/1129/773 783/1126/783 781/1124/781
f 785/1130/785 786/1131/786 400/581/400
f 787/1132/787 788/1133/788 784/1134/784
f 772/1113/772 766/1135/766 789/1136/789
f 790/1137/790 178/708/178 597/863/597
f 782/1125/782 777/1119/777 752/1138/752
f 791/1139/791 784/1127/784 788/1140/788
f 792/1141/792 786/1142/786 785/1143/785
f 777/1119/777 793/1144/793 792/1141/792
f 752/1138/752 792/1141/792 753/1145/753
f 791/1139/791 794/1146/794 793/1144/793
f 785/1143/785 753/1145/753 792/1141/792
f 793/1144/793 795/1147/795 786/1142/786
f 795/1147/795 793/1144/793 794/1146/794
f 794/1148/794 788/1133/788 796/1149/796
f 400/581/400 771/1150/771 785/1130/785
f 597/863/597 795/1151/795 790/1137/790
f 779/1152/779 668/965/668 764/1153/764
f 756/1088/756 789/1136/789 766/1135/766
f 190/1154/190 789/1136/789 755/1087/755
f 797/1155/797 696/1008/696 291/425/291
f 794/1148/794 790/1137/790 795/1151/795
f 786/1131/786 597/863/597 400/581/400
f 325/476/325 317/463/317 297/433/297
f 747/1089/747 746/1108/746 755/1087/755
f 770/1110/770 89/122/89 798/1156/798
f 739/1092/739 741/1157/741 735/1061/735
f 744/1073/744 760/1095/760 742/1071/742
f 799/1158/799 800/1159/800 801/1160/801
f 784/1134/784 783/1161/783 787/1132/787
f 783/1161/783 802/1162/802 787/1132/787
f 802/1162/802 187/1163/187 787/1132/787
f 771/1150/771 803/1164/803 667/964/667
f 757/1090/757 768/1106/768 758/1091/758
f 804/1165/804 805/1166/805 806/1167/806
f 807/1168/807 808/1169/808 770/1110/770
f 809/1170/809 806/1167/806 810/1171/810
f 811/1172/811 812/1173/812 813/1174/813
f 807/1175/807 814/1176/814 808/1177/808
f 813/1174/813 815/1178/815 811/1172/811
f 816/1179/816 814/1176/814 813/1174/813
f 811/1172/811 817/1180/817 818/1181/818
f 804/1182/804 808/1177/808 814/1176/814
f 815/1178/815 807/1175/807 819/1183/819
f 819/1183/819 817/1180/817 815/1178/815
f 820/1184/820 821/1185/821 736/1062/736
f 688/989/688 822/1186/822 818/1187/818
f 816/1179/816 812/1173/812 805/1188/805
f 811/1172/811 822/1189/822 823/1190/823
f 824/1191/824 821/1192/821 820/1193/820
f 812/1173/812 825/1194/825 824/1191/824
f 805/1188/805 824/1191/824 806/1195/806
f 823/1190/823 826/1196/826 825/1194/825
f 820/1193/820 806/1195/806 824/1191/824
f 825/1194/825 827/1197/827 821/1192/821
f 827/1197/827 825/1194/825 826/1196/826
f 826/1198/826 822/1186/822 828/1199/828
f 736/1062/736 810/1200/810 820/1184/820
f 663/958/663 827/1201/827 662/956/662
f 798/1156/798 807/1168/807 770/1110/770
f 829/1202/829 830/1203/830 831/1204/831
f 826/1198/826 662/956/662 827/1201/827
f 821/1185/821 663/958/663 736/1062/736
f 736/1062/736 758/1091/758 832/1205/832
f 686/987/686 819/1206/819 798/1156/798
f 818/1187/818 817/1207/817 688/989/688
f 817/1207/817 686/987/686 688/989/688
f 809/1208/809 770/1110/770 808/1169/808
f 832/1205/832 809/1208/809 810/1200/810
f 833/1209/833 834/1210/834 835/1211/835
f 836/1212/836 837/1213/837 838/1214/838
f 839/1215/839 834/1210/834 836/1212/836
f 838/1214/838 840/1216/840 841/1217/841
f 842/1218/842 835/1211/835 834/1210/834
f 837/1213/837 833/1209/833 843/1219/843
f 843/1219/843 840/1216/840 837/1213/837
f 839/1220/839 844/1221/844 842/1222/842
f 845/1223/845 846/1224/846 847/1225/847
f 843/1226/843 848/1227/848 849/1228/849
f 850/1229/850 851/1230/851 841/1231/841
f 830/1203/830 852/1232/852 308/451/308
f 833/1233/833 848/1227/848 843/1226/843
f 842/1222/842 853/1234/853 852/1235/852
f 839/1215/839 854/1236/854 855/1237/855
f 838/1214/838 851/1238/851 856/1239/856
f 857/1240/857 858/1241/858 859/1242/859
f 854/1236/854 860/1243/860 857/1240/857
f 855/1237/855 857/1240/857 844/1244/844
f 856/1239/856 861/1245/861 860/1243/860
f 859/1242/859 844/1244/844 857/1240/857
f 860/1243/860 862/1246/862 858/1241/858
f 862/1246/862 860/1243/860 861/1245/861
f 863/1247/863 288/421/288 853/1248/853
f 840/1249/840 849/1228/849 850/1229/850
f 688/989/688 136/957/136 828/1199/828
f 863/1250/863 847/1225/847 864/1251/864
f 775/1117/775 865/1252/865 862/1253/862
f 768/1106/768 702/1016/702 665/961/665
f 866/1254/866 867/1255/867 868/1256/868
f 869/1257/869 870/1258/870 871/1259/871
f 868/1256/868 872/1260/872 866/1254/866
f 873/1261/873 870/1258/870 868/1256/868
f 866/1254/866 874/1262/874 875/1263/875
f 845/1264/845 871/1259/871 870/1258/870
f 872/1260/872 869/1257/869 865/1265/865
f 865/1265/865 874/1262/874 872/1260/872
f 876/1266/876 877/1267/877 503/728/503
f 878/1268/878 879/1269/879 875/1270/875
f 775/1117/775 861/1271/861 880/1272/880
f 862/1253/862 869/1273/869 858/1274/858
f 873/1261/873 867/1255/867 846/1275/846
f 881/1276/881 875/1263/875 879/1277/879
f 882/1278/882 877/1279/877 876/1280/876
f 867/1255/867 883/1281/883 882/1278/882
f 846/1275/846 882/1278/882 847/1282/847
f 881/1276/881 884/1283/884 883/1281/883
f 876/1280/876 847/1282/847 882/1278/882
f 883/1281/883 885/1284/885 877/1279/877
f 885/1284/885 883/1281/883 884/1283/884
f 884/1285/884 879/1269/879 886/1286/886
f 503/728/503 864/1287/864 876/1266/876
f 405/586/405 885/1288/885 887/1289/887
f 869/1273/869 859/1290/859 858/1274/858
f 851/1230/851 880/1272/880 861/1271/861
f 800/1159/800 888/1291/888 801/1160/801
f 889/1292/889 266/398/266 268/400/268
f 884/1285/884 887/1289/887 885/1288/885
f 877/1267/877 405/586/405 503/728/503
f 889/1292/889 258/389/258 328/481/328
f 841/1231/841 840/1249/840 850/1229/850
f 890/1293/890 769/1109/769 734/1060/734
f 833/1233/833 835/1294/835 830/1203/830
f 836/1212/836 856/1239/856 854/1236/854
f 754/1086/754 190/1154/190 755/1087/755
f 875/1270/875 874/1295/874 878/1268/878
f 874/1295/874 774/1116/774 878/1268/878
f 709/1023/709 890/1293/890 734/1060/734
f 287/420/287 863/1247/863 864/1287/864
f 308/451/308 853/1248/853 288/421/288
f 891/1296/891 892/1297/892 893/1298/893
f 894/1299/894 895/1300/895 799/1158/799
f 896/1301/896 893/1298/893 897/1302/897
f 898/1303/898 899/1304/899 900/1305/900
f 894/1306/894 901/1307/901 895/1308/895
f 900/1305/900 902/1309/902 898/1303/898
f 903/1310/903 901/1307/901 900/1305/900
f 898/1303/898 904/1311/904 905/1312/905
f 891/1313/891 895/1308/895 901/1307/901
f 902/1309/902 894/1306/894 906/1314/906
f 906/1314/906 904/1311/904 902/1309/902
f 907/1315/907 908/1316/908 831/1204/831
f 909/1317/909 910/1318/910 905/1319/905
f 903/1310/903 899/1304/899 892/1320/892
f 898/1303/898 910/1321/910 911/1322/911
f 912/1323/912 908/1324/908 907/1325/907
f 899/1304/899 913/1326/913 912/1323/912
f 892/1320/892 912/1323/912 893/1327/893
f 911/1322/911 914/1328/914 913/1326/913
f 907/1325/907 893/1327/893 912/1323/912
f 913/1326/913 915/1329/915 908/1324/908
f 915/1329/915 913/1326/913 914/1328/914
f 914/1330/914 910/1318/910 916/1331/916
f 831/1204/831 897/1332/897 907/1315/907
f 829/1202/829 915/1333/915 917/1334/917
f 801/1160/801 894/1299/894 799/1158/799
f 848/1227/848 737/1063/737 649/937/649
f 914/1330/914 917/1334/917 915/1333/915
f 908/1316/908 829/1202/829 831/1204/831
f 831/1204/831 308/451/308 330/483/330
f 918/1335/918 906/1336/906 801/1160/801
f 905/1319/905 904/1337/904 909/1317/909
f 904/1337/904 918/1335/918 909/1317/909
f 896/1338/896 799/1158/799 895/1300/895
f 330/483/330 896/1338/896 897/1332/897
f 286/418/286 324/474/324 919/1339/919
f 229/347/229 920/1340/920 303/443/303
f 767/1115/767 779/1152/779 764/1153/764
f 790/1137/790 796/1149/796 178/708/178
f 649/937/649 849/1228/849 848/1227/848
f 659/963/659 673/1005/673 655/1007/655
f 863/1247/863 859/1290/859 871/1341/871
f 403/584/403 405/586/405 887/1289/887
f 505/730/505 626/908/626 695/1004/695
f 685/986/685 768/1106/768 665/961/665
f 888/1291/888 918/1335/918 801/1160/801
f 660/952/660 656/1006/656 675/1342/675
f 327/480/327 920/1340/920 323/473/323
f 800/1159/800 90/123/90 890/1293/890
f 832/1205/832 643/930/643 732/1057/732
f 738/1064/738 734/1060/734 769/1109/769
f 703/1017/703 878/1268/878 774/1116/774
f 694/1001/694 505/730/505 695/1004/695
f 643/930/643 758/1091/758 644/931/644
f 644/931/644 758/1091/758 645/932/645
f 645/932/645 768/1106/768 685/986/685
f 702/1016/702 803/1164/803 683/982/683
f 803/1164/803 694/1001/694 683/982/683
f 886/1286/886 703/1017/703 403/584/403
f 887/1289/887 886/1286/886 403/584/403
f 775/1117/775 880/1272/880 661/953/661
f 661/953/661 850/1229/850 649/937/649
f 850/1229/850 849/1228/849 649/937/649
f 829/1202/829 917/1334/917 737/1063/737
f 917/1334/917 916/1331/916 737/1063/737
f 888/1291/888 909/1317/909 918/1335/918
f 737/1063/737 909/1317/909 888/1291/888
f 724/1041/724 738/1064/738 769/1109/769
f 724/1041/724 832/1205/832 731/1055/731
f 732/1057/732 647/935/647 723/1040/723
f 789/1136/789 187/1163/187 772/1113/772
f 796/1149/796 187/1163/187 178/708/178
f 798/1156/798 687/988/687 686/987/686
f 772/1113/772 187/1163/187 802/1162/802
f 888/1291/888 890/1293/890 709/1023/709
f 662/956/662 828/1199/828 136/957/136
f 701/1014/701 190/1154/190 754/1086/754
f 798/1156/798 120/193/120 687/988/687
f 322/472/322 800/1159/800 799/1158/799
f 921/1343/921 922/1344/922 923/1345/923
f 924/1346/924 925/1347/925 926/1348/926
f 927/1349/927 922/1344/922 924/1346/924
f 926/1348/926 928/1350/928 929/1351/929
f 930/1352/930 923/1345/923 922/1344/922
f 925/1347/925 921/1343/921 931/1353/931
f 931/1353/931 928/1350/928 925/1347/925
f 927/1354/927 932/1355/932 930/1356/930
f 933/1357/933 934/1358/934 935/1359/935
f 931/1360/931 936/1361/936 937/1362/937
f 938/1363/938 939/1364/939 929/1365/929
f 940/1366/940 941/1367/941 942/1368/942
f 921/1369/921 936/1361/936 931/1360/931
f 930/1356/930 943/1370/943 941/1371/941
f 927/1349/927 944/1372/944 945/1373/945
f 926/1348/926 939/1374/939 946/1375/946
f 947/1376/947 948/1377/948 949/1378/949
f 944/1372/944 950/1379/950 947/1376/947
f 945/1373/945 947/1376/947 932/1380/932
f 946/1375/946 951/1381/951 950/1379/950
f 949/1378/949 932/1380/932 947/1376/947
f 950/1379/950 952/1382/952 948/1377/948
f 952/1382/952 950/1379/950 951/1381/951
f 953/1383/953 954/1384/954 943/1385/943
f 928/1386/928 937/1362/937 938/1363/938
f 955/1387/955 956/1388/956 957/1389/957
f 953/1390/953 935/1359/935 958/1391/958
f 959/1392/959 960/1393/960 952/1394/952
f 961/1395/961 962/1396/962 963/1397/963
f 964/1398/964 965/1399/965 966/1400/966
f 967/1401/967 968/1402/968 969/1403/969
f 966/1400/966 970/1404/970 964/1398/964
f 971/1405/971 968/1402/968 966/1400/966
f 964/1398/964 972/1406/972 973/1407/973
f 933/1408/933 969/1403/969 968/1402/968
f 970/1404/970 967/1401/967 960/1409/960
f 960/1409/960 972/1406/972 970/1404/970
f 974/1410/974 975/1411/975 698/1010/698
f 976/1412/976 977/1413/977 973/1414/973
f 959/1392/959 951/1415/951 978/1416/978
f 979/1417/979 980/1418/980 981/1419/981
f 971/1405/971 965/1399/965 934/1420/934
f 982/1421/982 973/1407/973 977/1422/977
f 983/1423/983 975/1424/975 974/1425/974
f 965/1399/965 984/1426/984 983/1423/983
f 934/1420/934 983/1423/983 935/1427/935
f 982/1421/982 985/1428/985 984/1426/984
f 974/1425/974 935/1427/935 983/1423/983
f 984/1426/984 986/1429/986 975/1424/975
f 986/1429/986 984/1426/984 985/1428/985
f 985/1430/985 977/1413/977 987/1431/987
f 698/1010/698 958/1432/958 974/1410/974
f 699/1011/699 986/1433/986 988/1434/988
f 967/1435/967 949/1436/949 948/1437/948
f 939/1364/939 978/1416/978 951/1415/951
f 989/1438/989 990/1439/990 991/1440/991
f 985/1430/985 988/1434/988 986/1433/986
f 975/1411/975 699/1011/699 698/1010/698
f 992/1441/992 993/1442/993 698/1010/698
f 929/1365/929 928/1386/928 938/1363/938
f 994/1443/994 995/1444/995 993/1442/993
f 921/1369/921 923/1445/923 940/1366/940
f 926/1348/926 944/1372/944 924/1346/924
f 956/1388/956 996/1446/996 957/1389/957
f 973/1414/973 972/1447/972 976/1412/976
f 972/1447/972 997/1448/997 976/1412/976
f 958/1432/958 998/1449/998 953/1383/953
f 941/1367/941 954/1384/954 942/1368/942
f 999/1450/999 1000/1451/1000 1001/1452/1001
f 1002/1453/1002 1003/1454/1003 1004/1455/1004
f 1005/1456/1005 1001/1452/1001 1006/1457/1006
f 1007/1458/1007 1008/1459/1008 1009/1460/1009
f 1002/1461/1002 1010/1462/1010 1003/1463/1003
f 1009/1460/1009 1011/1464/1011 1007/1458/1007
f 1012/1465/1012 1010/1462/1010 1009/1460/1009
f 1007/1458/1007 1013/1466/1013 1014/1467/1014
f 999/1468/999 1003/1463/1003 1010/1462/1010
f 1011/1464/1011 1002/1461/1002 1015/1469/1015
f 1015/1469/1015 1013/1466/1013 1011/1464/1011
f 1016/1470/1016 1017/1471/1017 1018/1472/1018
f 1019/1473/1019 1020/1474/1020 1014/1475/1014
f 1012/1465/1012 1008/1459/1008 1000/1476/1000
f 1007/1458/1007 1020/1477/1020 1021/1478/1021
f 1022/1479/1022 1017/1480/1017 1016/1481/1016
f 1008/1459/1008 1023/1482/1023 1022/1479/1022
f 1000/1476/1000 1022/1479/1022 1001/1483/1001
f 1021/1478/1021 1024/1484/1024 1023/1482/1023
f 1016/1481/1016 1001/1483/1001 1022/1479/1022
f 1023/1482/1023 1025/1485/1025 1017/1480/1017
f 1025/1485/1025 1023/1482/1023 1024/1484/1024
f 1024/1486/1024 1020/1474/1020 1026/1487/1026
f 1018/1472/1018 1006/1488/1006 1016/1470/1016
f 1027/1489/1027 1025/1490/1025 1028/1491/1028
f 1029/1492/1029 1002/1453/1002 1004/1455/1004
f 957/1389/957 1030/1493/1030 1031/1494/1031
f 1024/1486/1024 1028/1491/1028 1025/1490/1025
f 1017/1471/1017 1027/1489/1027 1018/1472/1018
f 1018/1472/1018 942/1368/942 1032/1495/1032
f 1033/1496/1033 1015/1497/1015 1029/1492/1029
f 1014/1475/1014 1013/1498/1013 1019/1473/1019
f 1013/1498/1013 1033/1496/1033 1019/1473/1019
f 1005/1499/1005 1004/1455/1004 1003/1454/1003
f 1032/1495/1032 1005/1499/1005 1006/1488/1006
f 1034/1500/1034 1035/1501/1035 1036/1502/1036
f 1037/1503/1037 1038/1504/1038 1039/1505/1039
f 1040/1506/1040 1035/1501/1035 1037/1503/1037
f 1039/1505/1039 1041/1507/1041 1042/1508/1042
f 1043/1509/1043 1036/1502/1036 1035/1501/1035
f 1038/1504/1038 1034/1500/1034 1044/1510/1044
f 1044/1510/1044 1041/1507/1041 1038/1504/1038
f 1040/1511/1040 1045/1512/1045 1043/1513/1043
f 1046/1514/1046 1047/1515/1047 1048/1516/1048
f 1044/1517/1044 996/1446/996 1049/1518/1049
f 1050/1519/1050 1051/1520/1051 1042/1521/1042
f 1030/1493/1030 1052/1522/1052 1053/1523/1053
f 1034/1524/1034 996/1446/996 1044/1517/1044
f 1043/1513/1043 1054/1525/1054 1052/1526/1052
f 1040/1506/1040 1055/1527/1055 1056/1528/1056
f 1039/1505/1039 1051/1529/1051 1057/1530/1057
f 1058/1531/1058 1059/1532/1059 962/1533/962
f 1055/1527/1055 1060/1534/1060 1058/1531/1058
f 1056/1528/1056 1058/1531/1058 1045/1535/1045
f 1057/1530/1057 1061/1536/1061 1060/1534/1060
f 962/1533/962 1045/1535/1045 1058/1531/1058
f 1060/1534/1060 1062/1537/1062 1059/1532/1059
f 1062/1537/1062 1060/1534/1060 1061/1536/1061
f 961/1395/961 1063/1538/1063 1054/1539/1054
f 1041/1540/1041 1049/1518/1049 1050/1519/1050
f 1064/1541/1064 76/108/76 1065/1542/1065
f 961/1543/961 1048/1516/1048 1066/1544/1066
f 1067/1545/1067 1068/1546/1068 1062/1547/1062
f 954/1384/954 1069/1548/1069 1070/1549/1070
f 1071/1550/1071 1072/1551/1072 1073/1552/1073
f 1074/1553/1074 1075/1554/1075 963/1555/963
f 1073/1552/1073 1076/1556/1076 1071/1550/1071
f 1077/1557/1077 1075/1554/1075 1073/1552/1073
f 1071/1550/1071 1078/1558/1078 1079/1559/1079
f 1046/1560/1046 963/1555/963 1075/1554/1075
f 1076/1556/1076 1074/1553/1074 1068/1561/1068
f 1068/1561/1068 1078/1558/1078 1076/1556/1076
f 1080/1562/1080 1081/1563/1081 990/1439/990
f 1082/1564/1082 1083/1565/1083 1079/1566/1079
f 1067/1545/1067 1061/1567/1061 1084/1568/1084
f 1085/1569/1085 1086/1570/1086 991/1440/991
f 1077/1557/1077 1072/1551/1072 1047/1571/1047
f 1087/1572/1087 1079/1559/1079 1083/1573/1083
f 1088/1574/1088 1081/1575/1081 1080/1576/1080
f 1072/1551/1072 1089/1577/1089 1088/1574/1088
f 1047/1571/1047 1088/1574/1088 1048/1578/1048
f 1087/1572/1087 1090/1579/1090 1089/1577/1089
f 1080/1576/1080 1048/1578/1048 1088/1574/1088
f 1089/1577/1089 1091/1580/1091 1081/1575/1081
f 1091/1580/1091 1089/1577/1089 1090/1579/1090
f 1090/1581/1090 1083/1565/1083 1092/1582/1092
f 990/1439/990 1066/1583/1066 1080/1562/1080
f 991/1440/991 1091/1584/1091 1085/1569/1085
f 1074/1585/1074 962/1396/962 1059/1586/1059
f 1051/1520/1051 1084/1568/1084 1061/1567/1061
f 1093/1587/1093 1084/1568/1084 1050/1519/1050
f 1094/1588/1094 1095/1589/1095 995/1444/995
f 1090/1581/1090 1085/1569/1085 1091/1584/1091
f 1081/1563/1081 991/1440/991 990/1439/990
f 1096/1590/1096 1097/1591/1097 990/1439/990
f 1042/1521/1042 1041/1540/1041 1050/1519/1050
f 1065/1542/1065 76/108/76 1098/1592/1098
f 1034/1524/1034 1036/1593/1036 1030/1493/1030
f 1039/1505/1039 1055/1527/1055 1037/1503/1037
f 1099/1594/1099 164/232/164 1100/1595/1100
f 1079/1566/1079 1078/1596/1078 1082/1564/1082
f 1078/1596/1078 1101/1597/1101 1082/1564/1082
f 1101/1597/1101 1102/1598/1102 1082/1564/1082
f 1066/1583/1066 1103/1599/1103 961/1395/961
f 1052/1522/1052 1063/1538/1063 1053/1523/1053
f 1104/1600/1104 1105/1601/1105 1106/1602/1106
f 1107/1603/1107 1108/1604/1108 1065/1542/1065
f 1109/1605/1109 1106/1602/1106 1110/1606/1110
f 1111/1607/1111 1112/1608/1112 1113/1609/1113
f 1107/1610/1107 1114/1611/1114 1108/1612/1108
f 1113/1609/1113 1115/1613/1115 1111/1607/1111
f 1116/1614/1116 1114/1611/1114 1113/1609/1113
f 1111/1607/1111 1117/1615/1117 1118/1616/1118
f 1104/1617/1104 1108/1612/1108 1114/1611/1114
f 1115/1613/1115 1107/1610/1107 1119/1618/1119
f 1119/1618/1119 1117/1615/1117 1115/1613/1115
f 1120/1619/1120 1121/1620/1121 1031/1494/1031
f 981/1419/981 1122/1621/1122 1118/1622/1118
f 1116/1614/1116 1112/1608/1112 1105/1623/1105
f 1111/1607/1111 1122/1624/1122 1123/1625/1123
f 1124/1626/1124 1121/1627/1121 1120/1628/1120
f 1112/1608/1112 1125/1629/1125 1124/1626/1124
f 1105/1623/1105 1124/1626/1124 1106/1630/1106
f 1123/1625/1123 1126/1631/1126 1125/1629/1125
f 1120/1628/1120 1106/1630/1106 1124/1626/1124
f 1125/1629/1125 1127/1632/1127 1121/1627/1121
f 1127/1632/1127 1125/1629/1125 1126/1631/1126
f 1126/1633/1126 1122/1621/1122 1128/1634/1128
f 1031/1494/1031 1110/1635/1110 1120/1619/1120
f 957/1389/957 1127/1636/1127 955/1387/955
f 1098/1592/1098 1107/1603/1107 1065/1542/1065
f 1129/1637/1129 1130/1638/1130 1131/1639/1131
f 1126/1633/1126 955/1387/955 1127/1636/1127
f 1121/1620/1121 957/1389/957 1031/1494/1031
f 1031/1494/1031 1053/1523/1053 1132/1640/1132
f 979/1417/979 1119/1641/1119 1098/1592/1098
f 1118/1622/1118 1117/1642/1117 981/1419/981
f 1117/1642/1117 979/1417/979 981/1419/981
f 1109/1643/1109 1065/1542/1065 1108/1604/1108
f 1132/1640/1132 1109/1643/1109 1110/1635/1110
f 1133/1644/1133 1134/1645/1134 1135/1646/1135
f 1136/1647/1136 1137/1648/1137 1138/1649/1138
f 1139/1650/1139 1134/1645/1134 1136/1647/1136
f 1138/1649/1138 1140/1651/1140 1141/1652/1141
f 1142/1653/1142 1135/1646/1135 1134/1645/1134
f 1137/1648/1137 1133/1644/1133 1143/1654/1143
f 1143/1654/1143 1140/1651/1140 1137/1648/1137
f 1139/1655/1139 1144/1656/1144 1142/1657/1142
f 1145/1658/1145 1146/1659/1146 1147/1660/1147
f 1143/1661/1143 1148/1662/1148 1149/1663/1149
f 1150/1664/1150 1151/1665/1151 1141/1666/1141
f 1130/1638/1130 1152/1667/1152 324/474/324
f 1133/1668/1133 1148/1662/1148 1143/1661/1143
f 1142/1657/1142 1153/1669/1153 1152/1670/1152
f 1139/1650/1139 1154/1671/1154 1155/1672/1155
f 1138/1649/1138 1151/1673/1151 1156/1674/1156
f 1157/1675/1157 1158/1676/1158 1159/1677/1159
f 1154/1671/1154 1160/1678/1160 1157/1675/1157
f 1155/1672/1155 1157/1675/1157 1144/1679/1144
f 1156/1674/1156 1161/1680/1161 1160/1678/1160
f 1159/1677/1159 1144/1679/1144 1157/1675/1157
f 1160/1678/1160 1162/1681/1162 1158/1676/1158
f 1162/1681/1162 1160/1678/1160 1161/1680/1161
f 1163/1682/1163 919/1339/919 1153/1683/1153
f 1140/1684/1140 1149/1663/1149 1150/1664/1150
f 981/1419/981 956/1388/956 1128/1634/1128
f 1163/1685/1163 1147/1660/1147 1164/1686/1164
f 1070/1549/1070 1165/1687/1165 1162/1688/1162
f 1063/1538/1063 997/1448/997 959/1392/959
f 1166/1689/1166 1167/1690/1167 1168/1691/1168
f 1169/1692/1169 1170/1693/1170 1171/1694/1171
f 1168/1691/1168 1172/1695/1172 1166/1689/1166
f 1173/1696/1173 1170/1693/1170 1168/1691/1168
f 1166/1689/1166 1174/1697/1174 1175/1698/1175
f 1145/1699/1145 1171/1694/1171 1170/1693/1170
f 1172/1695/1172 1169/1692/1169 1165/1700/1165
f 1165/1700/1165 1174/1697/1174 1172/1695/1172
f 1176/1701/1176 1177/1702/1177 1095/1589/1095
f 1178/1703/1178 1179/1704/1179 1175/1705/1175
f 1070/1549/1070 1161/1706/1161 1180/1707/1180
f 1162/1688/1162 1169/1708/1169 1158/1709/1158
f 1173/1696/1173 1167/1690/1167 1146/1710/1146
f 1181/1711/1181 1175/1698/1175 1179/1712/1179
f 1182/1713/1182 1177/1714/1177 1176/1715/1176
f 1167/1690/1167 1183/1716/1183 1182/1713/1182
f 1146/1710/1146 1182/1713/1182 1147/1717/1147
f 1181/1711/1181 1184/1718/1184 1183/1716/1183
f 1176/1715/1176 1147/1717/1147 1182/1713/1182
f 1183/1716/1183 1185/1719/1185 1177/1714/1177
f 1185/1719/1185 1183/1716/1183 1184/1718/1184
f 1184/1720/1184 1179/1704/1179 1186/1721/1186
f 1095/1589/1095 1164/1722/1164 1176/1701/1176
f 995/1444/995 1185/1723/1185 1187/1724/1187
f 1169/1708/1169 1159/1725/1159 1158/1709/1158
f 1151/1665/1151 1180/1707/1180 1161/1706/1161
f 164/232/164 1188/1726/1188 1100/1595/1100
f 989/1438/989 991/1440/991 1086/1570/1086
f 1184/1720/1184 1187/1724/1187 1185/1723/1185
f 1177/1702/1177 995/1444/995 1095/1589/1095
f 1189/1727/1189 797/1155/797 1095/1589/1095
f 1141/1666/1141 1140/1684/1140 1150/1664/1150
f 1190/1728/1190 1064/1541/1064 1029/1492/1029
f 1133/1668/1133 1135/1729/1135 1130/1638/1130
f 1136/1647/1136 1156/1674/1156 1154/1671/1154
f 1049/1518/1049 1093/1587/1093 1050/1519/1050
f 1175/1705/1175 1174/1730/1174 1178/1703/1178
f 1174/1730/1174 1069/1548/1069 1178/1703/1178
f 1004/1455/1004 1190/1728/1190 1029/1492/1029
f 797/1155/797 1163/1682/1163 1164/1722/1164
f 324/474/324 1153/1683/1153 919/1339/919
f 1191/1731/1191 1192/1732/1192 1193/1733/1193
f 1194/1734/1194 1195/1735/1195 1099/1594/1099
f 1196/1736/1196 1193/1733/1193 1197/1737/1197
f 1198/1738/1198 1199/1739/1199 1200/1740/1200
f 1194/1741/1194 1201/1742/1201 1195/1743/1195
f 1200/1740/1200 1202/1744/1202 1198/1738/1198
f 1203/1745/1203 1201/1742/1201 1200/1740/1200
f 1198/1738/1198 1204/1746/1204 1205/1747/1205
f 1191/1748/1191 1195/1743/1195 1201/1742/1201
f 1202/1744/1202 1194/1741/1194 1206/1749/1206
f 1206/1749/1206 1204/1746/1204 1202/1744/1202
f 1207/1750/1207 1208/1751/1208 1131/1639/1131
f 1209/1752/1209 1210/1753/1210 1205/1754/1205
f 1203/1745/1203 1199/1739/1199 1192/1755/1192
f 1198/1738/1198 1210/1756/1210 1211/1757/1211
f 1212/1758/1212 1208/1759/1208 1207/1760/1207
f 1199/1739/1199 1213/1761/1213 1212/1758/1212
f 1192/1755/1192 1212/1758/1212 1193/1762/1193
f 1211/1757/1211 1214/1763/1214 1213/1761/1213
f 1207/1760/1207 1193/1762/1193 1212/1758/1212
f 1213/1761/1213 1215/1764/1215 1208/1759/1208
f 1215/1764/1215 1213/1761/1213 1214/1763/1214
f 1214/1765/1214 1210/1753/1210 1216/1766/1216
f 1131/1639/1131 1197/1767/1197 1207/1750/1207
f 1129/1637/1129 1215/1768/1215 1217/1769/1217
f 1100/1595/1100 1194/1734/1194 1099/1594/1099
f 1148/1662/1148 1032/1495/1032 942/1368/942
f 1214/1765/1214 1217/1769/1217 1215/1768/1215
f 1208/1751/1208 1129/1637/1129 1131/1639/1131
f 1131/1639/1131 324/474/324 323/473/323
f 1218/1770/1218 1206/1771/1206 1100/1595/1100
f 1205/1754/1205 1204/1772/1204 1209/1752/1209
f 1204/1772/1204 1218/1770/1218 1209/1752/1209
f 1196/1773/1196 1099/1594/1099 1195/1735/1195
f 323/473/323 1196/1773/1196 1197/1767/1197
f 699/1011/699 1219/1774/1219 697/1009/697
f 1062/1547/1062 1074/1585/1074 1059/1586/1059
f 1085/1569/1085 1092/1582/1092 1086/1570/1086
f 942/1368/942 1149/1663/1149 1148/1662/1148
f 952/1394/952 967/1435/967 948/1437/948
f 1163/1682/1163 1159/1725/1159 1171/1775/1171
f 993/1442/993 995/1444/995 1187/1724/1187
f 1097/1591/1097 699/1011/699 988/1434/988
f 978/1416/978 1063/1538/1063 959/1392/959
f 1188/1726/1188 1218/1770/1218 1100/1595/1100
f 953/1383/953 949/1436/949 969/1776/969
f 147/214/147 73/104/73 72/103/72
f 797/1155/797 286/418/286 919/1339/919
f 1132/1640/1132 936/1361/936 1027/1489/1027
f 1033/1496/1033 1029/1492/1029 1064/1541/1064
f 998/1449/998 1178/1703/1178 1069/1548/1069
f 987/1431/987 1097/1591/1097 988/1434/988
f 936/1361/936 1053/1523/1053 937/1362/937
f 937/1362/937 1053/1523/1053 938/1363/938
f 938/1363/938 1063/1538/1063 978/1416/978
f 997/1448/997 1103/1599/1103 976/1412/976
f 1103/1599/1103 987/1431/987 976/1412/976
f 1186/1721/1186 998/1449/998 993/1442/993
f 1187/1724/1187 1186/1721/1186 993/1442/993
f 1070/1549/1070 1180/1707/1180 954/1384/954
f 954/1384/954 1150/1664/1150 942/1368/942
f 1150/1664/1150 1149/1663/1149 942/1368/942
f 1129/1637/1129 1217/1769/1217 1032/1495/1032
f 1217/1769/1217 1216/1766/1216 1032/1495/1032
f 1188/1726/1188 1209/1752/1209 1218/1770/1218
f 1032/1495/1032 1209/1752/1209 1188/1726/1188
f 1019/1473/1019 1033/1496/1033 1064/1541/1064
f 1019/1473/1019 1132/1640/1132 1026/1487/1026
f 1027/1489/1027 940/1366/940 1018/1472/1018
f 1084/1568/1084 1102/1598/1102 1067/1545/1067
f 1092/1582/1092 1102/1598/1102 1086/1570/1086
f 1098/1592/1098 980/1418/980 979/1417/979
f 1067/1545/1067 1102/1598/1102 1101/1597/1101
f 1188/1726/1188 1190/1728/1190 1004/1455/1004
f 955/1387/955 1128/1634/1128 956/1388/956
f 996/1446/996 1093/1587/1093 1049/1518/1049
f 1098/1592/1098 2/2/2 980/1418/980
f 920/1340/920 164/232/164 1099/1594/1099
f 1220/1777/1220 1221/1778/1221 1222/1779/1222
f 1223/1780/1223 1224/1781/1224 1220/1777/1220
f 1225/1782/1225 1220/1777/1220 1226/1783/1226
f 1227/1784/1227 1228/1785/1228 1224/1781/1224
f 1222/1779/1222 1226/1783/1226 1220/1777/1220
f 1224/1781/1224 1229/1786/1229 1221/1778/1221
f 1229/1786/1229 1224/1781/1224 1228/1785/1228
f 1230/1787/1230 1225/1788/1225 1226/1789/1226
f 1231/1790/1231 1232/1791/1232 1233/1792/1233
f 1229/1793/1229 1234/1794/1234 1235/1795/1235
f 1236/1796/1236 1237/1797/1237 1238/1798/1238
f 1239/1799/1239 1240/1800/1240 1241/1801/1241
f 1221/1802/1221 1235/1795/1235 1240/1800/1240
f 1242/1803/1242 1226/1789/1226 1239/1804/1239
f 1243/1805/1243 1225/1782/1225 1244/1806/1244
f 1245/1807/1245 1238/1808/1238 1227/1784/1227
f 1246/1809/1246 1247/1810/1247 1248/1811/1248
f 1243/1805/1243 1249/1812/1249 1245/1807/1245
f 1244/1806/1244 1247/1810/1247 1243/1805/1243
f 1245/1807/1245 1250/1813/1250 1236/1814/1236
f 1230/1815/1230 1248/1811/1248 1247/1810/1247
f 1249/1812/1249 1246/1809/1246 1251/1816/1251
f 1251/1816/1251 1250/1813/1250 1249/1812/1249
f 1252/1817/1252 1253/1818/1253 1242/1819/1242
f 1234/1794/1234 1228/1820/1228 1237/1797/1237
f 1254/1821/1254 1255/1822/1255 205/312/205
f 1233/1792/1233 1253/1823/1253 1256/1824/1256
f 1251/1825/1251 1257/1826/1257 1258/1827/1258
f 1259/1828/1259 1260/1829/1260 1261/1830/1261
f 1262/1831/1262 1263/1832/1263 1264/1833/1264
f 1265/1834/1265 1266/1835/1266 1267/1836/1267
f 1264/1833/1264 1268/1837/1268 1265/1834/1265
f 1269/1838/1269 1265/1834/1265 1232/1839/1232
f 1263/1832/1263 1270/1840/1270 1268/1837/1268
f 1267/1836/1267 1232/1839/1232 1265/1834/1265
f 1268/1837/1268 1271/1841/1271 1266/1835/1266
f 1271/1841/1271 1268/1837/1268 1270/1840/1270
f 1272/1842/1272 992/1441/992 1273/1843/1273
f 1274/1844/1274 1275/1845/1275 1276/1846/1276
f 1250/1847/1250 1258/1827/1258 1277/1848/1277
f 1278/1849/1278 1279/1850/1279 203/310/203
f 1231/1851/1231 1264/1833/1264 1269/1838/1269
f 1280/1852/1280 1276/1853/1276 1263/1832/1263
f 1273/1854/1273 1281/1855/1281 1272/1856/1272
f 1262/1831/1262 1282/1857/1282 1280/1852/1280
f 1231/1851/1231 1281/1855/1281 1262/1831/1262
f 1280/1852/1280 1283/1858/1283 1274/1859/1274
f 1233/1860/1233 1272/1856/1272 1281/1855/1281
f 1282/1857/1282 1273/1854/1273 1284/1861/1284
f 1284/1861/1284 1283/1858/1283 1282/1857/1282
f 1283/1862/1283 1285/1863/1285 1274/1844/1274
f 1256/1864/1256 992/1441/992 1272/1842/1272
f 697/1009/697 1286/1865/1286 1284/1866/1284
f 1248/1867/1248 1266/1868/1266 1246/1869/1246
f 1236/1796/1236 1250/1847/1250 1277/1848/1277
f 1286/1865/1286 1283/1862/1283 1284/1866/1284
f 697/1009/697 1273/1843/1273 992/1441/992
f 1190/1728/1190 75/106/75 77/109/77
f 1238/1798/1238 1237/1797/1237 1228/1820/1228
f 232/353/232 71/102/71 230/351/230
f 1221/1802/1221 1240/1800/1240 1222/1870/1222
f 1243/1805/1243 1227/1784/1227 1223/1780/1223
f 1287/1871/1287 205/312/205 1255/1822/1255
f 1276/1846/1276 1275/1845/1275 1270/1872/1270
f 1257/1826/1257 1270/1872/1270 1275/1845/1275
f 1256/1864/1256 1288/1873/1288 994/1443/994
f 1252/1817/1252 1239/1799/1239 1241/1801/1241
f 1289/1874/1289 1290/1875/1290 1291/1876/1291
f 1292/1877/1292 1293/1878/1293 1294/1879/1294
f 1291/1876/1291 1295/1880/1295 1296/1881/1296
f 1297/1882/1297 1298/1883/1298 1299/1884/1299
f 1300/1885/1300 1292/1886/1292 1294/1887/1294
f 1299/1884/1299 1301/1888/1301 1300/1885/1300
f 1302/1889/1302 1300/1885/1300 1290/1890/1290
f 1298/1883/1298 1303/1891/1303 1301/1888/1301
f 1294/1887/1294 1290/1890/1290 1300/1885/1300
f 1301/1888/1301 1304/1892/1304 1292/1886/1292
f 1304/1892/1304 1301/1888/1301 1303/1891/1303
f 1305/1893/1305 1306/1894/1306 1307/1895/1307
f 1308/1896/1308 1309/1897/1309 1310/1898/1310
f 1297/1882/1297 1302/1889/1302 1289/1899/1289
f 1308/1900/1308 1298/1883/1298 1311/1901/1311
f 1307/1902/1307 1312/1903/1312 1305/1904/1305
f 1297/1882/1297 1313/1905/1313 1311/1901/1311
f 1289/1899/1289 1312/1903/1312 1297/1882/1297
f 1311/1901/1311 1314/1906/1314 1308/1900/1308
f 1291/1907/1291 1305/1904/1305 1312/1903/1312
f 1313/1905/1313 1307/1902/1307 1315/1908/1315
f 1315/1908/1315 1314/1906/1314 1313/1905/1313
f 1314/1909/1314 1316/1910/1316 1308/1896/1308
f 1296/1911/1296 1306/1894/1306 1305/1893/1305
f 1317/1912/1317 1318/1913/1318 1315/1914/1315
f 1319/1915/1319 1292/1877/1292 1304/1916/1304
f 1320/1917/1320 1255/1822/1255 1321/1918/1321
f 1318/1913/1318 1314/1909/1314 1315/1914/1315
f 1317/1912/1317 1307/1895/1307 1306/1894/1306
f 1241/1801/1241 1306/1894/1306 1322/1919/1322
f 1323/1920/1323 1319/1915/1319 1304/1916/1304
f 1310/1898/1310 1309/1897/1309 1303/1921/1303
f 1323/1920/1323 1303/1921/1303 1309/1897/1309
f 1293/1878/1293 1295/1922/1295 1294/1879/1294
f 1295/1922/1295 1322/1919/1322 1296/1911/1296
f 1324/1923/1324 1325/1924/1325 1326/1925/1326
f 1327/1926/1327 1328/1927/1328 1324/1923/1324
f 1329/1928/1329 1324/1923/1324 1330/1929/1330
f 1331/1930/1331 1332/1931/1332 1328/1927/1328
f 1326/1925/1326 1330/1929/1330 1324/1923/1324
f 1328/1927/1328 1333/1932/1333 1325/1924/1325
f 1333/1932/1333 1328/1927/1328 1332/1931/1332
f 1334/1933/1334 1329/1934/1329 1330/1935/1330
f 1335/1936/1335 1336/1937/1336 1337/1938/1337
f 1333/1939/1333 1338/1940/1338 1287/1871/1287
f 1339/1941/1339 1340/1942/1340 1341/1943/1341
f 1342/1944/1342 1320/1917/1320 1343/1945/1343
f 1325/1946/1325 1287/1871/1287 1320/1917/1320
f 1344/1947/1344 1330/1935/1330 1342/1948/1342
f 1345/1949/1345 1329/1928/1329 1346/1950/1346
f 1339/1951/1339 1331/1930/1331 1347/1952/1347
f 1348/1953/1348 1349/1954/1349 1259/1955/1259
f 1345/1949/1345 1350/1956/1350 1347/1952/1347
f 1346/1950/1346 1349/1954/1349 1345/1949/1345
f 1347/1952/1347 1351/1957/1351 1339/1951/1339
f 1334/1958/1334 1259/1955/1259 1349/1954/1349
f 1350/1956/1350 1348/1953/1348 1352/1959/1352
f 1352/1959/1352 1351/1957/1351 1350/1956/1350
f 1353/1960/1353 1260/1829/1260 1344/1961/1344
f 1338/1940/1338 1332/1962/1332 1340/1942/1340
f 1354/1963/1354 1355/1964/1355 146/213/146
f 1337/1938/1337 1260/1965/1260 1356/1966/1356
f 1352/1967/1352 1357/1968/1357 1358/1969/1358
f 1252/1817/1252 1359/1970/1359 1288/1873/1288
f 1360/1971/1360 1361/1972/1361 1362/1973/1362
f 1363/1974/1363 1364/1975/1364 1261/1976/1261
f 1362/1973/1362 1365/1977/1365 1363/1974/1363
f 1366/1978/1366 1363/1974/1363 1336/1979/1336
f 1361/1972/1361 1367/1980/1367 1365/1977/1365
f 1261/1976/1261 1336/1979/1336 1363/1974/1363
f 1365/1977/1365 1368/1981/1368 1364/1975/1364
f 1368/1981/1368 1365/1977/1365 1367/1980/1367
f 1369/1982/1369 1096/1590/1096 1370/1983/1370
f 1371/1984/1371 1372/1985/1372 1373/1986/1373
f 1351/1987/1351 1358/1969/1358 1374/1988/1374
f 1375/1989/1375 989/1438/989 1086/1570/1086
f 1360/1971/1360 1366/1978/1366 1335/1990/1335
f 1376/1991/1376 1373/1992/1373 1361/1972/1361
f 1370/1993/1370 1377/1994/1377 1369/1995/1369
f 1360/1971/1360 1378/1996/1378 1376/1991/1376
f 1335/1990/1335 1377/1994/1377 1360/1971/1360
f 1376/1991/1376 1379/1997/1379 1371/1998/1371
f 1337/1999/1337 1369/1995/1369 1377/1994/1377
f 1378/1996/1378 1370/1993/1370 1380/2000/1380
f 1380/2000/1380 1379/1997/1379 1378/1996/1378
f 1379/2001/1379 1381/2002/1381 1371/1984/1371
f 1356/2003/1356 1096/1590/1096 1369/1982/1369
f 989/1438/989 1375/1989/1375 1380/2004/1380
f 1259/1828/1259 1364/2005/1364 1348/2006/1348
f 1339/1941/1339 1351/1987/1351 1374/1988/1374
f 1382/2007/1382 1374/1988/1374 1383/2008/1383
f 7/7/7 244/373/244 79/111/79
f 1375/1989/1375 1379/2001/1379 1380/2004/1380
f 989/1438/989 1370/1983/1370 1096/1590/1096
f 173/242/173 154/222/154 213/325/213
f 1341/1943/1341 1340/1942/1340 1332/1962/1332
f 1355/1964/1355 1384/2009/1384 146/213/146
f 1325/1946/1325 1320/1917/1320 1326/2010/1326
f 1345/1949/1345 1331/1930/1331 1327/1926/1327
f 1385/2011/1385 1386/2012/1386 142/208/142
f 1373/1986/1373 1372/1985/1372 1367/2013/1367
f 1357/1968/1357 1367/2013/1367 1372/1985/1372
f 1357/1968/1357 1372/1985/1372 1383/2008/1383
f 1356/2003/1356 1387/2014/1387 1219/1774/1219
f 1353/1960/1353 1342/1944/1342 1343/1945/1343
f 1388/2015/1388 1389/2016/1389 1390/2017/1390
f 1391/2018/1391 1355/1964/1355 1392/2019/1392
f 1390/2017/1390 1393/2020/1393 1394/2021/1394
f 1395/2022/1395 1396/2023/1396 1397/2024/1397
f 1398/2025/1398 1391/2026/1391 1392/2027/1392
f 1397/2024/1397 1399/2028/1399 1398/2025/1398
f 1400/2029/1400 1398/2025/1398 1389/2030/1389
f 1396/2023/1396 1401/2031/1401 1399/2028/1399
f 1392/2027/1392 1389/2030/1389 1398/2025/1398
f 1399/2028/1399 1402/2032/1402 1391/2026/1391
f 1402/2032/1402 1399/2028/1399 1401/2031/1401
f 1403/2033/1403 1321/1918/1321 1404/2034/1404
f 1405/2035/1405 1279/1850/1279 1406/2036/1406
f 1395/2022/1395 1400/2029/1400 1388/2037/1388
f 1405/2038/1405 1396/2023/1396 1407/2039/1407
f 1404/2040/1404 1408/2041/1408 1403/2042/1403
f 1395/2022/1395 1409/2043/1409 1407/2039/1407
f 1388/2037/1388 1408/2041/1408 1395/2022/1395
f 1407/2039/1407 1410/2044/1410 1405/2038/1405
f 1390/2045/1390 1403/2042/1403 1408/2041/1408
f 1409/2043/1409 1404/2040/1404 1411/2046/1411
f 1411/2046/1411 1410/2044/1410 1409/2043/1409
f 1410/2047/1410 1412/2048/1412 1405/2035/1405
f 1394/2049/1394 1321/1918/1321 1403/2033/1403
f 1255/1822/1255 1254/1821/1254 1411/2050/1411
f 1384/2009/1384 1391/2018/1391 1402/2051/1402
f 1413/2052/1413 1414/2053/1414 1415/2054/1415
f 1254/1821/1254 1410/2047/1410 1411/2050/1411
f 1255/1822/1255 1404/2034/1404 1321/1918/1321
f 1343/1945/1343 1321/1918/1321 1416/2055/1416
f 1278/1849/1278 1384/2009/1384 1402/2051/1402
f 1406/2036/1406 1279/1850/1279 1401/2056/1401
f 1278/1849/1278 1401/2056/1401 1279/1850/1279
f 1355/1964/1355 1393/2057/1393 1392/2019/1392
f 1393/2057/1393 1416/2055/1416 1394/2049/1394
f 1417/2058/1417 1418/2059/1418 1419/2060/1419
f 1420/2061/1420 1421/2062/1421 1417/2058/1417
f 1422/2063/1422 1417/2058/1417 1423/2064/1423
f 1424/2065/1424 1425/2066/1425 1421/2062/1421
f 1419/2060/1419 1423/2064/1423 1417/2058/1417
f 1421/2062/1421 1426/2067/1426 1418/2059/1418
f 1426/2067/1426 1421/2062/1421 1425/2066/1425
f 1427/2068/1427 1422/2069/1422 1423/2070/1423
f 1428/2071/1428 1429/2072/1429 1430/2073/1430
f 1426/2074/1426 1431/2075/1431 1432/2076/1432
f 1433/2077/1433 1434/2078/1434 1435/2079/1435
f 1436/2080/1436 1413/2052/1413 329/482/329
f 1418/2081/1418 1432/2076/1432 1413/2052/1413
f 1437/2082/1437 1423/2070/1423 1436/2083/1436
f 1438/2084/1438 1422/2063/1422 1439/2085/1439
f 1433/2086/1433 1424/2065/1424 1440/2087/1440
f 1441/2088/1441 1442/2089/1442 1443/2090/1443
f 1438/2084/1438 1444/2091/1444 1440/2087/1440
f 1439/2085/1439 1442/2089/1442 1438/2084/1438
f 1440/2087/1440 1445/2092/1445 1433/2086/1433
f 1427/2093/1427 1443/2090/1443 1442/2089/1442
f 1444/2091/1444 1441/2088/1441 1446/2094/1446
f 1446/2094/1446 1445/2092/1445 1444/2091/1444
f 1447/2095/1447 1437/2096/1437 700/1012/700
f 1431/2075/1431 1425/2097/1425 1434/2078/1434
f 205/312/205 1279/1850/1279 1412/2048/1412
f 1430/2073/1430 1447/2098/1447 1448/2099/1448
f 1446/2100/1446 1359/1970/1359 1449/2101/1449
f 1257/1826/1257 1353/1960/1353 1258/1827/1258
f 1450/2102/1450 1451/2103/1451 1452/2104/1452
f 1453/2105/1453 1454/2106/1454 1455/2107/1455
f 1452/2104/1452 1456/2108/1456 1453/2105/1453
f 1457/2109/1457 1453/2105/1453 1429/2110/1429
f 1451/2103/1451 1458/2111/1458 1456/2108/1456
f 1455/2107/1455 1429/2110/1429 1453/2105/1453
f 1456/2108/1456 1459/2112/1459 1454/2106/1454
f 1459/2112/1459 1456/2108/1456 1458/2111/1458
f 1460/2113/1460 1189/1727/1189 1461/2114/1461
f 1462/2115/1462 1463/2116/1463 1464/2117/1464
f 1445/2118/1445 1449/2101/1449 1465/2119/1465
f 1454/2120/1454 1446/2100/1446 1441/2121/1441
f 1428/2122/1428 1452/2104/1452 1457/2109/1457
f 1466/2123/1466 1464/2124/1464 1451/2103/1451
f 1461/2125/1461 1467/2126/1467 1460/2127/1460
f 1450/2102/1450 1468/2128/1468 1466/2123/1466
f 1428/2122/1428 1467/2126/1467 1450/2102/1450
f 1466/2123/1466 1469/2129/1469 1462/2130/1462
f 1430/2131/1430 1460/2127/1460 1467/2126/1467
f 1468/2128/1468 1461/2125/1461 1470/2132/1470
f 1470/2132/1470 1469/2129/1469 1468/2128/1468
f 1469/2133/1469 1471/2134/1471 1462/2115/1462
f 1448/2135/1448 1189/1727/1189 1460/2113/1460
f 1094/1588/1094 1472/2136/1472 1470/2137/1470
f 1443/2138/1443 1454/2120/1454 1441/2121/1441
f 1433/2077/1433 1445/2118/1445 1465/2119/1465
f 1473/2139/1473 142/208/142 1386/2012/1386
f 1472/2136/1472 1469/2133/1469 1470/2137/1470
f 1094/1588/1094 1461/2114/1461 1189/1727/1189
f 230/351/230 73/104/73 149/217/149
f 1435/2079/1435 1434/2078/1434 1425/2097/1425
f 1354/1963/1354 1474/2140/1474 1319/1915/1319
f 1418/2081/1418 1413/2052/1413 1419/2141/1419
f 1438/2084/1438 1424/2065/1424 1420/2061/1420
f 1338/1940/1338 1340/1942/1340 1382/2007/1382
f 1464/2117/1464 1463/2116/1463 1458/2142/1458
f 1359/1970/1359 1458/2142/1458 1463/2116/1463
f 1293/1878/1293 1319/1915/1319 1474/2140/1474
f 1447/2095/1447 696/1008/696 1448/2135/1448
f 329/482/329 1437/2096/1437 1436/2080/1436
f 1475/2143/1475 1476/2144/1476 1477/2145/1477
f 1478/2146/1478 1385/2011/1385 1479/2147/1479
f 1477/2145/1477 1480/2148/1480 1481/2149/1481
f 1482/2150/1482 1483/2151/1483 1484/2152/1484
f 1485/2153/1485 1478/2154/1478 1479/2155/1479
f 1484/2152/1484 1486/2156/1486 1485/2153/1485
f 1487/2157/1487 1485/2153/1485 1476/2158/1476
f 1483/2151/1483 1488/2159/1488 1486/2156/1486
f 1479/2155/1479 1476/2158/1476 1485/2153/1485
f 1486/2156/1486 1489/2160/1489 1478/2154/1478
f 1489/2160/1489 1486/2156/1486 1488/2159/1488
f 1490/2161/1490 1415/2054/1415 1491/2162/1491
f 1492/2163/1492 1493/2164/1493 1494/2165/1494
f 1482/2150/1482 1487/2157/1487 1475/2166/1475
f 1492/2167/1492 1483/2151/1483 1495/2168/1495
f 1491/2169/1491 1496/2170/1496 1490/2171/1490
f 1482/2150/1482 1497/2172/1497 1495/2168/1495
f 1475/2166/1475 1496/2170/1496 1482/2150/1482
f 1495/2168/1495 1498/2173/1498 1492/2167/1492
f 1477/2174/1477 1490/2171/1490 1496/2170/1496
f 1497/2172/1497 1491/2169/1491 1499/2175/1499
f 1499/2175/1499 1498/2173/1498 1497/2172/1497
f 1498/2176/1498 1500/2177/1500 1492/2163/1492
f 1481/2178/1481 1415/2054/1415 1490/2161/1490
f 1414/2053/1414 1501/2179/1501 1499/2180/1499
f 1386/2012/1386 1478/2146/1478 1489/2181/1489
f 1322/1919/1322 1432/2076/1432 1241/1801/1241
f 1501/2179/1501 1498/2176/1498 1499/2180/1499
f 1414/2053/1414 1491/2162/1491 1415/2054/1415
f 329/482/329 1415/2054/1415 328/481/328
f 1502/2182/1502 1386/2012/1386 1489/2181/1489
f 1494/2165/1494 1493/2164/1493 1488/2183/1488
f 1502/2182/1502 1488/2183/1488 1493/2164/1493
f 1385/2011/1385 1480/2184/1480 1479/2147/1479
f 1480/2184/1480 328/481/328 1481/2178/1481
f 143/209/143 1474/2140/1474 145/212/145
f 141/207/141 117/211/117 232/2185/232
f 1364/2005/1364 1352/1967/1352 1348/2006/1348
f 1375/1989/1375 1086/1570/1086 1381/2002/1381
f 1241/1801/1241 1432/2076/1432 1431/2075/1431
f 1266/1868/1266 1251/1825/1251 1246/1869/1246
f 1443/2138/1443 1447/2095/1447 1455/2186/1455
f 994/1443/994 1472/2136/1472 1094/1588/1094
f 1219/1774/1219 1286/1865/1286 697/1009/697
f 1277/1848/1277 1258/1827/1258 1353/1960/1353
f 1473/2139/1473 1386/2012/1386 1502/2182/1502
f 1248/1867/1248 1253/1818/1253 1267/2187/1267
f 1235/1795/1235 1416/2055/1416 1317/1912/1317
f 1323/1920/1323 1354/1963/1354 1319/1915/1319
f 1288/1873/1288 1359/1970/1359 1463/2116/1463
f 1285/1863/1285 1286/1865/1286 1219/1774/1219
f 1235/1795/1235 1234/1794/1234 1343/1945/1343
f 1234/1794/1234 1237/1797/1237 1343/1945/1343
f 1237/1797/1237 1353/1960/1353 1343/1945/1343
f 1257/1826/1257 1275/1845/1275 1387/2014/1387
f 1285/1863/1285 1387/2014/1387 1275/1845/1275
f 1288/1873/1288 1471/2134/1471 994/1443/994
f 1472/2136/1472 994/1443/994 1471/2134/1471
f 1449/2101/1449 1252/1817/1252 1465/2119/1465
f 1252/1817/1252 1434/2078/1434 1465/2119/1465
f 1434/2078/1434 1241/1801/1241 1431/2075/1431
f 1414/2053/1414 1322/1919/1322 1501/2179/1501
f 1501/2179/1501 1322/1919/1322 1500/2177/1500
f 1473/2139/1473 1502/2182/1502 1493/2164/1493
f 1322/1919/1322 1493/2164/1493 1500/2177/1500
f 1309/1897/1309 1354/1963/1354 1323/1920/1323
f 1318/1913/1318 1317/1912/1317 1416/2055/1416
f 1240/1800/1240 1317/1912/1317 1306/1894/1306
f 1374/1988/1374 1358/1969/1358 1383/2008/1383
f 1383/2008/1383 1381/2002/1381 1086/1570/1086
f 1384/2009/1384 1278/1849/1278 203/310/203
f 1358/1969/1358 1357/1968/1357 1383/2008/1383
f 1473/2139/1473 1293/1878/1293 1474/2140/1474
f 1254/1821/1254 205/312/205 1412/2048/1412
f 1287/1871/1287 1338/1940/1338 1382/2007/1382
f 1384/2009/1384 82/115/82 146/213/146
f 889/1292/889 1385/2011/1385 142/208/142
f 315/459/315 318/464/318 290/423/290
f 158/226/158 260/2188/260 312/455/312
f 1503/2189/1503 315/459/315 290/423/290
f 267/430/267 1503/2189/1503 307/450/307
f 271/403/271 627/909/627 260/391/260
f 268/400/268 307/2190/307 258/389/258
f 159/227/159 312/455/312 318/464/318
f 181/254/181 67/2191/67 182/255/182
f 1504/2192/1504 137/2193/137 1505/2194/1505
f 1506/2195/1506 103/137/103 104/139/104
f 103/159/103 687/2196/687 120/160/120
f 1505/2194/1505 1507/2197/1507 1506/2195/1506
f 137/198/137 687/2196/687 1507/2198/1507
f 682/981/682 398/575/398 384/551/384
f 177/250/177 47/54/47 154/222/154
f 46/107/46 165/233/165 217/2199/217
f 47/54/47 217/330/217 155/223/155
f 1508/2200/1508 980/1418/980 1/1/1
f 980/1418/980 2/2/2 1/1/1
f 1509/2201/1509 206/2202/206 194/319/194
f 207/314/207 1510/2203/1510 1511/2204/1511
f 201/283/201 210/317/210 204/321/204
f 195/276/195 16/2205/16 210/317/210
f 209/323/209 1511/2204/1511 1510/2203/1510
f 193/274/193 208/318/208 1509/2206/1509
f 1509/2201/1509 209/316/209 1510/2207/1510
f 199/281/199 1508/2208/1508 13/13/13
f 1093/1587/1093 1508/2200/1508 198/2209/198
f 200/2210/200 1086/1570/1086 1102/1598/1102
f 201/2211/201 1382/2007/1382 1383/2008/1383
f 205/312/205 201/2211/201 204/311/204
f 200/2210/200 201/2211/201 1383/2008/1383
f 1086/1570/1086 200/2210/200 1383/2008/1383
f 198/2209/198 200/2210/200 1102/1598/1102
f 1093/1587/1093 198/2209/198 1102/1598/1102
f 1027/1489/1027 1028/1491/1028 1132/1640/1132
f 1028/1491/1028 1026/1487/1026 1132/1640/1132
f 1316/1910/1316 1318/1913/1318 1416/2055/1416
f 1309/1897/1309 1416/2055/1416 1354/1963/1354
f 732/1057/732 733/1059/733 832/1205/832
f 733/1059/733 731/1055/731 832/1205/832
f 438/631/438 437/630/437 539/778/539
f 436/628/436 438/631/438 539/778/539
f 1512/2212/1512 1513/2213/1513 1514/2214/1514
f 1515/2215/1515 1516/2216/1516 1517/2217/1517
f 1518/2218/1518 1519/2219/1519 1520/2220/1520
f 1521/2221/1521 1522/2222/1522 1523/2223/1523
f 1524/2224/1524 1525/2225/1525 1526/2226/1526
f 1527/2227/1527 1528/2228/1528 1529/2229/1529
f 1530/2230/1530 1531/2231/1531 1532/2232/1532
f 1533/2233/1533 1521/2221/1521 1523/2223/1523
f 1534/2234/1534 1535/2235/1535 1536/2236/1536
f 1537/2237/1537 1538/2238/1538 1539/2239/1539
f 1528/2228/1528 1540/2240/1540 1541/2241/1541
f 1524/2224/1524 1540/2242/1540 1542/2243/1542
f 1531/2231/1531 1540/2244/1540 1543/2245/1543
f 1544/2246/1544 1545/2247/1545 1546/2248/1546
f 1532/2232/1532 1545/2249/1545 1547/2250/1547
f 1526/2226/1526 1545/2251/1545 1548/2252/1548
f 1519/2219/1519 1549/2253/1549 1550/2254/1550
f 1514/2214/1514 1549/2255/1549 1551/2256/1551
f 1538/2238/1538 1549/2257/1549 1552/2258/1552
f 1512/2212/1512 1553/2259/1553 1554/2260/1554
f 1555/2261/1555 1553/2262/1553 1556/2263/1556
f 1516/2216/1516 1553/2264/1553 1557/2265/1557
f 1536/2236/1536 1558/2266/1558 1559/2267/1559
f 1530/2230/1530 1558/2268/1558 1560/2269/1560
f 1535/2235/1535 1561/2270/1561 1562/2271/1562
f 1563/2272/1563 1558/2273/1558 1564/2274/1564
f 1565/2275/1565 1561/2276/1561 1566/2277/1566
f 1523/2223/1523 1567/2278/1567 1568/2279/1568
f 1517/2217/1517 1567/2280/1567 1522/2281/1522
f 1518/2218/1518 1567/2282/1567 1569/2283/1569
f 1570/2284/1570 1571/2285/1571 1572/2286/1572
f 1533/2233/1533 1571/2287/1571 1573/2288/1573
f 1520/2220/1520 1571/2289/1571 1574/2290/1574
f 1520/2220/1520 1550/2254/1550 1572/2291/1572
f 1572/2286/1572 1538/2238/1538 1570/2284/1570
f 1520/2220/1520 1568/2292/1568 1518/2218/1518
f 1574/2293/1574 1523/2223/1523 1568/2279/1568
f 1555/2261/1555 1551/2294/1551 1519/2219/1519
f 1556/2295/1556 1514/2214/1514 1551/2256/1551
f 1516/2216/1516 1569/2296/1569 1517/2217/1517
f 1557/2297/1557 1518/2218/1518 1569/2283/1569
f 1533/2233/1533 1575/2298/1575 1576/2299/1576
f 1573/2300/1573 1537/2237/1537 1575/2301/1575
f 1514/2214/1514 1577/2302/1577 1552/2303/1552
f 1552/2258/1552 1539/2239/1539 1538/2238/1538
f 1516/2216/1516 1578/2304/1578 1554/2305/1554
f 1554/2260/1554 1579/2306/1579 1512/2212/1512
f 1580/2307/1580 1517/2217/1517 1522/2281/1522
f 1581/2308/1581 1542/2309/1542 1528/2228/1528
f 1563/2272/1563 1547/2310/1547 1544/2246/1544
f 1564/2311/1564 1532/2232/1532 1547/2250/1547
f 1535/2235/1535 1560/2312/1560 1536/2236/1536
f 1562/2313/1562 1530/2230/1530 1560/2269/1560
f 1531/2231/1531 1566/2277/1566 1541/2314/1541
f 1566/2315/1566 1528/2228/1528 1541/2241/1541
f 1582/2316/1582 1559/2317/1559 1563/2272/1563
f 1583/2318/1583 1536/2236/1536 1559/2267/1559
f 1584/2319/1584 1585/2320/1585 1535/2235/1535
f 1586/2321/1586 1529/2229/1529 1585/2322/1585
f 1526/2226/1526 1543/2323/1543 1524/2224/1524
f 1548/2324/1548 1531/2231/1531 1543/2245/1543
f 1542/2243/1542 1587/2325/1587 1524/2224/1524
f 1563/2272/1563 1588/2326/1588 1582/2316/1582
f 1588/2326/1588 1546/2248/1546 1589/2327/1589
f 1589/2328/1589 1526/2226/1526 1525/2225/1525
f 1529/2229/1529 1561/2329/1561 1585/2322/1585
f 1590/2330/1590 1591/2331/1591 1592/2332/1592
f 1593/2333/1593 1594/2334/1594 1591/2335/1591
f 1595/2336/1595 1596/2337/1596 1594/2338/1594
f 1597/2339/1597 1598/2340/1598 1596/2341/1596
f 1599/2342/1599 1600/2343/1600 1598/2344/1598
f 1601/2345/1601 1592/2346/1592 1600/2347/1600
f 1592/2348/1592 1594/2349/1594 1596/2350/1596
f 1592/2348/1592 1598/2351/1598 1600/2352/1600
f 1602/2353/1602 1603/2354/1603 1604/2355/1604
f 1605/2356/1605 1606/2357/1606 1602/2358/1602
f 1607/2359/1607 1608/2360/1608 1605/2361/1605
f 1609/2362/1609 1610/2363/1610 1607/2364/1607
f 1611/2365/1611 1612/2366/1612 1609/2367/1609
f 1604/2368/1604 1613/2369/1613 1611/2370/1611
f 1604/2371/1604 1605/2372/1605 1602/2373/1602
f 1609/2374/1609 1604/2371/1604 1611/2375/1611
f 1614/2376/1614 1615/2377/1615 1616/2378/1616
f 1617/2379/1617 1618/2380/1618 1615/2381/1615
f 1619/2382/1619 1620/2383/1620 1618/2384/1618
f 1621/2385/1621 1622/2386/1622 1620/2387/1620
f 1623/2388/1623 1624/2389/1624 1622/2390/1622
f 1625/2391/1625 1616/2392/1616 1624/2393/1624
f 1616/2394/1616 1618/2395/1618 1620/2396/1620
f 1626/2397/1626 1627/2398/1627 1628/2399/1628
f 1629/2400/1629 1630/2401/1630 1627/2402/1627
f 1631/2403/1631 1632/2404/1632 1630/2405/1630
f 1633/2406/1633 1634/2407/1634 1632/2408/1632
f 1635/2409/1635 1636/2410/1636 1634/2411/1634
f 1637/2412/1637 1628/2413/1628 1636/2414/1636
f 1630/2415/1630 1634/2416/1634 1636/2417/1636
f 1638/2418/1638 1639/2419/1639 1640/2420/1640
f 1641/2421/1641 1642/2422/1642 1639/2423/1639
f 1643/2424/1643 1644/2425/1644 1642/2426/1642
f 1645/2427/1645 1646/2428/1646 1644/2429/1644
f 1647/2430/1647 1648/2431/1648 1646/2432/1646
f 1649/2433/1649 1640/2434/1640 1648/2435/1648
f 1640/2436/1640 1642/2437/1642 1644/2438/1644
f 1616/2394/1616 1622/2439/1622 1624/2440/1624
f 1627/2441/1627 1636/2417/1636 1628/2442/1628
f 1648/2443/1648 1644/2438/1644 1646/2444/1646
f 1650/2445/1650 1651/2446/1651 1652/2447/1652
f 1653/2448/1653 1654/2449/1654 1650/2450/1650
f 1655/2451/1655 1656/2452/1656 1653/2453/1653
f 1657/2454/1657 1658/2455/1658 1655/2456/1655
f 1659/2457/1659 1660/2458/1660 1657/2459/1657
f 1652/2460/1652 1661/2461/1661 1659/2462/1659
f 1655/2463/1655 1650/2464/1650 1652/2465/1652
f 1662/2466/1662 1663/2467/1663 1664/2468/1664
f 1665/2469/1665 1666/2470/1666 1662/2471/1662
f 1667/2472/1667 1668/2473/1668 1665/2474/1665
f 1669/2475/1669 1670/2476/1670 1667/2477/1667
f 1671/2478/1671 1672/2479/1672 1669/2480/1669
f 1664/2481/1664 1673/2482/1673 1671/2483/1671
f 1669/2484/1669 1665/2485/1665 1671/2486/1671
f 1674/2487/1674 1675/2488/1675 1676/2489/1676
f 1677/2490/1677 1678/2491/1678 1674/2492/1674
f 1679/2493/1679 1680/2494/1680 1677/2495/1677
f 1681/2496/1681 1682/2497/1682 1679/2498/1679
f 1683/2499/1683 1684/2500/1684 1681/2501/1681
f 1676/2502/1676 1685/2503/1685 1683/2504/1683
f 1676/2505/1676 1677/2506/1677 1674/2507/1674
f 1657/2508/1657 1652/2465/1652 1659/2509/1659
f 1664/2510/1664 1665/2485/1665 1662/2511/1662
f 1681/2512/1681 1676/2505/1676 1683/2513/1683
f 1686/2514/1686 1687/2515/1687 1688/2516/1688
f 1687/2515/1687 1689/2517/1689 1688/2516/1688
f 1690/2518/1690 1691/2519/1691 1692/2520/1692
f 1693/2521/1693 1694/2522/1694 1695/2523/1695
f 1696/2524/1696 1697/2525/1697 1698/2526/1698
f 1699/2527/1699 1700/2528/1700 1701/2529/1701
f 1694/2522/1694 1702/2530/1702 1703/2531/1703
f 1704/2532/1704 1690/2518/1690 1692/2520/1692
f 1689/2517/1689 1705/2533/1705 1688/2516/1688
f 1705/2533/1705 1686/2514/1686 1688/2516/1688
f 1706/2534/1706 1697/2525/1697 1707/2535/1707
f 1708/2536/1708 1709/2537/1709 1710/2538/1710
f 1711/2539/1711 1712/2540/1712 1713/2541/1713
f 1696/2524/1696 1693/2521/1693 1695/2523/1695
f 1714/2542/1714 1715/2543/1715 1716/2544/1716
f 1700/2528/1700 1706/2534/1706 1701/2529/1701
f 1717/2545/1717 1714/2542/1714 1718/2546/1718
f 1719/2547/1719 1708/2536/1708 1710/2538/1710
f 1720/2548/1720 1721/2549/1721 1722/2550/1722
f 1723/2551/1723 1721/2552/1721 1724/2553/1724
f 1725/2554/1725 1721/2555/1721 1726/2556/1726
f 1727/2557/1727 1728/2558/1728 1729/2559/1729
f 1730/2560/1730 1728/2561/1728 1731/2562/1731
f 1729/2563/1729 1732/2564/1732 1691/2519/1691
f 1715/2543/1715 1733/2565/1733 1734/2566/1734
f 1735/2567/1735 1733/2568/1733 1736/2569/1736
f 1737/2570/1737 1733/2571/1733 1738/2572/1738
f 1716/2544/1716 1739/2573/1739 1740/2574/1740
f 1741/2575/1741 1742/2576/1742 1704/2532/1704
f 1743/2577/1743 1739/2578/1739 1741/2579/1741
f 1712/2540/1712 1744/2580/1744 1745/2581/1745
f 1746/2582/1746 1744/2583/1744 1747/2584/1747
f 1748/2585/1748 1744/2586/1744 1749/2587/1749
f 1713/2541/1713 1750/2588/1750 1751/2589/1751
f 1752/2590/1752 1753/2591/1753 1719/2547/1719
f 1754/2592/1754 1750/2593/1750 1752/2594/1752
f 1717/2545/1717 1755/2595/1755 1756/2596/1756
f 1757/2597/1757 1755/2598/1755 1758/2599/1758
f 1759/2600/1759 1755/2601/1755 1760/2602/1760
f 1718/2546/1718 1761/2603/1761 1762/2604/1762
f 1698/2526/1698 1761/2605/1761 1763/2606/1763
f 1762/2607/1762 1764/2608/1764 1709/2537/1709
f 1723/2551/1723 1729/2563/1729 1691/2519/1691
f 1724/2609/1724 1727/2557/1727 1729/2559/1729
f 1687/2515/1687 1726/2556/1726 1765/2610/1765
f 1765/2611/1765 1723/2551/1723 1690/2518/1690
f 1691/2519/1691 1766/2612/1766 1692/2520/1692
f 1732/2613/1732 1702/2530/1702 1766/2614/1766
f 1725/2554/1725 1767/2615/1767 1722/2616/1722
f 1722/2550/1722 1768/2617/1768 1720/2548/1720
f 1711/2539/1711 1731/2618/1731 1727/2557/1727
f 1769/2619/1769 1730/2560/1730 1731/2562/1731
f 1716/2544/1716 1734/2566/1734 1742/2620/1742
f 1742/2576/1742 1737/2570/1737 1704/2532/1704
f 1737/2570/1737 1765/2611/1765 1690/2518/1690
f 1738/2621/1738 1687/2515/1687 1765/2610/1765
f 1702/2530/1702 1741/2579/1741 1766/2614/1766
f 1766/2612/1766 1704/2532/1704 1692/2520/1692
f 1770/2622/1770 1736/2623/1736 1715/2543/1715
f 1771/2624/1771 1735/2567/1735 1736/2569/1736
f 1743/2577/1743 1772/2625/1772 1740/2626/1740
f 1740/2574/1740 1714/2542/1714 1716/2544/1716
f 1713/2541/1713 1745/2581/1745 1753/2627/1753
f 1753/2591/1753 1748/2585/1748 1719/2547/1719
f 1748/2585/1748 1773/2628/1773 1708/2536/1708
f 1749/2629/1749 1705/2533/1705 1773/2630/1773
f 1697/2525/1697 1752/2594/1752 1774/2631/1774
f 1774/2632/1774 1719/2547/1719 1710/2538/1710
f 1768/2617/1768 1747/2633/1747 1712/2540/1712
f 1767/2615/1767 1746/2582/1746 1747/2584/1747
f 1754/2592/1754 1769/2619/1769 1751/2634/1751
f 1751/2589/1751 1711/2539/1711 1713/2541/1713
f 1757/2597/1757 1762/2607/1762 1709/2537/1709
f 1758/2635/1758 1718/2546/1718 1762/2604/1762
f 1705/2533/1705 1760/2602/1760 1773/2630/1773
f 1773/2628/1773 1757/2597/1757 1708/2536/1708
f 1709/2537/1709 1774/2632/1774 1710/2538/1710
f 1764/2636/1764 1697/2525/1697 1774/2631/1774
f 1759/2600/1759 1771/2624/1771 1756/2637/1756
f 1756/2596/1756 1770/2622/1770 1717/2545/1717
f 1714/2542/1714 1763/2638/1763 1718/2546/1718
f 1772/2625/1772 1698/2526/1698 1763/2606/1763
f 1720/2548/1720 1711/2539/1711 1727/2557/1727
f 1702/2530/1702 1699/2527/1699 1703/2531/1703
f 1775/2639/1775 1776/2640/1776 1777/2641/1777
f 1778/2642/1778 1779/2643/1779 1780/2644/1780
f 1781/2645/1781 1782/2646/1782 1777/2647/1777
f 1783/2648/1783 1784/2649/1784 1785/2650/1785
f 1786/2651/1786 1787/2652/1787 1788/2653/1788
f 1789/2654/1789 1790/2655/1790 1791/2656/1791
f 1792/2657/1792 1793/2658/1793 1794/2659/1794
f 1775/2660/1775 1795/2661/1795 1784/2662/1784
f 1796/2663/1796 1797/2664/1797 1776/2665/1776
f 1780/2666/1780 1794/2667/1794 1793/2668/1793
f 1786/2651/1786 1795/2669/1795 1798/2670/1798
f 1775/2660/1775 1784/2662/1784 1799/2671/1799
f 1800/2672/1800 1801/2673/1801 1802/2674/1802
f 1782/2675/1782 1803/2676/1803 1777/2677/1777
f 1801/2678/1801 1804/2679/1804 1802/2680/1802
f 1781/2645/1781 1805/2681/1805 1806/2682/1806
f 1807/2683/1807 1808/2684/1808 1797/2685/1797
f 1809/2686/1809 1779/2643/1779 1778/2642/1778
f 1810/2687/1810 1789/2654/1789 1799/2671/1799
f 1811/2688/1811 1777/2647/1777 1776/2689/1776
f 1812/2690/1812 1809/2686/1809 1778/2642/1778
f 1778/2642/1778 1780/2644/1780 1813/2691/1813
f 1814/2692/1814 1815/2693/1815 1816/2694/1816
f 1791/2656/1791 1799/2671/1799 1789/2654/1789
f 1817/2695/1817 1786/2651/1786 1788/2653/1788
f 1818/2696/1818 1815/2697/1815 1819/2698/1819
f 1820/2699/1820 1821/2700/1821 1822/2701/1822
f 1813/2702/1813 1793/2668/1793 1821/2700/1821
f 1779/2703/1779 1823/2704/1823 1794/2667/1794
f 1809/2705/1809 1796/2663/1796 1823/2704/1823
f 1804/2679/1804 1824/2706/1824 1802/2680/1802
f 1798/2707/1798 1825/2708/1825 1824/2706/1824
f 1817/2709/1817 1826/2710/1826 1803/2676/1803
f 1788/2711/1788 1801/2678/1801 1826/2710/1826
f 1820/2699/1820 1791/2656/1791 1790/2655/1790
f 1778/2642/1778 1790/2712/1790 1827/2713/1827
f 1812/2690/1812 1827/2713/1827 1797/2714/1797
f 1828/2715/1828 1816/2716/1816 1818/2696/1818
f 1807/2683/1807 1819/2717/1819 1829/2718/1829
f 1811/2688/1811 1797/2685/1797 1808/2684/1808
f 1820/2719/1820 1778/2642/1778 1813/2691/1813
f 1776/2640/1776 1792/2657/1792 1796/2720/1796
f 1796/2720/1796 1792/2657/1792 1823/2721/1823
f 1792/2657/1792 1794/2659/1794 1823/2721/1823
f 1791/2722/1791 1822/2723/1822 1792/2657/1792
f 1776/2640/1776 1791/2722/1791 1792/2657/1792
f 1821/2724/1821 1793/2658/1793 1792/2657/1792
f 1822/2723/1822 1821/2724/1821 1792/2657/1792
f 1827/2713/1827 1819/2698/1819 1797/2714/1797
f 1790/2712/1790 1818/2696/1818 1827/2713/1827
f 1815/2725/1815 1829/2718/1829 1819/2717/1819
f 1789/2726/1789 1828/2715/1828 1818/2696/1818
f 1784/2649/1784 1786/2651/1786 1785/2650/1785
f 1785/2650/1785 1817/2695/1817 1782/2727/1782
f 1805/2681/1805 1815/2725/1815 1806/2682/1806
f 1810/2728/1810 1799/2729/1799 1783/2648/1783
f 1781/2645/1781 1830/2730/1830 1805/2681/1805
f 1781/2731/1781 1785/2650/1785 1782/2727/1782
f 1806/2732/1806 1783/2648/1783 1781/2731/1781
f 1814/2733/1814 1810/2728/1810 1783/2648/1783
f 1810/2734/1810 1816/2694/1816 1828/2735/1828
f 1787/2652/1787 1786/2651/1786 1804/2736/1804
f 1804/2736/1804 1786/2651/1786 1798/2670/1798
f 1777/2737/1777 1803/2738/1803 1800/2672/1800
f 1775/2739/1775 1777/2737/1777 1800/2672/1800
f 1800/2672/1800 1803/2738/1803 1826/2740/1826
f 1825/2741/1825 1775/2739/1775 1800/2672/1800
f 1825/2741/1825 1800/2672/1800 1824/2742/1824
f 1824/2742/1824 1800/2672/1800 1802/2674/1802
f 1801/2673/1801 1800/2672/1800 1826/2740/1826
f 1831/2743/1831 1832/2744/1832 1833/2745/1833
f 1834/2746/1834 1835/2747/1835 1836/2748/1836
f 1837/2749/1837 1833/2750/1833 1838/2751/1838
f 1839/2752/1839 1840/2753/1840 1841/2754/1841
f 1842/2755/1842 1843/2756/1843 1844/2757/1844
f 1845/2758/1845 1846/2759/1846 1847/2760/1847
f 1848/2761/1848 1849/2762/1849 1850/2763/1850
f 1851/2764/1851 1832/2765/1832 1840/2766/1840
f 1852/2767/1852 1853/2768/1853 1831/2769/1831
f 1849/2770/1849 1835/2771/1835 1850/2772/1850
f 1842/2755/1842 1854/2773/1854 1851/2774/1851
f 1832/2765/1832 1841/2775/1841 1840/2766/1840
f 1855/2776/1855 1856/2777/1856 1857/2778/1857
f 1858/2779/1858 1838/2780/1838 1833/2781/1833
f 1859/2782/1859 1857/2783/1857 1856/2784/1856
f 1837/2749/1837 1860/2785/1860 1861/2786/1861
f 1862/2787/1862 1852/2788/1852 1863/2789/1863
f 1864/2790/1864 1834/2746/1834 1836/2748/1836
f 1845/2758/1845 1865/2791/1865 1841/2775/1841
f 1831/2792/1831 1866/2793/1866 1867/2794/1867
f 1868/2795/1868 1834/2746/1834 1864/2790/1864
f 1834/2746/1834 1869/2796/1869 1835/2747/1835
f 1870/2797/1870 1871/2798/1871 1872/2799/1872
f 1841/2775/1841 1846/2759/1846 1845/2758/1845
f 1873/2800/1873 1843/2756/1843 1842/2755/1842
f 1874/2801/1874 1870/2802/1870 1872/2803/1872
f 1875/2804/1875 1876/2805/1876 1877/2806/1877
f 1850/2772/1850 1869/2807/1869 1875/2804/1875
f 1878/2808/1878 1836/2809/1836 1849/2770/1849
f 1853/2768/1853 1864/2810/1864 1878/2808/1878
f 1879/2811/1879 1859/2782/1859 1856/2784/1856
f 1880/2812/1880 1854/2813/1854 1879/2811/1879
f 1881/2814/1881 1873/2815/1873 1858/2779/1858
f 1857/2783/1857 1843/2816/1843 1881/2814/1881
f 1846/2759/1846 1876/2805/1876 1847/2760/1847
f 1847/2817/1847 1834/2746/1834 1882/2818/1882
f 1882/2818/1882 1868/2795/1868 1852/2819/1852
f 1883/2820/1883 1874/2801/1874 1872/2803/1872
f 1884/2821/1884 1862/2787/1862 1885/2822/1885
f 1852/2788/1852 1867/2794/1867 1863/2789/1863
f 1876/2823/1876 1869/2796/1869 1834/2746/1834
f 1831/2743/1831 1853/2824/1853 1848/2761/1848
f 1853/2824/1853 1878/2825/1878 1848/2761/1848
f 1848/2761/1848 1878/2825/1878 1849/2762/1849
f 1846/2826/1846 1848/2761/1848 1877/2827/1877
f 1831/2743/1831 1848/2761/1848 1846/2826/1846
f 1875/2828/1875 1848/2761/1848 1850/2763/1850
f 1877/2827/1877 1848/2761/1848 1875/2828/1875
f 1882/2818/1882 1884/2829/1884 1874/2801/1874
f 1847/2817/1847 1874/2801/1874 1845/2830/1845
f 1870/2831/1870 1884/2821/1884 1885/2822/1885
f 1845/2830/1845 1874/2801/1874 1883/2820/1883
f 1842/2755/1842 1840/2753/1840 1886/2832/1886
f 1873/2800/1873 1886/2832/1886 1838/2833/1838
f 1861/2786/1861 1870/2831/1870 1885/2822/1885
f 1865/2834/1865 1839/2752/1839 1841/2754/1841
f 1866/2793/1866 1837/2749/1837 1861/2786/1861
f 1837/2835/1837 1886/2832/1886 1839/2752/1839
f 1860/2836/1860 1839/2752/1839 1871/2837/1871
f 1871/2837/1871 1839/2752/1839 1865/2834/1865
f 1872/2799/1872 1865/2838/1865 1883/2839/1883
f 1844/2757/1844 1859/2840/1859 1842/2755/1842
f 1859/2840/1859 1854/2773/1854 1842/2755/1842
f 1833/2841/1833 1855/2776/1855 1858/2842/1858
f 1832/2843/1832 1855/2776/1855 1833/2841/1833
f 1855/2776/1855 1881/2844/1881 1858/2842/1858
f 1880/2845/1880 1855/2776/1855 1832/2843/1832
f 1880/2845/1880 1879/2846/1879 1855/2776/1855
f 1879/2846/1879 1856/2777/1856 1855/2776/1855
f 1857/2778/1857 1881/2844/1881 1855/2776/1855
f 1887/2847/1887 1888/2848/1888 1889/2849/1889
f 1890/2850/1890 1891/2851/1891 1888/2848/1888
f 1891/2851/1891 1892/2852/1892 1893/2853/1893
f 1892/2852/1892 1894/2854/1894 1893/2853/1893
f 1895/2855/1895 1896/2856/1896 1894/2854/1894
f 1897/2857/1897 1898/2858/1898 1896/2856/1896
f 1899/2859/1899 1900/2860/1900 1898/2858/1898
f 1901/2861/1901 1902/2862/1902 1900/2860/1900
f 1902/2862/1902 1903/2863/1903 1904/2864/1904
f 1903/2865/1903 1905/2866/1905 1904/2867/1904
f 1906/2868/1906 1907/2869/1907 1905/2866/1905
f 1908/2870/1908 1889/2849/1889 1907/2869/1907
f 1909/2871/1909 1910/2872/1910 1911/2873/1911
f 1912/2874/1912 1913/2875/1913 1890/2876/1890
f 1914/2877/1914 1913/2875/1913 1915/2878/1915
f 1914/2877/1914 1895/2879/1895 1892/2880/1892
f 1916/2881/1916 1897/2882/1897 1895/2879/1895
f 1917/2883/1917 1918/2884/1918 1919/2885/1919
f 1920/2886/1920 1916/2881/1916 1921/2887/1921
f 1915/2878/1915 1912/2874/1912 1922/2888/1922
f 1923/2889/1923 1903/2890/1903 1924/2891/1924
f 1925/2892/1925 1908/2893/1908 1926/2894/1926
f 1927/2895/1927 1928/2896/1928 1929/2897/1929
f 1930/2898/1930 1908/2899/1908 1906/2900/1906
f 1931/2901/1931 1932/2902/1932 1933/2903/1933
f 1922/2888/1922 1912/2874/1912 1934/2904/1934
f 1911/2873/1911 1934/2905/1934 1909/2871/1909
f 1935/2906/1935 1936/2907/1936 1937/2908/1937
f 1938/2909/1938 1939/2910/1939 1940/2911/1940
f 1934/2905/1934 1941/2912/1941 1939/2913/1939
f 1940/2914/1940 1942/2915/1942 1928/2916/1928
f 1941/2912/1941 1940/2914/1940 1939/2913/1939
f 1938/2917/1938 1943/2918/1943 1944/2919/1944
f 1945/2920/1945 1946/2921/1946 1943/2922/1943
f 1917/2883/1917 1943/2922/1943 1941/2923/1941
f 1943/2918/1943 1947/2924/1947 1944/2919/1944
f 1936/2925/1936 1948/2926/1948 1949/2927/1949
f 1937/2928/1937 1950/2929/1950 1935/2930/1935
f 1936/2925/1936 1931/2931/1931 1951/2932/1951
f 1951/2933/1951 1937/2908/1937 1936/2907/1936
f 1951/2933/1951 1929/2897/1929 1952/2934/1952
f 1928/2916/1928 1932/2935/1932 1929/2936/1929
f 1932/2935/1932 1952/2937/1952 1929/2936/1929
f 1951/2932/1951 1933/2938/1933 1927/2939/1927
f 1953/2940/1953 1941/2923/1941 1943/2922/1943
f 1954/2941/1954 1932/2902/1932 1942/2942/1942
f 1933/2938/1933 1955/2943/1955 1927/2939/1927
f 1937/2928/1937 1956/2944/1956 1957/2945/1957
f 1938/2917/1938 1954/2946/1954 1953/2947/1953
f 1958/2948/1958 1959/2949/1959 1946/2950/1946
f 1921/2887/1921 1960/2951/1960 1947/2952/1947
f 1930/2898/1930 1903/2890/1903 1961/2953/1961
f 1947/2952/1947 1939/2910/1939 1944/2954/1944
f 1957/2955/1957 1948/2956/1948 1950/2957/1950
f 1962/2958/1962 1954/2941/1954 1942/2942/1942
f 1917/2883/1917 1919/2885/1919 1945/2920/1945
f 1928/2896/1928 1938/2909/1938 1940/2911/1940
f 1960/2951/1960 1934/2904/1934 1947/2952/1947
f 1922/2888/1922 1934/2904/1934 1960/2951/1960
f 1923/2889/1923 1901/2959/1901 1963/2960/1963
f 1963/2961/1963 1899/2962/1899 1964/2963/1964
f 1925/2892/1925 1909/2871/1909 1912/2964/1912
f 1915/2878/1915 1960/2951/1960 1914/2877/1914
f 1916/2881/1916 1960/2951/1960 1921/2887/1921
f 1923/2889/1923 1958/2965/1958 1965/2966/1965
f 1961/2953/1961 1965/2966/1965 1919/2885/1919
f 1961/2953/1961 1918/2884/1918 1930/2898/1930
f 1930/2898/1930 1910/2967/1910 1926/2968/1926
f 1963/2961/1963 1959/2949/1959 1958/2948/1958
f 1926/2894/1926 1909/2871/1909 1925/2892/1925
f 1959/2949/1959 1964/2963/1964 1920/2969/1920
f 1934/2905/1934 1912/2964/1912 1909/2871/1909
f 1925/2892/1925 1890/2970/1890 1887/2971/1887
f 1897/2972/1897 1964/2963/1964 1899/2962/1899
f 1920/2969/1920 1947/2924/1947 1959/2949/1959
f 1920/2886/1920 1921/2887/1921 1947/2952/1947
f 1947/2924/1947 1946/2950/1946 1959/2949/1959
f 1958/2965/1958 1946/2921/1946 1965/2966/1965
f 1910/2967/1910 1918/2884/1918 1911/2973/1911
f 1957/2955/1957 1931/2901/1931 1949/2974/1949
f 1911/2973/1911 1917/2883/1917 1941/2923/1941
f 1945/2920/1945 1965/2966/1965 1946/2921/1946
f 1966/2975/1966 1967/2976/1967 1968/2977/1968
f 1969/2978/1969 1970/2979/1970 1971/2980/1971
f 1972/2981/1972 1973/2982/1973 1974/2983/1974
f 1975/2984/1975 1976/2985/1976 1977/2986/1977
f 1971/2980/1971 1970/2979/1970 1976/2987/1976
f 1968/2977/1968 1978/2988/1978 1979/2989/1979
f 1980/2990/1980 1981/2991/1981 1982/2992/1982
f 1983/2993/1983 1969/2994/1969 1984/2995/1984
f 1978/2988/1978 1985/2996/1985 1986/2997/1986
f 1987/2998/1987 1980/2999/1980 1988/3000/1988
f 1989/3001/1989 1967/3002/1967 1990/3003/1990
f 1991/3004/1991 1992/3005/1992 1993/3006/1993
f 1978/2988/1978 1994/3007/1994 1995/3008/1995
f 1996/3009/1996 1997/3010/1997 1998/3011/1998
f 1999/3012/1999 2000/3013/2000 2001/3014/2001
f 1991/3004/1991 2002/3015/2002 2003/3016/2003
f 2004/3017/2004 2005/3018/2005 2006/3019/2006
f 2007/3020/2007 2008/3021/2008 2009/3022/2009
f 1982/2992/1982 2010/3023/2010 1980/2990/1980
f 2011/3024/2011 2012/3025/2012 2013/3026/2013
f 1999/3012/1999 2002/3015/2002 2014/3027/2014
f 2015/3028/2015 2011/3029/2011 2016/3030/2016
f 2017/3031/2017 2018/3032/2018 2019/3033/2019
f 2013/3026/2013 2020/3034/2020 2011/3024/2011
f 2021/3035/2021 2022/3036/2022 2023/3037/2023
f 1979/2989/1979 1986/2997/1986 1975/2984/1975
f 2024/3038/2024 2025/3039/2025 2026/3040/2026
f 1982/2992/1982 2019/3033/2019 2010/3023/2010
f 2023/3041/2023 2027/3042/2027 2021/3043/2021
f 2026/3040/2026 1981/2991/1981 1980/2990/1980
f 2026/3040/2026 2025/3039/2025 2016/3030/2016
f 2010/3044/2010 1988/3000/1988 1980/2999/1980
f 2011/3029/2011 2028/3045/2028 2016/3030/2016
f 2024/3038/2024 2026/3040/2026 1980/2990/1980
f 2027/3046/2027 2029/3047/2029 1989/3048/1989
f 1992/3005/1992 2030/3049/2030 1993/3006/1993
f 1992/3005/1992 2016/3050/2016 2028/3051/2028
f 1991/3004/1991 2026/3052/2026 2016/3050/2016
f 2026/3052/2026 2031/3053/2031 1981/3054/1981
f 2031/3053/2031 1982/3055/1982 1981/3054/1981
f 1982/3055/1982 2004/3017/2004 2017/3056/2017
f 2017/3056/2017 2006/3019/2006 2027/3046/2027
f 1971/3057/1971 1985/3058/1985 2009/3022/2009
f 2028/3051/2028 2009/3022/2009 1992/3005/1992
f 1989/3048/1989 1994/3059/1994 1967/3060/1967
f 2032/3061/2032 1995/3062/1995 1994/3059/1994
f 2020/3063/2020 1971/2980/1971 2028/3045/2028
f 1989/3001/1989 2021/3043/2021 2027/3042/2027
f 2033/3064/2033 1984/2995/1984 2020/3034/2020
f 1974/2983/1974 2034/3065/2034 2021/3035/2021
f 2035/3066/2035 1997/3010/1997 2036/3067/2036
f 2037/3068/2037 1997/3010/1997 2038/3069/2038
f 1997/3010/1997 2037/3068/2037 2039/3070/2039
f 2040/3071/2040 1997/3010/1997 2041/3072/2041
f 2036/3067/2036 1997/3010/1997 2039/3070/2039
f 1997/3010/1997 2035/3066/2035 2042/3073/2042
f 1998/3011/1998 1997/3010/1997 2043/3074/2043
f 2041/3072/2041 1997/3010/1997 2042/3073/2042
f 1993/3006/1993 2014/3027/2014 2002/3015/2002
f 1997/3010/1997 2044/3075/2044 2043/3074/2043
f 1997/3010/1997 2040/3071/2040 2044/3075/2044
f 2045/3076/2045 2044/3077/2044 2046/3078/2046
f 1999/3079/1999 2043/3080/2043 2045/3076/2045
f 2047/3081/2047 2041/3082/2041 2048/3083/2048
f 2014/3084/2014 1998/3085/1998 1999/3079/1999
f 2048/3083/2048 2042/3086/2042 2032/3087/2032
f 2008/3088/2008 2038/3089/2038 2030/3090/2030
f 2049/3091/2049 2036/3092/2036 2050/3093/2050
f 2046/3078/2046 2040/3094/2040 2047/3081/2047
f 2050/3093/2050 2039/3095/2039 2007/3096/2007
f 2007/3096/2007 2037/3097/2037 2008/3088/2008
f 2032/3087/2032 2035/3098/2035 2049/3099/2049
f 2030/3090/2030 1996/3100/1996 2014/3084/2014
f 2009/3022/2009 1985/3058/1985 2007/3020/2007
f 1995/3062/1995 2049/3101/2049 2050/3102/2050
f 2032/3061/2032 2049/3101/2049 1995/3062/1995
f 2050/3102/2050 1985/3058/1985 1995/3062/1995
f 2029/3047/2029 2047/3103/2047 2048/3104/2048
f 2029/3047/2029 2046/3105/2046 2047/3103/2047
f 2045/3106/2045 2005/3018/2005 2000/3013/2000
f 2038/3069/2038 1997/3010/1997 1996/3009/1996
f 2006/3019/2006 2046/3105/2046 2029/3047/2029
f 2003/3016/2003 2001/3014/2001 2031/3053/2031
f 2001/3014/2001 2051/3107/2051 2031/3053/2031
f 2000/3013/2000 2004/3017/2004 2051/3107/2051
f 2029/3047/2029 2048/3104/2048 1994/3059/1994
f 2016/3030/2016 2025/3039/2025 2015/3028/2015
f 2009/3022/2009 2008/3021/2008 2030/3049/2030
f 2052/3108/2052 2019/3109/2019 2053/3110/2053
f 2053/3111/2053 2018/3112/2018 2054/3113/2054
f 1990/3114/1990 2055/3115/2055 2056/3116/2056
f 2056/3117/2056 2057/3118/2057 1972/2981/1972
f 1987/2998/1987 2025/3119/2025 2024/3120/2024
f 2058/3121/2058 2015/3122/2015 2025/3123/2025
f 1976/2985/1976 2059/3124/2059 1977/2986/1977
f 1970/3125/1970 2060/3126/2060 2059/3127/2059
f 1982/2992/1982 2017/3031/2017 2019/3033/2019
f 1986/3128/1986 1971/2980/1971 1976/2987/1976
f 1984/3129/1984 1969/2978/1969 1971/2980/1971
f 2023/3041/2023 2018/3032/2018 2017/3031/2017
f 2023/3037/2023 2054/3113/2054 2018/3112/2018
f 1989/3001/1989 1990/3003/1990 2056/3130/2056
f 1974/3131/1974 1989/3001/1989 1972/3132/1972
f 1972/3132/1972 1989/3001/1989 2056/3130/2056
f 2050/3102/2050 2007/3020/2007 1985/3058/1985
f 2032/3061/2032 1994/3059/1994 2048/3104/2048
f 2061/3133/2061 2062/3134/2062 2063/3135/2063
f 2062/3134/2062 2064/3136/2064 2065/3137/2065
f 2064/3136/2064 2066/3138/2066 2065/3137/2065
f 2066/3138/2066 2067/3139/2067 2068/3140/2068
f 2068/3140/2068 2069/3141/2069 2070/3142/2070
f 2069/3141/2069 2071/3143/2071 2070/3142/2070
f 2072/3144/2072 2069/3141/2069 2067/3139/2067
f 2071/3143/2071 2073/3145/2073 2074/3146/2074
f 2073/3145/2073 2063/3135/2063 2074/3146/2074
f 2072/3144/2072 2075/3147/2075 2064/3136/2064
f 2073/3145/2073 2072/3144/2072 2061/3133/2061
f 2076/3148/2076 2072/3144/2072 2064/3136/2064
f 2077/3149/2077 2078/3150/2078 2079/3151/2079
f 2080/3152/2080 2081/3153/2081 2078/3150/2078
f 2082/3154/2082 2081/3153/2081 2083/3155/2083
f 2084/3156/2084 2085/3157/2085 2082/3154/2082
f 2084/3156/2084 2086/3158/2086 2087/3159/2087
f 2088/3160/2088 2089/3161/2089 2086/3158/2086
f 2090/3162/2090 2086/3158/2086 2089/3161/2089
f 2091/3163/2091 2089/3161/2089 2092/3164/2092
f 2077/3149/2077 2093/3165/2093 2091/3163/2091
f 2085/3157/2085 2090/3162/2090 2081/3153/2081
f 2090/3162/2090 2093/3165/2093 2079/3151/2079
f 2078/3150/2078 2090/3162/2090 2079/3151/2079
f 2094/3166/2094 2095/3167/2095 2096/3168/2096
f 2097/3169/2097 2098/3170/2098 2095/3167/2095
f 2099/3171/2099 2098/3170/2098 2100/3172/2100
f 2101/3173/2101 2102/3174/2102 2099/3171/2099
f 2101/3173/2101 2103/3175/2103 2104/3176/2104
f 2105/3177/2105 2103/3175/2103 2106/3178/2106
f 2107/3179/2107 2103/3175/2103 2108/3180/2108
f 2105/3177/2105 2109/3181/2109 2108/3180/2108
f 2094/3166/2094 2109/3181/2109 2110/3182/2110
f 2102/3174/2102 2107/3179/2107 2098/3170/2098
f 2107/3179/2107 2109/3181/2109 2096/3168/2096
f 2095/3167/2095 2107/3179/2107 2096/3168/2096
f 2111/3183/2111 2112/3184/2112 2113/3185/2113
f 2113/3185/2113 2114/3186/2114 2115/3187/2115
f 2114/3186/2114 2116/3188/2116 2115/3187/2115
f 2117/3189/2117 2118/3190/2118 2116/3188/2116
f 2119/3191/2119 2120/3192/2120 2118/3190/2118
f 2120/3192/2120 2121/3193/2121 2122/3194/2122
f 2123/3195/2123 2124/3196/2124 2119/3191/2119
f 2121/3193/2121 2125/3197/2125 2122/3194/2122
f 2126/3198/2126 2111/3183/2111 2125/3197/2125
f 2123/3195/2123 2117/3189/2117 2114/3186/2114
f 2126/3198/2126 2123/3195/2123 2127/3199/2127
f 2112/3184/2112 2123/3195/2123 2114/3186/2114
f 2128/3200/2128 2129/3201/2129 2130/3202/2130
f 2131/3203/2131 2132/3204/2132 2129/3201/2129
f 2133/3205/2133 2134/3206/2134 2132/3204/2132
f 2135/3207/2135 2136/3208/2136 2134/3206/2134
f 2136/3208/2136 2137/3209/2137 2138/3210/2138
f 2138/3210/2138 2139/3211/2139 2140/3212/2140
f 2141/3213/2141 2137/3209/2137 2142/3214/2142
f 2140/3212/2140 2143/3215/2143 2144/3216/2144
f 2143/3215/2143 2130/3202/2130 2144/3216/2144
f 2141/3213/2141 2135/3207/2135 2133/3205/2133
f 2143/3215/2143 2141/3213/2141 2128/3200/2128
f 2131/3203/2131 2141/3213/2141 2133/3205/2133
f 2145/3217/2145 2146/3218/2146 2147/3219/2147
f 2146/3218/2146 2148/3220/2148 2147/3219/2147
f 2148/3220/2148 2149/3221/2149 2150/3222/2150
f 2150/3222/2150 2151/3223/2151 2152/3224/2152
f 2152/3224/2152 2153/3225/2153 2154/3226/2154
f 2153/3225/2153 2155/3227/2155 2154/3226/2154
f 2156/3228/2156 2153/3225/2153 2151/3223/2151
f 2157/3229/2157 2158/3230/2158 2155/3227/2155
f 2159/3231/2159 2145/3217/2145 2158/3230/2158
f 2156/3228/2156 2149/3221/2149 2160/3232/2160
f 2159/3231/2159 2156/3228/2156 2161/3233/2161
f 2146/3218/2146 2156/3228/2156 2160/3232/2160
f 2162/3234/2162 2163/3235/2163 2164/3236/2164
f 2165/3237/2165 2166/3238/2166 2163/3235/2163
f 2166/3238/2166 2167/3239/2167 2168/3240/2168
f 2168/3240/2168 2169/3241/2169 2170/3242/2170
f 2170/3242/2170 2171/3243/2171 2172/3244/2172
f 2172/3244/2172 2173/3245/2173 2174/3246/2174
f 2175/3247/2175 2171/3243/2171 2169/3241/2169
f 2174/3246/2174 2176/3248/2176 2177/3249/2177
f 2176/3248/2176 2164/3236/2164 2177/3249/2177
f 2175/3247/2175 2167/3239/2167 2178/3250/2178
f 2176/3248/2176 2175/3247/2175 2162/3234/2162
f 2165/3237/2165 2175/3247/2175 2178/3250/2178
f 2179/3251/2179 2180/3252/2180 2181/3253/2181
f 2181/3253/2181 2182/3254/2182 2183/3255/2183
f 2183/3255/2183 2184/3256/2184 2185/3257/2185
f 2185/3257/2185 2186/3258/2186 2187/3259/2187
f 2187/3259/2187 2188/3260/2188 2189/3261/2189
f 2188/3260/2188 2190/3262/2190 2189/3261/2189
f 2191/3263/2191 2188/3260/2188 2186/3258/2186
f 2192/3264/2192 2193/3265/2193 2190/3262/2190
f 2193/3265/2193 2194/3266/2194 2179/3251/2179
f 2191/3263/2191 2184/3256/2184 2182/3254/2182
f 2195/3267/2195 2191/3263/2191 2194/3266/2194
f 2180/3252/2180 2191/3263/2191 2182/3254/2182
f 2196/3268/2196 2197/3269/2197 2198/3270/2198
f 2198/3270/2198 2199/3271/2199 2200/3272/2200
f 2199/3271/2199 2201/3273/2201 2200/3272/2200
f 2201/3273/2201 2202/3274/2202 2203/3275/2203
f 2203/3275/2203 2204/3276/2204 2205/3277/2205
f 2205/3277/2205 2206/3278/2206 2207/3279/2207
f 2208/3280/2208 2204/3276/2204 2202/3274/2202
f 2206/3278/2206 2209/3281/2209 2207/3279/2207
f 2210/3282/2210 2196/3268/2196 2209/3281/2209
f 2208/3280/2208 2211/3283/2211 2199/3271/2199
f 2210/3282/2210 2208/3280/2208 2212/3284/2212
f 2197/3269/2197 2208/3280/2208 2199/3271/2199
f 2213/3285/2213 2214/3286/2214 2215/3287/2215
f 2215/3287/2215 2216/3288/2216 2217/3289/2217
f 2216/3288/2216 2218/3290/2218 2217/3289/2217
f 2218/3290/2218 2219/3291/2219 2220/3292/2220
f 2220/3292/2220 2221/3293/2221 2222/3294/2222
f 2222/3294/2222 2223/3295/2223 2224/3296/2224
f 2225/3297/2225 2221/3293/2221 2219/3291/2219
f 2224/3296/2224 2226/3298/2226 2227/3299/2227
f 2226/3298/2226 2213/3285/2213 2227/3299/2227
f 2225/3297/2225 2228/3300/2228 2216/3288/2216
f 2226/3298/2226 2225/3297/2225 2229/3301/2229
f 2214/3286/2214 2225/3297/2225 2216/3288/2216
f 2230/3302/2230 2231/3303/2231 2232/3304/2232
f 2233/3305/2233 2234/3306/2234 2231/3303/2231
f 2235/3307/2235 2236/3308/2236 2234/3306/2234
f 2236/3308/2236 2237/3309/2237 2238/3310/2238
f 2238/3310/2238 2239/3311/2239 2240/3312/2240
f 2240/3312/2240 2241/3313/2241 2242/3314/2242
f 2243/3315/2243 2239/3311/2239 2237/3309/2237
f 2242/3314/2242 2244/3316/2244 2245/3317/2245
f 2245/3317/2245 2230/3302/2230 2232/3304/2232
f 2243/3315/2243 2246/3318/2246 2235/3307/2235
f 2244/3316/2244 2243/3315/2243 2230/3302/2230
f 2233/3305/2233 2243/3315/2243 2235/3307/2235
f 2247/3319/2247 2248/3320/2248 2249/3321/2249
f 2248/3320/2248 2250/3322/2250 2249/3321/2249
f 2250/3322/2250 2251/3323/2251 2252/3324/2252
f 2251/3323/2251 2253/3325/2253 2252/3324/2252
f 2253/3325/2253 2254/3326/2254 2255/3327/2255
f 2254/3326/2254 2256/3328/2256 2255/3327/2255
f 2257/3329/2257 2254/3326/2254 2258/3330/2258
f 2256/3328/2256 2259/3331/2259 2260/3332/2260
f 2259/3331/2259 2247/3319/2247 2260/3332/2260
f 2257/3329/2257 2251/3323/2251 2261/3333/2261
f 2259/3331/2259 2257/3329/2257 2262/3334/2262
f 2248/3320/2248 2257/3329/2257 2261/3333/2261
f 2263/3335/2263 2264/3336/2264 2265/3337/2265
f 2264/3336/2264 2266/3338/2266 2267/3339/2267
f 2267/3339/2267 2268/3340/2268 2269/3341/2269
f 2269/3341/2269 2270/3342/2270 2271/3343/2271
f 2271/3343/2271 2272/3344/2272 2273/3345/2273
f 2272/3344/2272 2274/3346/2274 2273/3345/2273
f 2275/3347/2275 2272/3344/2272 2270/3342/2270
f 2276/3348/2276 2277/3349/2277 2274/3346/2274
f 2277/3349/2277 2263/3335/2263 2265/3337/2265
f 2275/3347/2275 2268/3340/2268 2266/3338/2266
f 2278/3350/2278 2275/3347/2275 2263/3335/2263
f 2279/3351/2279 2275/3347/2275 2266/3338/2266
f 2280/3352/2280 2281/3353/2281 2282/3354/2282
f 2283/3355/2283 2284/3356/2284 2281/3353/2281
f 2285/3357/2285 2286/3358/2286 2284/3356/2284
f 2287/3359/2287 2288/3360/2288 2286/3358/2286
f 2289/3361/2289 2290/3362/2290 2288/3360/2288
f 2290/3362/2290 2291/3363/2291 2292/3364/2292
f 2293/3365/2293 2294/3366/2294 2289/3361/2289
f 2292/3364/2292 2295/3367/2295 2296/3368/2296
f 2296/3368/2296 2280/3352/2280 2282/3354/2282
f 2293/3365/2293 2287/3359/2287 2285/3357/2285
f 2295/3367/2295 2293/3365/2293 2280/3352/2280
f 2283/3355/2283 2293/3365/2293 2285/3357/2285
f 2297/3369/2297 2298/3370/2298 2299/3371/2299
f 2298/3370/2298 2300/3372/2300 2299/3371/2299
f 2300/3372/2300 2301/3373/2301 2302/3374/2302
f 2301/3373/2301 2303/3375/2303 2302/3374/2302
f 2303/3375/2303 2304/3376/2304 2305/3377/2305
f 2304/3376/2304 2306/3378/2306 2305/3377/2305
f 2307/3379/2307 2304/3376/2304 2308/3380/2308
f 2306/3378/2306 2309/3381/2309 2310/3382/2310
f 2309/3381/2309 2297/3369/2297 2310/3382/2310
f 2307/3379/2307 2301/3373/2301 2311/3383/2311
f 2309/3381/2309 2307/3379/2307 2312/3384/2312
f 2298/3370/2298 2307/3379/2307 2311/3383/2311
f 2313/3385/2313 2314/3386/2314 2315/3387/2315
f 2316/3388/2316 2317/3389/2317 2314/3386/2314
f 2318/3390/2318 2319/3391/2319 2317/3389/2317
f 2320/3392/2320 2321/3393/2321 2319/3391/2319
f 2321/3393/2321 2322/3394/2322 2323/3395/2323
f 2323/3395/2323 2324/3396/2324 2325/3397/2325
f 2326/3398/2326 2322/3394/2322 2327/3399/2327
f 2324/3396/2324 2328/3400/2328 2325/3397/2325
f 2328/3400/2328 2313/3385/2313 2315/3387/2315
f 2326/3398/2326 2320/3392/2320 2318/3390/2318
f 2329/3401/2329 2326/3398/2326 2313/3385/2313
f 2316/3388/2316 2326/3398/2326 2318/3390/2318
f 2330/3402/2330 2331/3403/2331 2332/3404/2332
f 2331/3403/2331 2333/3405/2333 2334/3406/2334
f 2333/3405/2333 2335/3407/2335 2334/3406/2334
f 2336/3408/2336 2337/3409/2337 2335/3407/2335
f 2337/3409/2337 2338/3410/2338 2339/3411/2339
f 2339/3411/2339 2340/3412/2340 2341/3413/2341
f 2342/3414/2342 2338/3410/2338 2343/3415/2343
f 2340/3412/2340 2344/3416/2344 2341/3413/2341
f 2344/3416/2344 2330/3402/2330 2332/3404/2332
f 2342/3414/2342 2336/3408/2336 2333/3405/2333
f 2345/3417/2345 2342/3414/2342 2330/3402/2330
f 2346/3418/2346 2342/3414/2342 2333/3405/2333
f 2347/3419/2347 2348/3420/2348 2349/3421/2349
f 2348/3420/2348 2350/3422/2350 2351/3423/2351
f 2350/3422/2350 2352/3424/2352 2351/3423/2351
f 2353/3425/2353 2354/3426/2354 2352/3424/2352
f 2354/3426/2354 2355/3427/2355 2356/3428/2356
f 2356/3428/2356 2357/3429/2357 2358/3430/2358
f 2359/3431/2359 2355/3427/2355 2360/3432/2360
f 2357/3429/2357 2361/3433/2361 2358/3430/2358
f 2361/3433/2361 2347/3419/2347 2349/3421/2349
f 2359/3431/2359 2353/3425/2353 2350/3422/2350
f 2362/3434/2362 2359/3431/2359 2347/3419/2347
f 2363/3435/2363 2359/3431/2359 2350/3422/2350
f 2364/3436/2364 2365/3437/2365 2366/3438/2366
f 2367/3439/2367 2368/3440/2368 2365/3437/2365
f 2368/3440/2368 2369/3441/2369 2370/3442/2370
f 2370/3442/2370 2371/3443/2371 2372/3444/2372
f 2371/3443/2371 2373/3445/2373 2372/3444/2372
f 2373/3445/2373 2374/3446/2374 2375/3447/2375
f 2376/3448/2376 2377/3449/2377 2371/3443/2371
f 2374/3446/2374 2378/3450/2378 2375/3447/2375
f 2379/3451/2379 2366/3438/2366 2378/3450/2378
f 2376/3448/2376 2369/3441/2369 2380/3452/2380
f 2379/3451/2379 2376/3448/2376 2364/3436/2364
f 2367/3439/2367 2376/3448/2376 2380/3452/2380
f 2381/3453/2381 2382/3454/2382 2383/3455/2383
f 2382/3454/2382 2384/3456/2384 2385/3457/2385
f 2384/3456/2384 2386/3458/2386 2385/3457/2385
f 2387/3459/2387 2388/3460/2388 2386/3458/2386
f 2388/3460/2388 2389/3461/2389 2390/3462/2390
f 2390/3462/2390 2391/3463/2391 2392/3464/2392
f 2393/3465/2393 2389/3461/2389 2394/3466/2394
f 2391/3463/2391 2395/3467/2395 2392/3464/2392
f 2395/3467/2395 2381/3453/2381 2383/3455/2383
f 2393/3465/2393 2387/3459/2387 2384/3456/2384
f 2396/3468/2396 2393/3465/2393 2381/3453/2381
f 2397/3469/2397 2393/3465/2393 2384/3456/2384
f 2398/3470/2398 2399/3471/2399 2400/3472/2400
f 2399/3471/2399 2401/3473/2401 2400/3472/2400
f 2401/3473/2401 2402/3474/2402 2403/3475/2403
f 2403/3475/2403 2404/3476/2404 2405/3477/2405
f 2404/3476/2404 2406/3478/2406 2405/3477/2405
f 2407/3479/2407 2408/3480/2408 2406/3478/2406
f 2409/3481/2409 2407/3479/2407 2404/3476/2404
f 2408/3480/2408 2410/3482/2410 2411/3483/2411
f 2411/3483/2411 2412/3484/2412 2398/3470/2398
f 2409/3481/2409 2402/3474/2402 2413/3485/2413
f 2410/3482/2410 2409/3481/2409 2412/3484/2412
f 2399/3471/2399 2409/3481/2409 2413/3485/2413
f 2414/3486/2414 2415/3487/2415 2416/3488/2416
f 2415/3487/2415 2417/3489/2417 2416/3488/2416
f 2417/3489/2417 2418/3490/2418 2419/3491/2419
f 2419/3491/2419 2420/3492/2420 2421/3493/2421
f 2420/3492/2420 2422/3494/2422 2421/3493/2421
f 2423/3495/2423 2424/3496/2424 2422/3494/2422
f 2425/3497/2425 2423/3495/2423 2420/3492/2420
f 2424/3496/2424 2426/3498/2426 2427/3499/2427
f 2426/3498/2426 2414/3486/2414 2427/3499/2427
f 2425/3497/2425 2418/3490/2418 2428/3500/2428
f 2426/3498/2426 2425/3497/2425 2429/3501/2429
f 2415/3487/2415 2425/3497/2425 2428/3500/2428
f 2430/3502/2430 2431/3503/2431 2432/3504/2432
f 2431/3503/2431 2433/3505/2433 2434/3506/2434
f 2434/3506/2434 2435/3507/2435 2436/3508/2436
f 2436/3508/2436 2437/3509/2437 2438/3510/2438
f 2437/3509/2437 2439/3511/2439 2438/3510/2438
f 2440/3512/2440 2441/3513/2441 2439/3511/2439
f 2442/3514/2442 2440/3512/2440 2437/3509/2437
f 2443/3515/2443 2444/3516/2444 2441/3513/2441
f 2444/3516/2444 2430/3502/2430 2432/3504/2432
f 2442/3514/2442 2435/3507/2435 2433/3505/2433
f 2445/3517/2445 2442/3514/2442 2430/3502/2430
f 2446/3518/2446 2442/3514/2442 2433/3505/2433
f 2447/3519/2447 2448/3520/2448 2449/3521/2449
f 2448/3520/2448 2450/3522/2450 2451/3523/2451
f 2451/3523/2451 2452/3524/2452 2453/3525/2453
f 2453/3525/2453 2454/3526/2454 2455/3527/2455
f 2454/3526/2454 2456/3528/2456 2455/3527/2455
f 2457/3529/2457 2458/3530/2458 2456/3528/2456
f 2459/3531/2459 2457/3529/2457 2454/3526/2454
f 2460/3532/2460 2461/3533/2461 2458/3530/2458
f 2461/3533/2461 2447/3519/2447 2449/3521/2449
f 2459/3531/2459 2452/3524/2452 2450/3522/2450
f 2462/3534/2462 2459/3531/2459 2447/3519/2447
f 2463/3535/2463 2459/3531/2459 2450/3522/2450
f 2464/3536/2464 2465/3537/2465 2466/3538/2466
f 2467/3539/2467 2468/3540/2468 2465/3537/2465
f 2469/3541/2469 2470/3542/2470 2468/3540/2468
f 2471/3543/2471 2472/3544/2472 2470/3542/2470
f 2472/3544/2472 2473/3545/2473 2474/3546/2474
f 2474/3546/2474 2475/3547/2475 2476/3548/2476
f 2477/3549/2477 2473/3545/2473 2478/3550/2478
f 2476/3548/2476 2479/3551/2479 2480/3552/2480
f 2480/3552/2480 2464/3536/2464 2466/3538/2466
f 2477/3549/2477 2471/3543/2471 2469/3541/2469
f 2479/3551/2479 2477/3549/2477 2464/3536/2464
f 2467/3539/2467 2477/3549/2477 2469/3541/2469
f 2481/3553/2481 2482/3554/2482 2483/3555/2483
f 2484/3556/2484 2485/3557/2485 2481/3553/2481
f 2486/3558/2486 2487/3559/2487 2484/3556/2484
f 2488/3560/2488 2489/3561/2489 2486/3558/2486
f 2490/3562/2490 2491/3563/2491 2488/3560/2488
f 2490/3562/2490 2492/3564/2492 2493/3565/2493
f 2494/3566/2494 2493/3565/2493 2492/3564/2492
f 2495/3567/2495 2492/3564/2492 2496/3568/2496
f 2483/3555/2483 2497/3569/2497 2495/3567/2495
f 2489/3561/2489 2494/3566/2494 2487/3559/2487
f 2494/3566/2494 2497/3569/2497 2482/3554/2482
f 2485/3557/2485 2494/3566/2494 2482/3554/2482
f 2498/3570/2498 2499/3571/2499 2500/3572/2500
f 2501/3573/2501 2499/3571/2499 2502/3574/2502
f 2501/3573/2501 2503/3575/2503 2504/3576/2504
f 2505/3577/2505 2503/3575/2503 2506/3578/2506
f 2507/3579/2507 2508/3580/2508 2505/3577/2505
f 2507/3579/2507 2509/3581/2509 2510/3582/2510
f 2511/3583/2511 2510/3582/2510 2509/3581/2509
f 2512/3584/2512 2509/3581/2509 2513/3585/2513
f 2498/3570/2498 2514/3586/2514 2512/3584/2512
f 2503/3575/2503 2511/3583/2511 2504/3576/2504
f 2511/3583/2511 2514/3586/2514 2500/3572/2500
f 2499/3571/2499 2511/3583/2511 2500/3572/2500
f 2515/3587/2515 2516/3588/2516 2517/3589/2517
f 2518/3590/2518 2519/3591/2519 2515/3587/2515
f 2518/3590/2518 2520/3592/2520 2521/3593/2521
f 2522/3594/2522 2523/3595/2523 2520/3592/2520
f 2524/3596/2524 2523/3595/2523 2525/3597/2525
f 2526/3598/2526 2527/3599/2527 2524/3596/2524
f 2528/3600/2528 2527/3599/2527 2529/3601/2529
f 2526/3598/2526 2530/3602/2530 2529/3601/2529
f 2531/3603/2531 2516/3588/2516 2530/3602/2530
f 2520/3592/2520 2528/3600/2528 2521/3593/2521
f 2528/3600/2528 2530/3602/2530 2516/3588/2516
f 2519/3591/2519 2528/3600/2528 2516/3588/2516
f 2532/3604/2532 2533/3605/2533 2534/3606/2534
f 2535/3607/2535 2536/3608/2536 2532/3604/2532
f 2535/3607/2535 2537/3609/2537 2538/3610/2538
f 2539/3611/2539 2540/3612/2540 2537/3609/2537
f 2541/3613/2541 2540/3612/2540 2542/3614/2542
f 2543/3615/2543 2544/3616/2544 2541/3613/2541
f 2545/3617/2545 2544/3616/2544 2546/3618/2546
f 2543/3615/2543 2547/3619/2547 2546/3618/2546
f 2548/3620/2548 2533/3605/2533 2547/3619/2547
f 2537/3609/2537 2545/3617/2545 2538/3610/2538
f 2545/3617/2545 2547/3619/2547 2533/3605/2533
f 2536/3608/2536 2545/3617/2545 2533/3605/2533
f 2549/3621/2549 2550/3622/2550 2551/3623/2551
f 2552/3624/2552 2550/3622/2550 2553/3625/2553
f 2552/3624/2552 2554/3626/2554 2555/3627/2555
f 2556/3628/2556 2557/3629/2557 2554/3626/2554
f 2558/3630/2558 2557/3629/2557 2559/3631/2559
f 2560/3632/2560 2561/3633/2561 2558/3630/2558
f 2562/3634/2562 2561/3633/2561 2563/3635/2563
f 2564/3636/2564 2563/3635/2563 2560/3632/2560
f 2564/3636/2564 2551/3623/2551 2565/3637/2565
f 2554/3626/2554 2562/3634/2562 2555/3627/2555
f 2562/3634/2562 2565/3637/2565 2551/3623/2551
f 2550/3622/2550 2562/3634/2562 2551/3623/2551
f 2566/3638/2566 2567/3639/2567 2568/3640/2568
f 2566/3638/2566 2569/3641/2569 2570/3642/2570
f 2571/3643/2571 2572/3644/2572 2569/3641/2569
f 2573/3645/2573 2574/3646/2574 2572/3644/2572
f 2575/3647/2575 2574/3646/2574 2576/3648/2576
f 2577/3649/2577 2578/3650/2578 2575/3647/2575
f 2579/3651/2579 2578/3650/2578 2580/3652/2580
f 2581/3653/2581 2580/3652/2580 2577/3649/2577
f 2581/3653/2581 2567/3639/2567 2582/3654/2582
f 2572/3644/2572 2579/3651/2579 2569/3641/2569
f 2579/3651/2579 2582/3654/2582 2567/3639/2567
f 2570/3642/2570 2579/3651/2579 2567/3639/2567
f 2583/3655/2583 2584/3656/2584 2585/3657/2585
f 2586/3658/2586 2587/3659/2587 2583/3655/2583
f 2588/3660/2588 2589/3661/2589 2586/3658/2586
f 2590/3662/2590 2591/3663/2591 2588/3660/2588
f 2590/3662/2590 2592/3664/2592 2593/3665/2593
f 2594/3666/2594 2595/3667/2595 2592/3664/2592
f 2596/3668/2596 2592/3664/2592 2595/3667/2595
f 2597/3669/2597 2598/3670/2598 2595/3667/2595
f 2599/3671/2599 2584/3656/2584 2598/3670/2598
f 2591/3663/2591 2596/3668/2596 2589/3661/2589
f 2596/3668/2596 2598/3670/2598 2584/3656/2584
f 2587/3659/2587 2596/3668/2596 2584/3656/2584
f 2600/3672/2600 2601/3673/2601 2602/3674/2602
f 2602/3674/2602 2603/3675/2603 2604/3676/2604
f 2603/3675/2603 2605/3677/2605 2604/3676/2604
f 2605/3677/2605 2606/3678/2606 2607/3679/2607
f 2606/3678/2606 2608/3680/2608 2607/3679/2607
f 2608/3680/2608 2609/3681/2609 2610/3682/2610
f 2611/3683/2611 2612/3684/2612 2606/3678/2606
f 2609/3681/2609 2613/3685/2613 2610/3682/2610
f 2614/3686/2614 2600/3672/2600 2613/3685/2613
f 2611/3683/2611 2615/3687/2615 2603/3675/2603
f 2614/3686/2614 2611/3683/2611 2616/3688/2616
f 2601/3673/2601 2611/3683/2611 2603/3675/2603
f 2617/3689/2617 2618/3690/2618 2619/3691/2619
f 2618/3690/2618 2620/3692/2620 2619/3691/2619
f 2620/3692/2620 2621/3693/2621 2622/3694/2622
f 2621/3693/2621 2623/3695/2623 2622/3694/2622
f 2624/3696/2624 2625/3697/2625 2623/3695/2623
f 2625/3697/2625 2626/3698/2626 2627/3699/2627
f 2628/3700/2628 2629/3701/2629 2624/3696/2624
f 2626/3698/2626 2630/3702/2630 2627/3699/2627
f 2631/3703/2631 2617/3689/2617 2630/3702/2630
f 2628/3700/2628 2621/3693/2621 2632/3704/2632
f 2631/3703/2631 2628/3700/2628 2633/3705/2633
f 2618/3690/2618 2628/3700/2628 2632/3704/2632
f 2634/3706/2634 2635/3707/2635 2636/3708/2636
f 2635/3707/2635 2637/3709/2637 2638/3710/2638
f 2638/3710/2638 2639/3711/2639 2640/3712/2640
f 2640/3712/2640 2641/3713/2641 2642/3714/2642
f 2642/3714/2642 2643/3715/2643 2644/3716/2644
f 2644/3716/2644 2645/3717/2645 2646/3718/2646
f 2647/3719/2647 2643/3715/2643 2641/3713/2641
f 2646/3718/2646 2648/3720/2648 2649/3721/2649
f 2648/3720/2648 2636/3708/2636 2649/3721/2649
f 2647/3719/2647 2639/3711/2639 2637/3709/2637
f 2648/3720/2648 2647/3719/2647 2634/3706/2634
f 2650/3722/2650 2647/3719/2647 2637/3709/2637
f 2651/3723/2651 2652/3724/2652 2653/3725/2653
f 2654/3726/2654 2655/3727/2655 2652/3724/2652
f 2656/3728/2656 2657/3729/2657 2655/3727/2655
f 2657/3729/2657 2658/3730/2658 2659/3731/2659
f 2658/3730/2658 2660/3732/2660 2659/3731/2659
f 2661/3733/2661 2662/3734/2662 2660/3732/2660
f 2663/3735/2663 2661/3733/2661 2658/3730/2658
f 2662/3734/2662 2664/3736/2664 2665/3737/2665
f 2665/3737/2665 2651/3723/2651 2653/3725/2653
f 2663/3735/2663 2666/3738/2666 2656/3728/2656
f 2664/3736/2664 2663/3735/2663 2651/3723/2651
f 2654/3726/2654 2663/3735/2663 2656/3728/2656
f 2667/3739/2667 2668/3740/2668 2669/3741/2669
f 2668/3740/2668 2670/3742/2670 2669/3741/2669
f 2670/3742/2670 2671/3743/2671 2672/3744/2672
f 2671/3743/2671 2673/3745/2673 2672/3744/2672
f 2673/3745/2673 2674/3746/2674 2675/3747/2675
f 2674/3746/2674 2676/3748/2676 2675/3747/2675
f 2677/3749/2677 2674/3746/2674 2678/3750/2678
f 2676/3748/2676 2679/3751/2679 2680/3752/2680
f 2679/3751/2679 2667/3739/2667 2680/3752/2680
f 2677/3749/2677 2671/3743/2671 2681/3753/2681
f 2679/3751/2679 2677/3749/2677 2682/3754/2682
f 2668/3740/2668 2677/3749/2677 2681/3753/2681
f 2683/3755/2683 2684/3756/2684 2685/3757/2685
f 2684/3756/2684 2686/3758/2686 2687/3759/2687
f 2687/3759/2687 2688/3760/2688 2689/3761/2689
f 2688/3760/2688 2690/3762/2690 2689/3761/2689
f 2690/3762/2690 2691/3763/2691 2692/3764/2692
f 2692/3764/2692 2693/3765/2693 2694/3766/2694
f 2695/3767/2695 2691/3763/2691 2696/3768/2696
f 2694/3766/2694 2697/3769/2697 2698/3770/2698
f 2698/3770/2698 2683/3755/2683 2685/3757/2685
f 2695/3767/2695 2688/3760/2688 2686/3758/2686
f 2697/3769/2697 2695/3767/2695 2683/3755/2683
f 2699/3771/2699 2695/3767/2695 2686/3758/2686
f 2700/3772/2700 2701/3773/2701 2702/3774/2702
f 2701/3773/2701 2703/3775/2703 2704/3776/2704
f 2703/3775/2703 2705/3777/2705 2704/3776/2704
f 2706/3778/2706 2707/3779/2707 2705/3777/2705
f 2707/3779/2707 2708/3780/2708 2709/3781/2709
f 2708/3780/2708 2710/3782/2710 2709/3781/2709
f 2711/3783/2711 2708/3780/2708 2712/3784/2712
f 2713/3785/2713 2714/3786/2714 2710/3782/2710
f 2714/3786/2714 2700/3772/2700 2702/3774/2702
f 2711/3783/2711 2706/3778/2706 2703/3775/2703
f 2715/3787/2715 2711/3783/2711 2700/3772/2700
f 2716/3788/2716 2711/3783/2711 2703/3775/2703
f 2717/3789/2717 2718/3790/2718 2719/3791/2719
f 2718/3790/2718 2720/3792/2720 2721/3793/2721
f 2721/3793/2721 2722/3794/2722 2723/3795/2723
f 2723/3795/2723 2724/3796/2724 2725/3797/2725
f 2724/3796/2724 2726/3798/2726 2725/3797/2725
f 2727/3799/2727 2728/3800/2728 2726/3798/2726
f 2729/3801/2729 2727/3799/2727 2724/3796/2724
f 2728/3800/2728 2730/3802/2730 2731/3803/2731
f 2731/3803/2731 2717/3789/2717 2719/3791/2719
f 2729/3801/2729 2722/3794/2722 2720/3792/2720
f 2730/3802/2730 2729/3801/2729 2717/3789/2717
f 2732/3804/2732 2729/3801/2729 2720/3792/2720
f 2733/3805/2733 2734/3806/2734 2735/3807/2735
f 2736/3808/2736 2737/3809/2737 2734/3806/2734
f 2737/3809/2737 2738/3810/2738 2739/3811/2739
f 2739/3811/2739 2740/3812/2740 2741/3813/2741
f 2740/3812/2740 2742/3814/2742 2741/3813/2741
f 2743/3815/2743 2744/3816/2744 2742/3814/2742
f 2745/3817/2745 2743/3815/2743 2740/3812/2740
f 2744/3816/2744 2746/3818/2746 2747/3819/2747
f 2747/3819/2747 2733/3805/2733 2735/3807/2735
f 2745/3817/2745 2738/3810/2738 2748/3820/2748
f 2746/3818/2746 2745/3817/2745 2733/3805/2733
f 2736/3808/2736 2745/3817/2745 2748/3820/2748
f 2749/3821/2749 2750/3822/2750 2751/3823/2751
f 2752/3824/2752 2753/3825/2753 2750/3822/2750
f 2754/3826/2754 2755/3827/2755 2753/3825/2753
f 2755/3827/2755 2756/3828/2756 2757/3829/2757
f 2756/3828/2756 2758/3830/2758 2757/3829/2757
f 2759/3831/2759 2760/3832/2760 2758/3830/2758
f 2761/3833/2761 2759/3831/2759 2756/3828/2756
f 2760/3832/2760 2762/3834/2762 2763/3835/2763
f 2763/3835/2763 2749/3821/2749 2751/3823/2751
f 2761/3833/2761 2764/3836/2764 2754/3826/2754
f 2762/3834/2762 2761/3833/2761 2749/3821/2749
f 2752/3824/2752 2761/3833/2761 2754/3826/2754
f 2765/3837/2765 2766/3838/2766 2767/3839/2767
f 2767/3839/2767 2768/3840/2768 2769/3841/2769
f 2769/3841/2769 2770/3842/2770 2771/3843/2771
f 2771/3843/2771 2772/3844/2772 2773/3845/2773
f 2772/3844/2772 2774/3846/2774 2773/3845/2773
f 2775/3847/2775 2776/3848/2776 2774/3846/2774
f 2777/3849/2777 2775/3847/2775 2772/3844/2772
f 2778/3850/2778 2779/3851/2779 2776/3848/2776
f 2780/3852/2780 2765/3837/2765 2779/3851/2779
f 2777/3849/2777 2770/3842/2770 2768/3840/2768
f 2780/3852/2780 2777/3849/2777 2781/3853/2781
f 2766/3838/2766 2777/3849/2777 2768/3840/2768
f 2782/3854/2782 2783/3855/2783 2784/3856/2784
f 2785/3857/2785 2786/3858/2786 2783/3855/2783
f 2786/3858/2786 2787/3859/2787 2788/3860/2788
f 2788/3860/2788 2789/3861/2789 2790/3862/2790
f 2789/3861/2789 2791/3863/2791 2790/3862/2790
f 2792/3864/2792 2793/3865/2793 2791/3863/2791
f 2794/3866/2794 2792/3864/2792 2789/3861/2789
f 2793/3865/2793 2795/3867/2795 2796/3868/2796
f 2796/3868/2796 2782/3854/2782 2784/3856/2784
f 2794/3866/2794 2787/3859/2787 2797/3869/2797
f 2795/3867/2795 2794/3866/2794 2782/3854/2782
f 2785/3857/2785 2794/3866/2794 2797/3869/2797
f 2798/3870/2798 2799/3871/2799 2800/3872/2800
f 2801/3873/2801 2802/3874/2802 2799/3871/2799
f 2802/3874/2802 2803/3875/2803 2804/3876/2804
f 2804/3876/2804 2805/3877/2805 2806/3878/2806
f 2805/3877/2805 2807/3879/2807 2806/3878/2806
f 2808/3880/2808 2809/3881/2809 2807/3879/2807
f 2810/3882/2810 2808/3880/2808 2805/3877/2805
f 2811/3883/2811 2812/3884/2812 2809/3881/2809
f 2812/3884/2812 2798/3870/2798 2800/3872/2800
f 2810/3882/2810 2803/3875/2803 2813/3885/2813
f 2814/3886/2814 2810/3882/2810 2798/3870/2798
f 2801/3873/2801 2810/3882/2810 2813/3885/2813
f 2815/3887/2815 2816/3888/2816 2817/3889/2817
f 2818/3890/2818 2819/3891/2819 2816/3888/2816
f 2820/3892/2820 2821/3893/2821 2819/3891/2819
f 2821/3893/2821 2822/3894/2822 2823/3895/2823
f 2823/3895/2823 2824/3896/2824 2825/3897/2825
f 2825/3897/2825 2826/3898/2826 2827/3899/2827
f 2828/3900/2828 2824/3896/2824 2822/3894/2822
f 2827/3899/2827 2829/3901/2829 2830/3902/2830
f 2830/3902/2830 2815/3887/2815 2817/3889/2817
f 2828/3900/2828 2831/3903/2831 2820/3892/2820
f 2829/3901/2829 2828/3900/2828 2815/3887/2815
f 2818/3890/2818 2828/3900/2828 2820/3892/2820
f 2832/3904/2832 2833/3905/2833 2834/3906/2834
f 2834/3906/2834 2835/3907/2835 2836/3908/2836
f 2836/3908/2836 2837/3909/2837 2838/3910/2838
f 2838/3910/2838 2839/3911/2839 2840/3912/2840
f 2839/3911/2839 2841/3913/2841 2840/3912/2840
f 2842/3914/2842 2843/3915/2843 2841/3913/2841
f 2844/3916/2844 2842/3914/2842 2839/3911/2839
f 2845/3917/2845 2846/3918/2846 2843/3915/2843
f 2847/3919/2847 2832/3904/2832 2846/3918/2846
f 2844/3916/2844 2837/3909/2837 2835/3907/2835
f 2847/3919/2847 2844/3916/2844 2848/3920/2848
f 2833/3905/2833 2844/3916/2844 2835/3907/2835
f 2849/3921/2849 2850/3922/2850 2851/3923/2851
f 2852/3924/2852 2853/3925/2853 2849/3921/2849
f 2852/3924/2852 2854/3926/2854 2855/3927/2855
f 2856/3928/2856 2857/3929/2857 2854/3926/2854
f 2858/3930/2858 2859/3931/2859 2857/3929/2857
f 2860/3932/2860 2861/3933/2861 2859/3931/2859
f 2862/3934/2862 2859/3931/2859 2861/3933/2861
f 2863/3935/2863 2861/3933/2861 2864/3936/2864
f 2863/3935/2863 2850/3922/2850 2865/3937/2865
f 2854/3926/2854 2862/3934/2862 2855/3927/2855
f 2862/3934/2862 2865/3937/2865 2850/3922/2850
f 2853/3925/2853 2862/3934/2862 2850/3922/2850
f 2866/3938/2866 2867/3939/2867 2868/3940/2868
f 2869/3941/2869 2870/3942/2870 2866/3938/2866
f 2871/3943/2871 2872/3944/2872 2869/3941/2869
f 2871/3943/2871 2873/3945/2873 2874/3946/2874
f 2875/3947/2875 2873/3945/2873 2876/3948/2876
f 2875/3947/2875 2877/3949/2877 2878/3950/2878
f 2879/3951/2879 2878/3950/2878 2877/3949/2877
f 2880/3952/2880 2881/3953/2881 2877/3949/2877
f 2882/3954/2882 2867/3939/2867 2881/3953/2881
f 2874/3946/2874 2879/3951/2879 2872/3944/2872
f 2879/3951/2879 2881/3953/2881 2867/3939/2867
f 2870/3942/2870 2879/3951/2879 2867/3939/2867
f 2883/3955/2883 2884/3956/2884 2885/3957/2885
f 2886/3958/2886 2887/3959/2887 2883/3955/2883
f 2888/3960/2888 2889/3961/2889 2886/3958/2886
f 2888/3960/2888 2890/3962/2890 2891/3963/2891
f 2892/3964/2892 2890/3962/2890 2893/3965/2893
f 2892/3964/2892 2894/3966/2894 2895/3967/2895
f 2896/3968/2896 2895/3967/2895 2894/3966/2894
f 2897/3969/2897 2898/3970/2898 2894/3966/2894
f 2899/3971/2899 2884/3956/2884 2898/3970/2898
f 2891/3963/2891 2896/3968/2896 2889/3961/2889
f 2896/3968/2896 2898/3970/2898 2884/3956/2884
f 2887/3959/2887 2896/3968/2896 2884/3956/2884
f 2900/3972/2900 2901/3973/2901 2902/3974/2902
f 2900/3972/2900 2903/3975/2903 2904/3976/2904
f 2905/3977/2905 2906/3978/2906 2903/3975/2903
f 2907/3979/2907 2908/3980/2908 2906/3978/2906
f 2909/3981/2909 2908/3980/2908 2910/3982/2910
f 2911/3983/2911 2912/3984/2912 2909/3981/2909
f 2913/3985/2913 2912/3984/2912 2914/3986/2914
f 2915/3987/2915 2914/3986/2914 2911/3983/2911
f 2915/3987/2915 2901/3973/2901 2916/3988/2916
f 2906/3978/2906 2913/3985/2913 2903/3975/2903
f 2913/3985/2913 2916/3988/2916 2901/3973/2901
f 2904/3976/2904 2913/3985/2913 2901/3973/2901
f 2917/3989/2917 2918/3990/2918 2919/3991/2919
f 2920/3992/2920 2921/3993/2921 2917/3989/2917
f 2920/3992/2920 2922/3994/2922 2923/3995/2923
f 2924/3996/2924 2925/3997/2925 2922/3994/2922
f 2926/3998/2926 2925/3997/2925 2927/3999/2927
f 2926/3998/2926 2928/4000/2928 2929/4001/2929
f 2930/4002/2930 2929/4001/2929 2928/4000/2928
f 2931/4003/2931 2928/4000/2928 2932/4004/2932
f 2931/4003/2931 2918/3990/2918 2933/4005/2933
f 2922/3994/2922 2930/4002/2930 2923/3995/2923
f 2930/4002/2930 2933/4005/2933 2918/3990/2918
f 2921/3993/2921 2930/4002/2930 2918/3990/2918
f 2934/4006/2934 2935/4007/2935 2936/4008/2936
f 2937/4009/2937 2938/4010/2938 2934/4006/2934
f 2937/4009/2937 2939/4011/2939 2940/4012/2940
f 2941/4013/2941 2942/4014/2942 2939/4011/2939
f 2943/4015/2943 2942/4014/2942 2944/4016/2944
f 2945/4017/2945 2946/4018/2946 2943/4015/2943
f 2947/4019/2947 2946/4018/2946 2948/4020/2948
f 2945/4017/2945 2949/4021/2949 2948/4020/2948
f 2950/4022/2950 2935/4007/2935 2949/4021/2949
f 2939/4011/2939 2947/4019/2947 2940/4012/2940
f 2947/4019/2947 2949/4021/2949 2935/4007/2935
f 2938/4010/2938 2947/4019/2947 2935/4007/2935
f 2951/4023/2951 2952/4024/2952 2953/4025/2953
f 2954/4026/2954 2955/4027/2955 2951/4023/2951
f 2956/4028/2956 2957/4029/2957 2954/4026/2954
f 2956/4028/2956 2958/4030/2958 2959/4031/2959
f 2960/4032/2960 2961/4033/2961 2958/4030/2958
f 2962/4034/2962 2961/4033/2961 2963/4035/2963
f 2964/4036/2964 2961/4033/2961 2965/4037/2965
f 2962/4034/2962 2966/4038/2966 2965/4037/2965
f 2967/4039/2967 2952/4024/2952 2966/4038/2966
f 2959/4031/2959 2964/4036/2964 2957/4029/2957
f 2964/4036/2964 2966/4038/2966 2952/4024/2952
f 2955/4027/2955 2964/4036/2964 2952/4024/2952
f 2968/4040/2968 2969/4041/2969 2970/4042/2970
f 2968/4040/2968 2971/4043/2971 2972/4044/2972
f 2973/4045/2973 2974/4046/2974 2971/4043/2971
f 2975/4047/2975 2976/4048/2976 2974/4046/2974
f 2977/4049/2977 2976/4048/2976 2978/4050/2978
f 2979/4051/2979 2980/4052/2980 2977/4049/2977
f 2981/4053/2981 2980/4052/2980 2982/4054/2982
f 2983/4055/2983 2982/4054/2982 2979/4051/2979
f 2983/4055/2983 2969/4041/2969 2984/4056/2984
f 2974/4046/2974 2981/4053/2981 2971/4043/2971
f 2981/4053/2981 2984/4056/2984 2969/4041/2969
f 2972/4044/2972 2981/4053/2981 2969/4041/2969
f 2985/4057/2985 2986/4058/2986 2987/4059/2987
f 2986/4058/2986 2988/4060/2988 2987/4059/2987
f 2988/4060/2988 2989/4061/2989 2990/4062/2990
f 2990/4062/2990 2991/4063/2991 2992/4064/2992
f 2991/4063/2991 2993/4065/2993 2992/4064/2992
f 2993/4065/2993 2994/4066/2994 2995/4067/2995
f 2996/4068/2996 2997/4069/2997 2991/4063/2991
f 2994/4066/2994 2998/4070/2998 2995/4067/2995
f 2998/4070/2998 2999/4071/2999 2985/4057/2985
f 2996/4068/2996 2989/4061/2989 3000/4072/3000
f 3001/4073/3001 2996/4068/2996 2999/4071/2999
f 2986/4058/2986 2996/4068/2996 3000/4072/3000
f 3002/4074/3002 3003/4075/3003 3004/4076/3004
f 3003/4075/3003 3005/4077/3005 3006/4078/3006
f 3005/4077/3005 3007/4079/3007 3006/4078/3006
f 3007/4079/3007 3008/4080/3008 3009/4081/3009
f 3008/4080/3008 3010/4082/3010 3009/4081/3009
f 3010/4082/3010 3011/4083/3011 3012/4084/3012
f 3013/4085/3013 3014/4086/3014 3008/4080/3008
f 3012/4084/3012 3015/4087/3015 3016/4088/3016
f 3016/4088/3016 3002/4074/3002 3004/4076/3004
f 3013/4085/3013 3017/4089/3017 3005/4077/3005
f 3015/4087/3015 3013/4085/3013 3002/4074/3002
f 3018/4090/3018 3013/4085/3013 3005/4077/3005
f 3019/4091/3019 3020/4092/3020 3021/4093/3021
f 3022/4094/3022 3023/4095/3023 3020/4092/3020
f 3024/4096/3024 3025/4097/3025 3023/4095/3023
f 3026/4098/3026 3027/4099/3027 3025/4097/3025
f 3027/4099/3027 3028/4100/3028 3029/4101/3029
f 3029/4101/3029 3030/4102/3030 3031/4103/3031
f 3032/4104/3032 3028/4100/3028 3033/4105/3033
f 3031/4103/3031 3034/4106/3034 3035/4107/3035
f 3035/4107/3035 3019/4091/3019 3021/4093/3021
f 3032/4104/3032 3026/4098/3026 3024/4096/3024
f 3034/4106/3034 3032/4104/3032 3019/4091/3019
f 3022/4094/3022 3032/4104/3032 3024/4096/3024
f 3036/4108/3036 3037/4109/3037 3038/4110/3038
f 3037/4109/3037 3039/4111/3039 3040/4112/3040
f 3040/4112/3040 3041/4113/3041 3042/4114/3042
f 3042/4114/3042 3043/4115/3043 3044/4116/3044
f 3043/4115/3043 3045/4117/3045 3044/4116/3044
f 3046/4118/3046 3047/4119/3047 3045/4117/3045
f 3048/4120/3048 3046/4118/3046 3043/4115/3043
f 3049/4121/3049 3050/4122/3050 3047/4119/3047
f 3051/4123/3051 3038/4110/3038 3050/4122/3050
f 3048/4120/3048 3041/4113/3041 3039/4111/3039
f 3051/4123/3051 3048/4120/3048 3036/4108/3036
f 3052/4124/3052 3048/4120/3048 3039/4111/3039
f 3053/4125/3053 3054/4126/3054 3055/4127/3055
f 3056/4128/3056 3057/4129/3057 3053/4125/3053
f 3056/4128/3056 3058/4130/3058 3059/4131/3059
f 3060/4132/3060 3061/4133/3061 3058/4130/3058
f 3062/4134/3062 3061/4133/3061 3063/4135/3063
f 3062/4134/3062 3064/4136/3064 3065/4137/3065
f 3066/4138/3066 3065/4137/3065 3064/4136/3064
f 3067/4139/3067 3064/4136/3064 3068/4140/3068
f 3067/4139/3067 3054/4126/3054 3069/4141/3069
f 3058/4130/3058 3066/4138/3066 3059/4131/3059
f 3066/4138/3066 3069/4141/3069 3054/4126/3054
f 3057/4129/3057 3066/4138/3066 3054/4126/3054
f 3070/4142/3070 3071/4143/3071 3072/4144/3072
f 3073/4145/3073 3071/4143/3071 3074/4146/3074
f 3073/4145/3073 3075/4147/3075 3076/4148/3076
f 3077/4149/3077 3078/4150/3078 3075/4147/3075
f 3079/4151/3079 3078/4150/3078 3080/4152/3080
f 3079/4151/3079 3081/4153/3081 3082/4154/3082
f 3083/4155/3083 3082/4154/3082 3081/4153/3081
f 3084/4156/3084 3085/4157/3085 3081/4153/3081
f 3070/4142/3070 3085/4157/3085 3086/4158/3086
f 3075/4147/3075 3083/4155/3083 3076/4148/3076
f 3083/4155/3083 3085/4157/3085 3072/4144/3072
f 3071/4143/3071 3083/4155/3083 3072/4144/3072
f 3087/4159/3087 3088/4160/3088 3089/4161/3089
f 3090/4162/3090 3091/4163/3091 3087/4159/3087
f 3092/4164/3092 3093/4165/3093 3090/4162/3090
f 3092/4164/3092 3094/4166/3094 3095/4167/3095
f 3096/4168/3096 3094/4166/3094 3097/4169/3097
f 3098/4170/3098 3099/4171/3099 3096/4168/3096
f 3100/4172/3100 3099/4171/3099 3101/4173/3101
f 3098/4170/3098 3102/4174/3102 3101/4173/3101
f 3103/4175/3103 3088/4160/3088 3102/4174/3102
f 3095/4167/3095 3100/4172/3100 3093/4165/3093
f 3100/4172/3100 3102/4174/3102 3088/4160/3088
f 3091/4163/3091 3100/4172/3100 3088/4160/3088
f 3104/4176/3104 3105/4177/3105 3106/4178/3106
f 3107/4179/3107 3108/4180/3108 3105/4177/3105
f 3109/4181/3109 3110/4182/3110 3108/4180/3108
f 3111/4183/3111 3112/4184/3112 3110/4182/3110
f 3113/4185/3113 3112/4184/3112 3114/4186/3114
f 3115/4187/3115 3116/4188/3116 3113/4185/3113
f 3117/4189/3117 3116/4188/3116 3118/4190/3118
f 3119/4191/3119 3118/4190/3118 3115/4187/3115
f 3119/4191/3119 3106/4178/3106 3120/4192/3120
f 3110/4182/3110 3117/4189/3117 3108/4180/3108
f 3117/4189/3117 3120/4192/3120 3106/4178/3106
f 3105/4177/3105 3117/4189/3117 3106/4178/3106
f 3121/4193/3121 3122/4194/3122 3123/4195/3123
f 3124/4196/3124 3125/4197/3125 3122/4194/3122
f 3125/4197/3125 3126/4198/3126 3127/4199/3127
f 3126/4198/3126 3128/4200/3128 3127/4199/3127
f 3128/4200/3128 3129/4201/3129 3130/4202/3130
f 3129/4201/3129 3131/4203/3131 3130/4202/3130
f 3132/4204/3132 3129/4201/3129 3133/4205/3133
f 3131/4203/3131 3134/4206/3134 3135/4207/3135
f 3135/4207/3135 3121/4193/3121 3123/4195/3123
f 3132/4204/3132 3126/4198/3126 3136/4208/3136
f 3134/4206/3134 3132/4204/3132 3121/4193/3121
f 3124/4196/3124 3132/4204/3132 3136/4208/3136
f 3137/4209/3137 3138/4210/3138 3139/4211/3139
f 3138/4210/3138 3140/4212/3140 3141/4213/3141
f 3140/4212/3140 3142/4214/3142 3141/4213/3141
f 3143/4215/3143 3144/4216/3144 3142/4214/3142
f 3145/4217/3145 3146/4218/3146 3144/4216/3144
f 3147/4219/3147 3148/4220/3148 3146/4218/3146
f 3149/4221/3149 3147/4219/3147 3145/4217/3145
f 3150/4222/3150 3151/4223/3151 3148/4220/3148
f 3152/4224/3152 3139/4211/3139 3151/4223/3151
f 3149/4221/3149 3143/4215/3143 3140/4212/3140
f 3152/4224/3152 3149/4221/3149 3137/4209/3137
f 3153/4225/3153 3149/4221/3149 3140/4212/3140
f 3154/4226/3154 3155/4227/3155 3156/4228/3156
f 3155/4227/3155 3157/4229/3157 3158/4230/3158
f 3158/4230/3158 3159/4231/3159 3160/4232/3160
f 3160/4232/3160 3161/4233/3161 3162/4234/3162
f 3161/4233/3161 3163/4235/3163 3162/4234/3162
f 3164/4236/3164 3165/4237/3165 3163/4235/3163
f 3166/4238/3166 3164/4236/3164 3161/4233/3161
f 3165/4237/3165 3167/4239/3167 3168/4240/3168
f 3168/4240/3168 3154/4226/3154 3156/4228/3156
f 3166/4238/3166 3159/4231/3159 3157/4229/3157
f 3167/4239/3167 3166/4238/3166 3154/4226/3154
f 3169/4241/3169 3166/4238/3166 3157/4229/3157
f 3170/4242/3170 3171/4243/3171 3172/4244/3172
f 3173/4245/3173 3174/4246/3174 3171/4243/3171
f 3175/4247/3175 3176/4248/3176 3174/4246/3174
f 3176/4248/3176 3177/4249/3177 3178/4250/3178
f 3177/4249/3177 3179/4251/3179 3178/4250/3178
f 3180/4252/3180 3181/4253/3181 3179/4251/3179
f 3182/4254/3182 3180/4252/3180 3177/4249/3177
f 3181/4253/3181 3183/4255/3183 3184/4256/3184
f 3184/4256/3184 3170/4242/3170 3172/4244/3172
f 3182/4254/3182 3185/4257/3185 3175/4247/3175
f 3183/4255/3183 3182/4254/3182 3170/4242/3170
f 3173/4245/3173 3182/4254/3182 3175/4247/3175
f 3186/4258/3186 3187/4259/3187 3188/4260/3188
f 3187/4259/3187 3189/4261/3189 3190/4262/3190
f 3190/4262/3190 3191/4263/3191 3192/4264/3192
f 3191/4263/3191 3193/4265/3193 3192/4264/3192
f 3193/4265/3193 3194/4266/3194 3195/4267/3195
f 3194/4266/3194 3196/4268/3196 3195/4267/3195
f 3197/4269/3197 3194/4266/3194 3198/4270/3198
f 3199/4271/3199 3200/4272/3200 3196/4268/3196
f 3201/4273/3201 3188/4260/3188 3200/4272/3200
f 3197/4269/3197 3191/4263/3191 3189/4261/3189
f 3201/4273/3201 3197/4269/3197 3186/4258/3186
f 3202/4274/3202 3197/4269/3197 3189/4261/3189
f 3203/4275/3203 3204/4276/3204 3205/4277/3205
f 3206/4278/3206 3207/4279/3207 3204/4276/3204
f 3208/4280/3208 3209/4281/3209 3207/4279/3207
f 3210/4282/3210 3211/4283/3211 3209/4281/3209
f 3212/4284/3212 3213/4285/3213 3211/4283/3211
f 3213/4285/3213 3214/4286/3214 3215/4287/3215
f 3216/4288/3216 3217/4289/3217 3212/4284/3212
f 3214/4286/3214 3218/4290/3218 3215/4287/3215
f 3219/4291/3219 3205/4277/3205 3218/4290/3218
f 3216/4288/3216 3210/4282/3210 3208/4280/3208
f 3219/4291/3219 3216/4288/3216 3203/4275/3203
f 3206/4278/3206 3216/4288/3216 3208/4280/3208
f 3220/4292/3220 3221/4293/3221 3222/4294/3222
f 3223/4295/3223 3221/4293/3221 3224/4296/3224
f 3223/4295/3223 3225/4297/3225 3226/4298/3226
f 3227/4299/3227 3225/4297/3225 3228/4300/3228
f 3229/4301/3229 3230/4302/3230 3227/4299/3227
f 3231/4303/3231 3232/4304/3232 3229/4301/3229
f 3233/4305/3233 3232/4304/3232 3234/4306/3234
f 3235/4307/3235 3234/4306/3234 3231/4303/3231
f 3220/4292/3220 3236/4308/3236 3235/4307/3235
f 3225/4297/3225 3233/4305/3233 3226/4298/3226
f 3233/4305/3233 3236/4308/3236 3222/4294/3222
f 3221/4293/3221 3233/4305/3233 3222/4294/3222
f 3237/4309/3237 3238/4310/3238 3239/4311/3239
f 3240/4312/3240 3241/4313/3241 3237/4309/3237
f 3240/4312/3240 3242/4314/3242 3243/4315/3243
f 3244/4316/3244 3245/4317/3245 3242/4314/3242
f 3246/4318/3246 3245/4317/3245 3247/4319/3247
f 3246/4318/3246 3248/4320/3248 3249/4321/3249
f 3250/4322/3250 3249/4321/3249 3248/4320/3248
f 3251/4323/3251 3252/4324/3252 3248/4320/3248
f 3253/4325/3253 3238/4310/3238 3252/4324/3252
f 3242/4314/3242 3250/4322/3250 3243/4315/3243
f 3250/4322/3250 3252/4324/3252 3238/4310/3238
f 3241/4313/3241 3250/4322/3250 3238/4310/3238
f 3254/4326/3254 3255/4327/3255 3256/4328/3256
f 3254/4326/3254 3257/4329/3257 3258/4330/3258
f 3259/4331/3259 3260/4332/3260 3257/4329/3257
f 3261/4333/3261 3262/4334/3262 3260/4332/3260
f 3263/4335/3263 3262/4334/3262 3264/4336/3264
f 3265/4337/3265 3266/4338/3266 3263/4335/3263
f 3267/4339/3267 3266/4338/3266 3268/4340/3268
f 3269/4341/3269 3268/4340/3268 3265/4337/3265
f 3269/4341/3269 3255/4327/3255 3270/4342/3270
f 3260/4332/3260 3267/4339/3267 3257/4329/3257
f 3267/4339/3267 3270/4342/3270 3255/4327/3255
f 3258/4330/3258 3267/4339/3267 3255/4327/3255
f 3271/4343/3271 3272/4344/3272 3273/4345/3273
f 3274/4346/3274 3275/4347/3275 3271/4343/3271
f 3274/4346/3274 3276/4348/3276 3277/4349/3277
f 3278/4350/3278 3279/4351/3279 3276/4348/3276
f 3280/4352/3280 3279/4351/3279 3281/4353/3281
f 3282/4354/3282 3283/4355/3283 3280/4352/3280
f 3284/4356/3284 3283/4355/3283 3285/4357/3285
f 3282/4354/3282 3286/4358/3286 3285/4357/3285
f 3287/4359/3287 3272/4344/3272 3286/4358/3286
f 3276/4348/3276 3284/4356/3284 3277/4349/3277
f 3284/4356/3284 3286/4358/3286 3272/4344/3272
f 3275/4347/3275 3284/4356/3284 3272/4344/3272
f 3288/4360/3288 3289/4361/3289 3290/4362/3290
f 3291/4363/3291 3292/4364/3292 3288/4360/3288
f 3291/4363/3291 3293/4365/3293 3294/4366/3294
f 3295/4367/3295 3296/4368/3296 3293/4365/3293
f 3297/4369/3297 3296/4368/3296 3298/4370/3298
f 3299/4371/3299 3300/4372/3300 3297/4369/3297
f 3301/4373/3301 3300/4372/3300 3302/4374/3302
f 3303/4375/3303 3302/4374/3302 3299/4371/3299
f 3290/4362/3290 3304/4376/3304 3303/4375/3303
f 3293/4365/3293 3301/4373/3301 3294/4366/3294
f 3301/4373/3301 3304/4376/3304 3289/4361/3289
f 3292/4364/3292 3301/4373/3301 3289/4361/3289
f 3305/4377/3305 3306/4378/3306 3307/4379/3307
f 3308/4380/3308 3309/4381/3309 3305/4377/3305
f 3308/4380/3308 3310/4382/3310 3311/4383/3311
f 3312/4384/3312 3313/4385/3313 3310/4382/3310
f 3314/4386/3314 3315/4387/3315 3313/4385/3313
f 3316/4388/3316 3317/4389/3317 3315/4387/3315
f 3318/4390/3318 3315/4387/3315 3317/4389/3317
f 3319/4391/3319 3317/4389/3317 3320/4392/3320
f 3307/4379/3307 3321/4393/3321 3319/4391/3319
f 3310/4382/3310 3318/4390/3318 3311/4383/3311
f 3318/4390/3318 3321/4393/3321 3306/4378/3306
f 3309/4381/3309 3318/4390/3318 3306/4378/3306
f 3322/4394/3322 3323/4395/3323 3324/4396/3324
f 3325/4397/3325 3326/4398/3326 3323/4395/3323
f 3326/4398/3326 3327/4399/3327 3328/4400/3328
f 3328/4400/3328 3329/4401/3329 3330/4402/3330
f 3330/4402/3330 3331/4403/3331 3332/4404/3332
f 3332/4404/3332 3333/4405/3333 3334/4406/3334
f 3335/4407/3335 3331/4403/3331 3329/4401/3329
f 3333/4405/3333 3336/4408/3336 3334/4406/3334
f 3336/4408/3336 3322/4394/3322 3324/4396/3324
f 3335/4407/3335 3327/4399/3327 3337/4409/3337
f 3338/4410/3338 3335/4407/3335 3322/4394/3322
f 3325/4397/3325 3335/4407/3335 3337/4409/3337
f 3339/4411/3339 3340/4412/3340 3341/4413/3341
f 3340/4412/3340 3342/4414/3342 3343/4415/3343
f 3343/4415/3343 3344/4416/3344 3345/4417/3345
f 3345/4417/3345 3346/4418/3346 3347/4419/3347
f 3346/4418/3346 3348/4420/3348 3347/4419/3347
f 3349/4421/3349 3350/4422/3350 3348/4420/3348
f 3351/4423/3351 3349/4421/3349 3346/4418/3346
f 3352/4424/3352 3353/4425/3353 3350/4422/3350
f 3353/4425/3353 3339/4411/3339 3341/4413/3341
f 3351/4423/3351 3344/4416/3344 3342/4414/3342
f 3354/4426/3354 3351/4423/3351 3339/4411/3339
f 3355/4427/3355 3351/4423/3351 3342/4414/3342
f 3356/4428/3356 3357/4429/3357 3358/4430/3358
f 3358/4430/3358 3359/4431/3359 3360/4432/3360
f 3360/4432/3360 3361/4433/3361 3362/4434/3362
f 3362/4434/3362 3363/4435/3363 3364/4436/3364
f 3363/4435/3363 3365/4437/3365 3364/4436/3364
f 3366/4438/3366 3367/4439/3367 3365/4437/3365
f 3368/4440/3368 3366/4438/3366 3363/4435/3363
f 3369/4441/3369 3370/4442/3370 3367/4439/3367
f 3370/4442/3370 3371/4443/3371 3356/4428/3356
f 3368/4440/3368 3361/4433/3361 3359/4431/3359
f 3372/4444/3372 3368/4440/3368 3371/4443/3371
f 3357/4429/3357 3368/4440/3368 3359/4431/3359
f 3373/4445/3373 3374/4446/3374 3375/4447/3375
f 3376/4448/3376 3377/4449/3377 3373/4445/3373
f 3376/4448/3376 3378/4450/3378 3379/4451/3379
f 3380/4452/3380 3381/4453/3381 3378/4450/3378
f 3382/4454/3382 3383/4455/3383 3381/4453/3381
f 3384/4456/3384 3385/4457/3385 3383/4455/3383
f 3386/4458/3386 3383/4455/3383 3385/4457/3385
f 3387/4459/3387 3388/4460/3388 3385/4457/3385
f 3389/4461/3389 3374/4446/3374 3388/4460/3388
f 3378/4450/3378 3386/4458/3386 3379/4451/3379
f 3386/4458/3386 3388/4460/3388 3374/4446/3374
f 3377/4449/3377 3386/4458/3386 3374/4446/3374
f 3390/4462/3390 3391/4463/3391 3392/4464/3392
f 3390/4462/3390 3393/4465/3393 3394/4466/3394
f 3395/4467/3395 3396/4468/3396 3393/4465/3393
f 3397/4469/3397 3398/4470/3398 3396/4468/3396
f 3399/4471/3399 3398/4470/3398 3400/4472/3400
f 3401/4473/3401 3402/4474/3402 3399/4471/3399
f 3403/4475/3403 3402/4474/3402 3404/4476/3404
f 3405/4477/3405 3404/4476/3404 3401/4473/3401
f 3405/4477/3405 3391/4463/3391 3406/4478/3406
f 3396/4468/3396 3403/4475/3403 3393/4465/3393
f 3403/4475/3403 3406/4478/3406 3391/4463/3391
f 3394/4466/3394 3403/4475/3403 3391/4463/3391
f 3407/4479/3407 3408/4480/3408 3409/4481/3409
f 3407/4479/3407 3410/4482/3410 3411/4483/3411
f 3412/4484/3412 3413/4485/3413 3410/4482/3410
f 3414/4486/3414 3415/4487/3415 3413/4485/3413
f 3416/4488/3416 3415/4487/3415 3417/4489/3417
f 3418/4490/3418 3419/4491/3419 3416/4488/3416
f 3420/4492/3420 3419/4491/3419 3421/4493/3421
f 3422/4494/3422 3421/4493/3421 3418/4490/3418
f 3422/4494/3422 3408/4480/3408 3423/4495/3423
f 3413/4485/3413 3420/4492/3420 3410/4482/3410
f 3420/4492/3420 3423/4495/3423 3408/4480/3408
f 3411/4483/3411 3420/4492/3420 3408/4480/3408
f 3424/4496/3424 3425/4497/3425 3426/4498/3426
f 3427/4499/3427 3428/4500/3428 3425/4497/3425
f 3428/4500/3428 3429/4501/3429 3430/4502/3430
f 3430/4502/3430 3431/4503/3431 3432/4504/3432
f 3431/4503/3431 3433/4505/3433 3432/4504/3432
f 3434/4506/3434 3435/4507/3435 3433/4505/3433
f 3436/4508/3436 3434/4506/3434 3431/4503/3431
f 3435/4507/3435 3437/4509/3437 3438/4510/3438
f 3438/4510/3438 3424/4496/3424 3426/4498/3426
f 3436/4508/3436 3429/4501/3429 3439/4511/3439
f 3437/4509/3437 3436/4508/3436 3424/4496/3424
f 3427/4499/3427 3436/4508/3436 3439/4511/3439
f 3440/4512/3440 3441/4513/3441 3442/4514/3442
f 3443/4515/3443 3444/4516/3444 3441/4513/3441
f 3444/4516/3444 3445/4517/3445 3446/4518/3446
f 3446/4518/3446 3447/4519/3447 3448/4520/3448
f 3447/4519/3447 3449/4521/3449 3448/4520/3448
f 3449/4521/3449 3450/4522/3450 3451/4523/3451
f 3452/4524/3452 3453/4525/3453 3447/4519/3447
f 3451/4523/3451 3454/4526/3454 3455/4527/3455
f 3455/4527/3455 3440/4512/3440 3442/4514/3442
f 3452/4524/3452 3445/4517/3445 3456/4528/3456
f 3454/4526/3454 3452/4524/3452 3440/4512/3440
f 3443/4515/3443 3452/4524/3452 3456/4528/3456
f 3457/4529/3457 3458/4530/3458 3459/4531/3459
f 3460/4532/3460 3461/4533/3461 3458/4530/3458
f 3461/4533/3461 3462/4534/3462 3463/4535/3463
f 3463/4535/3463 3464/4536/3464 3465/4537/3465
f 3464/4536/3464 3466/4538/3466 3465/4537/3465
f 3467/4539/3467 3468/4540/3468 3466/4538/3466
f 3469/4541/3469 3467/4539/3467 3464/4536/3464
f 3468/4540/3468 3470/4542/3470 3471/4543/3471
f 3471/4543/3471 3457/4529/3457 3459/4531/3459
f 3469/4541/3469 3462/4534/3462 3472/4544/3472
f 3470/4542/3470 3469/4541/3469 3457/4529/3457
f 3460/4532/3460 3469/4541/3469 3472/4544/3472
f 3473/4545/3473 3474/4546/3474 3475/4547/3475
f 3476/4548/3476 3477/4549/3477 3474/4546/3474
f 3478/4550/3478 3479/4551/3479 3477/4549/3477
f 3479/4551/3479 3480/4552/3480 3481/4553/3481
f 3480/4552/3480 3482/4554/3482 3481/4553/3481
f 3483/4555/3483 3484/4556/3484 3482/4554/3482
f 3485/4557/3485 3483/4555/3483 3480/4552/3480
f 3484/4556/3484 3486/4558/3486 3487/4559/3487
f 3487/4559/3487 3473/4545/3473 3475/4547/3475
f 3485/4557/3485 3488/4560/3488 3478/4550/3478
f 3486/4558/3486 3485/4557/3485 3473/4545/3473
f 3476/4548/3476 3485/4557/3485 3478/4550/3478
f 3489/4561/3489 3490/4562/3490 3491/4563/3491
f 3492/4564/3492 3490/4562/3490 3493/4565/3493
f 3492/4564/3492 3494/4566/3494 3495/4567/3495
f 3496/4568/3496 3497/4569/3497 3494/4566/3494
f 3498/4570/3498 3497/4569/3497 3499/4571/3499
f 3500/4572/3500 3501/4573/3501 3498/4570/3498
f 3502/4574/3502 3501/4573/3501 3503/4575/3503
f 3500/4572/3500 3504/4576/3504 3503/4575/3503
f 3505/4577/3505 3491/4563/3491 3504/4576/3504
f 3494/4566/3494 3502/4574/3502 3495/4567/3495
f 3502/4574/3502 3504/4576/3504 3491/4563/3491
f 3490/4562/3490 3502/4574/3502 3491/4563/3491
f 3506/4578/3506 3507/4579/3507 3508/4580/3508
f 3506/4578/3506 3509/4581/3509 3510/4582/3510
f 3511/4583/3511 3512/4584/3512 3509/4581/3509
f 3513/4585/3513 3514/4586/3514 3512/4584/3512
f 3515/4587/3515 3514/4586/3514 3516/4588/3516
f 3517/4589/3517 3518/4590/3518 3515/4587/3515
f 3519/4591/3519 3518/4590/3518 3520/4592/3520
f 3517/4589/3517 3521/4593/3521 3520/4592/3520
f 3522/4594/3522 3507/4579/3507 3521/4593/3521
f 3512/4584/3512 3519/4591/3519 3509/4581/3509
f 3519/4591/3519 3521/4593/3521 3507/4579/3507
f 3510/4582/3510 3519/4591/3519 3507/4579/3507
f 3523/4595/3523 3524/4596/3524 3525/4597/3525
f 3526/4598/3526 3527/4599/3527 3523/4595/3523
f 3526/4598/3526 3528/4600/3528 3529/4601/3529
f 3530/4602/3530 3531/4603/3531 3528/4600/3528
f 3532/4604/3532 3531/4603/3531 3533/4605/3533
f 3534/4606/3534 3535/4607/3535 3532/4604/3532
f 3536/4608/3536 3535/4607/3535 3537/4609/3537
f 3534/4606/3534 3538/4610/3538 3537/4609/3537
f 3539/4611/3539 3524/4596/3524 3538/4610/3538
f 3528/4600/3528 3536/4608/3536 3529/4601/3529
f 3536/4608/3536 3538/4610/3538 3524/4596/3524
f 3527/4599/3527 3536/4608/3536 3524/4596/3524
f 3540/4612/3540 3541/4613/3541 3542/4614/3542
f 3543/4615/3543 3544/4616/3544 3540/4612/3540
f 3543/4615/3543 3545/4617/3545 3546/4618/3546
f 3547/4619/3547 3545/4617/3545 3548/4620/3548
f 3549/4621/3549 3550/4622/3550 3547/4619/3547
f 3551/4623/3551 3552/4624/3552 3549/4621/3549
f 3553/4625/3553 3552/4624/3552 3554/4626/3554
f 3551/4623/3551 3555/4627/3555 3554/4626/3554
f 3556/4628/3556 3541/4613/3541 3555/4627/3555
f 3545/4617/3545 3553/4625/3553 3546/4618/3546
f 3553/4625/3553 3555/4627/3555 3541/4613/3541
f 3544/4616/3544 3553/4625/3553 3541/4613/3541
f 3557/4629/3557 3558/4630/3558 3559/4631/3559
f 3560/4632/3560 3561/4633/3561 3558/4630/3558
f 3561/4633/3561 3562/4634/3562 3563/4635/3563
f 3563/4635/3563 3564/4636/3564 3565/4637/3565
f 3564/4636/3564 3566/4638/3566 3565/4637/3565
f 3567/4639/3567 3568/4640/3568 3566/4638/3566
f 3569/4641/3569 3567/4639/3567 3564/4636/3564
f 3568/4640/3568 3570/4642/3570 3571/4643/3571
f 3571/4643/3571 3557/4629/3557 3559/4631/3559
f 3569/4641/3569 3562/4634/3562 3572/4644/3572
f 3570/4642/3570 3569/4641/3569 3557/4629/3557
f 3560/4632/3560 3569/4641/3569 3572/4644/3572
f 3573/4645/3573 3574/4646/3574 3575/4647/3575
f 3576/4648/3576 3574/4646/3574 3577/4649/3577
f 3576/4648/3576 3578/4650/3578 3579/4651/3579
f 3580/4652/3580 3581/4653/3581 3578/4650/3578
f 3582/4654/3582 3581/4653/3581 3583/4655/3583
f 3584/4656/3584 3585/4657/3585 3582/4654/3582
f 3586/4658/3586 3585/4657/3585 3587/4659/3587
f 3584/4656/3584 3588/4660/3588 3587/4659/3587
f 3573/4645/3573 3588/4660/3588 3589/4661/3589
f 3578/4650/3578 3586/4658/3586 3579/4651/3579
f 3586/4658/3586 3588/4660/3588 3575/4647/3575
f 3574/4646/3574 3586/4658/3586 3575/4647/3575
f 3590/4662/3590 3591/4663/3591 3592/4664/3592
f 3593/4665/3593 3594/4666/3594 3591/4663/3591
f 3595/4667/3595 3596/4668/3596 3594/4666/3594
f 3596/4668/3596 3597/4669/3597 3598/4670/3598
f 3597/4669/3597 3599/4671/3599 3598/4670/3598
f 3600/4672/3600 3601/4673/3601 3599/4671/3599
f 3602/4674/3602 3600/4672/3600 3597/4669/3597
f 3603/4675/3603 3604/4676/3604 3601/4673/3601
f 3604/4676/3604 3590/4662/3590 3592/4664/3592
f 3602/4674/3602 3605/4677/3605 3595/4667/3595
f 3606/4678/3606 3602/4674/3602 3590/4662/3590
f 3593/4665/3593 3602/4674/3602 3595/4667/3595
f 3607/4679/3607 3608/4680/3608 3609/4681/3609
f 3608/4680/3608 3610/4682/3610 3609/4681/3609
f 3611/4683/3611 3612/4684/3612 3610/4682/3610
f 3612/4684/3612 3613/4685/3613 3614/4686/3614
f 3614/4686/3614 3615/4687/3615 3616/4688/3616
f 3616/4688/3616 3617/4689/3617 3618/4690/3618
f 3619/4691/3619 3615/4687/3615 3613/4685/3613
f 3618/4690/3618 3620/4692/3620 3621/4693/3621
f 3621/4693/3621 3622/4694/3622 3607/4679/3607
f 3619/4691/3619 3623/4695/3623 3611/4683/3611
f 3620/4692/3620 3619/4691/3619 3622/4694/3622
f 3608/4680/3608 3619/4691/3619 3611/4683/3611
f 3624/4696/3624 3625/4697/3625 3626/4698/3626
f 3627/4699/3627 3628/4700/3628 3625/4697/3625
f 3629/4701/3629 3630/4702/3630 3628/4700/3628
f 3630/4702/3630 3631/4703/3631 3632/4704/3632
f 3631/4703/3631 3633/4705/3633 3632/4704/3632
f 3633/4705/3633 3634/4706/3634 3635/4707/3635
f 3636/4708/3636 3637/4709/3637 3631/4703/3631
f 3635/4707/3635 3638/4710/3638 3639/4711/3639
f 3639/4711/3639 3624/4696/3624 3626/4698/3626
f 3636/4708/3636 3640/4712/3640 3629/4701/3629
f 3638/4710/3638 3636/4708/3636 3624/4696/3624
f 3627/4699/3627 3636/4708/3636 3629/4701/3629
f 3641/4713/3641 3642/4714/3642 3643/4715/3643
f 3641/4713/3641 3644/4716/3644 3645/4717/3645
f 3646/4718/3646 3644/4716/3644 3647/4719/3647
f 3646/4718/3646 3648/4720/3648 3649/4721/3649
f 3650/4722/3650 3648/4720/3648 3651/4723/3651
f 3650/4722/3650 3652/4724/3652 3653/4725/3653
f 3654/4726/3654 3653/4725/3653 3652/4724/3652
f 3655/4727/3655 3652/4724/3652 3656/4728/3656
f 3655/4727/3655 3642/4714/3642 3657/4729/3657
f 3649/4721/3649 3654/4726/3654 3644/4716/3644
f 3654/4726/3654 3657/4729/3657 3642/4714/3642
f 3645/4717/3645 3654/4726/3654 3642/4714/3642
f 3658/4730/3658 3659/4731/3659 3660/4732/3660
f 3661/4733/3661 3659/4731/3659 3662/4734/3662
f 3661/4733/3661 3663/4735/3663 3664/4736/3664
f 3665/4737/3665 3663/4735/3663 3666/4738/3666
f 3665/4737/3665 3667/4739/3667 3668/4740/3668
f 3669/4741/3669 3670/4742/3670 3667/4739/3667
f 3671/4743/3671 3667/4739/3667 3670/4742/3670
f 3672/4744/3672 3670/4742/3670 3673/4745/3673
f 3658/4730/3658 3674/4746/3674 3672/4744/3672
f 3663/4735/3663 3671/4743/3671 3664/4736/3664
f 3671/4743/3671 3674/4746/3674 3660/4732/3660
f 3659/4731/3659 3671/4743/3671 3660/4732/3660
f 3675/4747/3675 3676/4748/3676 3677/4749/3677
f 3678/4750/3678 3679/4751/3679 3676/4748/3676
f 3679/4751/3679 3680/4752/3680 3681/4753/3681
f 3681/4753/3681 3682/4754/3682 3683/4755/3683
f 3682/4754/3682 3684/4756/3684 3683/4755/3683
f 3685/4757/3685 3686/4758/3686 3684/4756/3684
f 3687/4759/3687 3685/4757/3685 3682/4754/3682
f 3686/4758/3686 3688/4760/3688 3689/4761/3689
f 3689/4761/3689 3675/4747/3675 3677/4749/3677
f 3687/4759/3687 3680/4752/3680 3690/4762/3690
f 3688/4760/3688 3687/4759/3687 3675/4747/3675
f 3678/4750/3678 3687/4759/3687 3690/4762/3690
f 4/4/4 69/297/69 5/5/5
f 7/7/7 153/221/153 8/8/8
f 13/13/13 53/66/53 14/14/14
f 16/16/16 196/320/196 17/17/17
f 19/19/19 179/252/179 20/20/20
f 22/22/22 29/4763/29 23/23/23
f 22/28/22 202/4764/202 28/29/28
f 33/35/33 41/81/41 34/36/34
f 36/38/36 22/42/22 4/39/4
f 37/41/37 202/4765/202 22/42/22
f 28/43/28 202/304/202 38/44/38
f 37/46/37 12/33/12 31/32/31
f 45/52/45 74/112/74 46/53/46
f 48/55/48 163/256/163 30/56/30
f 1/64/1 54/4766/54 52/65/52
f 54/67/54 33/35/33 35/37/35
f 55/69/55 58/4767/58 56/70/56
f 58/72/58 3/3/3 59/73/59
f 48/75/48 32/4768/32 60/76/60
f 32/78/32 11/447/11 62/79/62
f 41/81/41 43/4769/43 63/82/63
f 43/83/43 44/308/44 5/5/5
f 1/1/1 3/3/3 58/85/58
f 33/87/33 54/4770/54 58/88/58
f 55/89/55 42/49/42 41/48/41
f 11/11/11 10/10/10 65/91/65
f 66/93/66 31/32/31 30/31/30
f 25/95/25 70/100/70 68/96/68
f 50/63/50 51/62/51 26/26/26
f 24/101/24 70/100/70 4/39/4
f 71/102/71 118/157/118 72/103/72
f 74/105/74 77/109/77 75/106/75
f 76/108/76 1190/1728/1190 77/109/77
f 3/3/3 2/2/2 76/108/76
f 78/110/78 61/77/61 7/7/7
f 56/74/56 59/73/59 77/109/77
f 57/71/57 56/70/56 74/112/74
f 83/116/83 147/214/147 84/117/84
f 86/119/86 139/284/139 87/120/87
f 89/122/89 890/1293/890 90/123/90
f 95/128/95 1504/2192/1504 96/129/96
f 23/23/23 29/4763/29 98/131/98
f 28/29/28 112/4771/112 98/136/98
f 106/141/106 113/182/113 107/142/107
f 87/144/87 98/147/98 109/145/109
f 98/147/98 112/4772/112 110/148/110
f 28/43/28 39/45/39 111/149/111
f 110/151/110 3691/4773/3691 104/139/104
f 117/156/117 144/215/144 118/157/118
f 119/158/119 93/195/93 103/159/103
f 123/165/123 125/4774/125 80/166/80
f 108/143/108 107/142/107 125/168/125
f 126/170/126 130/4775/130 127/171/127
f 129/173/129 81/114/81 130/174/130
f 131/176/131 105/4776/105 119/177/119
f 132/178/132 94/471/94 105/179/105
f 133/181/133 114/4777/114 113/182/113
f 86/119/86 116/295/116 114/183/114
f 130/185/130 81/114/81 80/113/80
f 107/187/107 127/190/127 130/188/130
f 127/190/127 107/187/107 113/152/113
f 120/193/120 89/122/89 91/124/91
f 134/191/134 92/125/92 94/127/94
f 95/196/95 190/266/190 136/197/136
f 138/199/138 140/204/140 100/200/100
f 17/163/17 100/133/100 102/135/102
f 99/205/99 98/147/98 87/144/87
f 84/206/84 131/176/131 91/124/91
f 141/207/141 266/398/266 142/208/142
f 143/209/143 145/212/145 144/210/144
f 145/212/145 1474/2140/1474 146/213/146
f 129/173/129 146/213/146 82/115/82
f 147/214/147 132/178/132 131/180/131
f 145/212/145 129/173/129 126/175/126
f 144/215/144 126/170/126 128/172/128
f 83/116/83 85/118/85 148/216/148
f 150/218/150 283/415/283 151/219/151
f 61/77/61 60/76/60 153/221/153
f 154/222/154 47/54/47 155/223/155
f 157/225/157 319/465/319 158/226/158
f 160/228/160 244/373/244 161/229/161
f 163/231/163 48/75/48 61/77/61
f 164/232/164 229/347/229 165/233/165
f 8/234/8 213/325/213 156/224/156
f 167/236/167 259/390/259 168/237/168
f 170/239/170 277/409/277 171/240/171
f 60/80/60 62/79/62 173/242/173
f 85/244/85 84/206/84 90/123/90
f 175/246/175 128/172/128 127/171/127
f 147/214/147 72/103/72 175/246/175
f 42/248/42 55/69/55 57/71/57
f 176/249/176 57/71/57 45/52/45
f 178/251/178 185/4778/185 179/252/179
f 21/21/21 20/20/20 180/253/180
f 182/255/182 67/2191/67 30/56/30
f 171/240/171 252/381/252 183/257/183
f 185/259/185 188/264/188 186/260/186
f 97/262/97 185/4778/185 178/251/178
f 97/130/97 96/129/96 188/264/188
f 189/265/189 20/268/20 179/261/179
f 95/196/95 97/262/97 187/263/187
f 189/265/189 326/477/326 180/267/180
f 15/269/15 14/58/14 50/60/50
f 50/271/50 68/4779/68 192/272/192
f 193/274/193 1509/2206/1509 194/275/194
f 138/277/138 17/4780/17 196/278/196
f 193/274/193 200/282/200 198/280/198
f 200/282/200 193/274/193 195/276/195
f 139/284/139 86/119/86 133/184/133
f 101/286/101 133/181/133 106/141/106
f 122/288/122 108/143/108 123/169/123
f 121/290/121 123/165/123 124/167/124
f 111/149/111 3691/4773/3691 110/151/110
f 109/145/109 110/148/110 93/292/93
f 88/146/88 109/145/109 92/293/92
f 102/287/102 106/141/106 108/143/108
f 116/295/116 86/119/86 88/121/88
f 63/84/63 5/5/5 69/297/69
f 34/36/34 63/82/63 27/299/27
f 52/68/52 35/37/35 51/301/51
f 53/66/53 52/65/52 49/303/49
f 37/46/37 40/47/40 38/44/38
f 12/305/12 37/41/37 36/38/36
f 10/306/10 36/38/36 6/40/6
f 35/37/35 34/36/34 26/300/26
f 6/6/6 5/5/5 44/308/44
f 204/311/204 80/113/80 203/310/203
f 197/279/197 196/278/196 206/313/206
f 208/315/208 15/269/15 191/270/191
f 210/317/210 16/2205/16 18/291/18
f 199/281/199 13/13/13 15/15/15
f 13/13/13 1508/2208/1508 1/64/1
f 194/319/194 206/2202/206 196/320/196
f 204/321/204 210/317/210 124/167/124
f 191/273/191 192/272/192 211/322/211
f 172/241/172 171/240/171 184/258/184
f 153/243/153 173/242/173 213/325/213
f 214/326/214 225/342/225 215/327/215
f 216/329/216 215/344/215 155/223/155
f 214/326/214 216/328/216 218/331/218
f 216/333/216 217/2199/217 165/233/165
f 220/335/220 299/435/299 221/336/221
f 222/338/222 221/436/221 223/339/223
f 224/341/224 226/349/226 215/327/215
f 226/343/226 156/224/156 155/223/155
f 219/332/219 218/331/218 227/345/227
f 218/334/218 165/233/165 229/347/229
f 220/335/220 222/337/222 226/349/226
f 222/350/222 166/235/166 156/224/156
f 230/351/230 233/367/233 231/352/231
f 233/354/233 242/369/242 234/355/234
f 141/207/141 232/2185/232 231/357/231
f 235/359/235 231/356/231 234/355/234
f 237/361/237 239/438/239 238/362/238
f 239/364/239 301/440/301 240/365/240
f 149/217/149 241/371/241 233/367/233
f 241/368/241 243/372/243 242/369/242
f 149/217/149 148/216/148 238/370/238
f 241/368/241 238/366/238 240/365/240
f 9/9/9 223/339/223 161/229/161
f 245/374/245 284/416/284 151/219/151
f 161/229/161 251/4781/251 247/376/247
f 248/377/248 298/434/298 249/378/249
f 251/380/251 183/257/183 252/381/252
f 253/383/253 245/374/245 246/375/246
f 249/378/249 256/475/256 255/385/255
f 256/386/256 284/416/284 257/387/257
f 258/389/258 307/2190/307 259/390/259
f 260/391/260 627/909/627 261/392/261
f 263/394/263 273/469/273 255/388/255
f 168/395/168 296/432/296 264/396/264
f 266/398/266 294/441/294 267/399/267
f 269/401/269 300/437/300 270/402/270
f 262/393/262 261/392/261 272/404/272
f 274/406/274 306/449/306 275/407/275
f 254/384/254 246/375/246 277/409/277
f 278/410/278 285/460/285 279/411/279
f 228/346/228 227/345/227 281/413/281
f 246/375/246 151/219/151 283/415/283
f 152/220/152 151/219/151 284/416/284
f 285/417/285 310/453/310 286/418/286
f 287/420/287 250/379/250 272/404/272
f 289/422/289 1503/2189/1503 290/423/290
f 169/238/169 168/237/168 265/424/265
f 276/408/276 275/407/275 292/426/292
f 9/9/9 8/8/8 166/340/166
f 294/428/294 302/442/302 295/429/295
f 259/431/259 289/422/289 296/432/296
f 297/433/297 317/463/317 249/378/249
f 299/435/299 183/257/183 251/380/251
f 221/436/221 251/4781/251 161/229/161
f 300/437/300 269/401/269 239/438/239
f 269/439/269 319/465/319 301/440/301
f 266/398/266 141/207/141 235/358/235
f 294/428/294 235/359/235 236/360/236
f 227/348/227 229/347/229 303/443/303
f 253/383/253 254/384/254 278/410/278
f 304/445/304 314/458/314 302/442/302
f 62/79/62 176/249/176 177/250/177
f 64/446/64 176/249/176 62/79/62
f 184/258/184 183/257/183 299/435/299
f 290/423/290 318/464/318 306/449/306
f 307/450/307 1503/2189/1503 289/422/289
f 296/432/296 289/422/289 274/406/274
f 272/404/272 261/392/261 308/451/308
f 309/452/309 327/480/327 310/453/310
f 172/241/172 212/324/212 228/346/228
f 254/384/254 170/239/170 311/454/311
f 312/455/312 260/2188/260 262/456/262
f 295/429/295 302/442/302 314/458/314
f 311/454/311 309/479/309 285/460/285
f 293/427/293 253/383/253 280/412/280
f 316/461/316 150/478/150 152/462/152
f 296/432/296 276/408/276 293/427/293
f 293/427/293 292/426/292 245/374/245
f 280/412/280 279/411/279 265/397/265
f 292/426/292 257/387/257 284/416/284
f 273/405/273 272/404/272 250/379/250
f 318/464/318 312/455/312 313/457/313
f 275/407/275 263/394/263 257/387/257
f 319/465/319 269/439/269 271/466/271
f 320/467/320 243/372/243 240/365/240
f 219/332/219 228/346/228 212/324/212
f 304/445/304 242/369/242 243/372/243
f 321/468/321 212/324/212 184/258/184
f 225/342/225 321/468/321 305/448/305
f 214/326/214 219/332/219 321/468/321
f 305/448/305 299/435/299 220/335/220
f 314/458/314 304/445/304 320/467/320
f 304/445/304 236/360/236 234/355/234
f 319/465/319 157/225/157 320/467/320
f 313/457/313 262/456/262 273/469/273
f 72/103/72 118/157/118 128/172/128
f 132/178/132 175/246/175 135/470/135
f 300/437/300 800/1159/800 322/472/322
f 174/245/174 800/1159/800 300/437/300
f 314/458/314 157/225/157 159/227/159
f 277/409/277 283/415/283 252/381/252
f 306/449/306 313/457/313 263/394/263
f 310/453/310 327/480/327 323/473/323
f 317/463/317 152/462/152 256/475/256
f 160/228/160 162/230/162 316/461/316
f 326/477/326 66/93/66 67/94/67
f 162/230/162 247/376/247 150/478/150
f 247/382/247 252/381/252 283/415/283
f 282/414/282 281/413/281 309/479/309
f 281/444/281 303/443/303 327/480/327
f 170/239/170 172/241/172 282/414/282
f 328/481/328 258/389/258 167/236/167
f 261/392/261 627/909/627 330/483/330
f 279/419/279 286/418/286 291/425/291
f 331/484/331 335/488/335 332/485/332
f 334/487/334 338/491/338 335/488/335
f 336/489/336 334/487/334 331/484/331
f 338/491/338 349/515/349 339/492/339
f 333/486/333 350/4782/350 337/490/337
f 341/494/341 355/4783/355 336/495/336
f 342/497/342 380/4784/380 343/498/343
f 347/503/347 389/557/389 348/504/348
f 350/506/350 333/588/333 351/507/351
f 332/509/332 340/500/340 346/502/346
f 353/510/353 341/494/341 337/496/337
f 354/512/354 334/487/334 336/489/336
f 356/514/356 347/521/347 349/515/349
f 357/516/357 360/519/360 358/517/358
f 354/512/354 358/517/358 360/519/360
f 355/513/355 341/522/341 358/517/358
f 356/514/356 360/519/360 361/520/361
f 341/522/341 353/4785/353 359/518/359
f 363/524/363 408/591/408 364/525/364
f 345/501/345 340/500/340 339/527/339
f 344/499/344 343/498/343 364/531/364
f 362/533/362 382/4786/382 368/534/368
f 370/536/370 464/679/464 371/537/371
f 373/539/373 392/562/392 374/540/374
f 376/542/376 379/545/379 377/543/377
f 375/541/375 374/540/374 379/545/379
f 380/546/380 375/541/375 376/542/376
f 374/540/374 388/563/388 381/548/381
f 378/544/378 364/4787/364 343/547/343
f 386/553/386 397/573/397 387/554/387
f 361/556/361 362/533/362 369/535/369
f 342/561/342 373/539/373 375/541/375
f 392/562/392 386/569/386 388/563/388
f 385/564/385 394/567/394 393/565/393
f 373/539/373 393/565/393 394/567/394
f 342/561/342 344/570/344 393/565/393
f 392/562/392 394/567/394 395/568/395
f 344/570/344 367/4788/367 383/566/383
f 367/574/367 404/585/404 384/551/384
f 359/578/359 378/911/378 377/579/377
f 400/581/400 597/863/597 401/582/401
f 399/576/399 397/573/397 395/572/395
f 398/575/398 396/577/396 385/552/385
f 403/584/403 682/981/682 384/551/384
f 405/586/405 403/584/403 404/585/404
f 354/512/354 356/514/356 338/491/338
f 407/589/407 21/726/21 181/530/181
f 368/534/368 382/4786/382 381/590/381
f 367/574/367 364/525/364 408/591/408
f 363/524/363 353/526/353 350/506/350
f 409/592/409 422/4789/422 410/593/410
f 411/594/411 410/593/410 415/598/415
f 417/600/417 431/619/431 418/601/418
f 420/603/420 421/606/421 412/604/412
f 419/602/419 418/601/418 421/606/421
f 422/607/422 419/602/419 420/603/420
f 418/601/418 430/4790/430 423/609/423
f 414/605/414 415/4791/415 410/608/410
f 428/614/428 436/628/436 429/615/429
f 417/600/417 419/602/419 422/607/422
f 428/618/428 430/4790/430 418/601/418
f 427/620/427 433/623/433 432/621/432
f 417/600/417 432/621/432 433/623/433
f 409/617/409 411/625/411 432/621/432
f 431/619/431 433/623/433 434/624/434
f 411/625/411 416/4792/416 425/622/425
f 416/629/416 442/637/442 426/612/426
f 439/633/439 413/596/413 412/595/412
f 440/635/440 407/589/407 366/529/366
f 438/631/438 436/628/436 434/627/434
f 437/630/437 435/632/435 427/613/427
f 352/508/352 351/507/351 426/612/426
f 443/638/443 424/634/424 423/639/423
f 413/596/413 596/862/596 415/640/415
f 415/640/415 596/862/596 442/637/442
f 444/641/444 448/645/448 445/642/445
f 447/644/447 451/648/451 448/645/448
f 449/646/449 447/644/447 444/641/444
f 451/648/451 461/4793/461 452/649/452
f 446/643/446 462/4794/462 450/647/450
f 454/651/454 466/4795/466 449/652/449
f 455/654/455 486/4796/486 456/655/456
f 459/659/459 494/706/494 460/660/460
f 462/662/462 446/733/446 440/635/440
f 445/664/445 453/657/453 407/589/407
f 464/665/464 454/651/454 450/653/450
f 465/667/465 447/644/447 449/646/449
f 459/669/459 461/4793/461 451/648/451
f 468/671/468 470/674/470 469/672/469
f 465/667/465 469/672/469 470/674/470
f 466/668/466 454/676/454 469/672/469
f 467/670/467 470/674/470 471/675/471
f 454/676/454 464/4797/464 370/673/370
f 473/678/473 510/737/510 371/537/371
f 458/658/458 453/657/453 452/680/452
f 457/656/457 456/655/456 371/683/371
f 472/685/472 488/4798/488 477/686/477
f 363/524/363 572/824/572 479/688/479
f 480/689/480 496/710/496 481/690/481
f 483/692/483 485/695/485 484/693/484
f 482/691/482 481/690/481 485/695/485
f 486/696/486 482/691/482 483/692/483
f 481/690/481 493/711/493 487/698/487
f 372/694/372 371/4799/371 456/697/456
f 491/702/491 501/721/501 492/703/492
f 471/705/471 472/685/472 478/687/478
f 480/689/480 482/691/482 486/696/486
f 496/710/496 491/717/491 493/711/493
f 490/712/490 498/715/498 497/713/497
f 480/689/480 497/713/497 498/715/498
f 455/709/455 457/718/457 497/713/497
f 496/710/496 498/715/498 499/716/499
f 457/718/457 476/4800/476 489/714/489
f 476/722/476 506/731/506 402/583/402
f 370/536/370 372/538/372 484/724/484
f 21/726/21 460/660/460 494/706/494
f 503/728/503 405/586/405 406/587/406
f 495/707/495 501/721/501 499/720/499
f 401/582/401 500/723/500 490/701/490
f 505/730/505 400/581/400 402/583/402
f 465/667/465 467/670/467 451/648/451
f 477/686/477 488/4798/488 487/736/487
f 476/722/476 371/537/371 510/737/510
f 473/678/473 464/679/464 462/662/462
f 511/738/511 523/4801/523 512/739/512
f 513/740/513 512/739/512 516/743/516
f 518/745/518 530/762/530 519/746/519
f 521/748/521 522/751/522 514/749/514
f 520/747/520 519/746/519 522/751/522
f 523/752/523 520/747/520 521/748/521
f 519/746/519 529/4802/529 524/754/524
f 515/750/515 516/4803/516 512/753/512
f 528/758/528 535/771/535 391/559/391
f 518/745/518 520/747/520 523/752/523
f 528/761/528 529/4802/529 519/746/519
f 527/763/527 532/766/532 531/764/531
f 518/745/518 531/764/531 532/766/532
f 511/760/511 513/768/513 531/764/531
f 530/762/530 532/766/532 533/767/533
f 513/768/513 517/4804/517 526/765/526
f 517/772/517 539/778/539 441/636/441
f 507/732/507 475/682/475 514/741/514
f 536/775/536 555/799/555 537/776/537
f 365/528/365 535/771/535 533/770/533
f 366/529/366 534/773/534 527/757/527
f 463/663/463 440/635/440 441/636/441
f 390/558/390 525/774/525 524/779/524
f 475/682/475 474/681/474 516/780/516
f 516/780/516 474/681/474 539/778/539
f 540/781/540 544/785/544 541/782/541
f 543/784/543 547/788/547 544/785/544
f 545/786/545 543/784/543 540/781/540
f 547/788/547 558/4805/558 548/789/548
f 542/783/542 559/4806/559 546/787/546
f 550/791/550 562/4807/562 545/792/545
f 551/794/551 580/4808/580 552/795/552
f 556/800/556 588/842/588 557/801/557
f 559/803/559 542/864/542 536/775/536
f 541/804/541 549/797/549 555/799/555
f 560/805/560 550/791/550 546/793/546
f 561/807/561 543/784/543 545/786/545
f 556/809/556 558/4805/558 547/788/547
f 564/811/564 567/814/567 565/812/565
f 561/807/561 565/812/565 567/814/567
f 562/808/562 550/816/550 565/812/565
f 563/810/563 567/814/567 568/815/568
f 550/816/550 560/4809/560 566/813/566
f 554/798/554 549/797/549 548/820/548
f 181/530/181 182/560/182 391/559/391
f 553/796/553 552/795/552 570/821/570
f 569/823/569 582/4810/582 479/688/479
f 368/534/368 510/737/510 473/678/473
f 573/825/573 589/846/589 574/826/574
f 576/828/576 579/831/579 577/829/577
f 575/827/575 574/826/574 579/831/579
f 580/832/580 575/827/575 576/828/576
f 574/826/574 587/847/587 581/834/581
f 578/830/578 570/4811/570 552/833/552
f 585/838/585 594/857/594 586/839/586
f 568/841/568 569/823/569 572/824/572
f 577/843/577 582/4810/582 569/823/569
f 551/845/551 573/825/573 575/827/575
f 589/846/589 585/853/585 587/847/587
f 584/848/584 591/851/591 590/849/590
f 573/825/573 590/849/590 591/851/591
f 551/845/551 553/854/553 590/849/590
f 589/846/589 591/851/591 592/852/592
f 553/854/553 571/4812/571 583/850/583
f 571/858/571 248/377/248 504/729/504
f 566/861/566 578/910/578 577/843/577
f 596/862/596 79/111/79 244/373/244
f 595/859/595 594/857/594 592/856/592
f 406/587/406 593/860/593 584/837/584
f 287/420/287 503/728/503 504/729/504
f 474/681/474 78/110/78 79/111/79
f 561/807/561 563/810/563 547/788/547
f 479/688/479 582/4810/582 581/865/581
f 570/818/570 298/434/298 248/377/248
f 297/433/297 298/434/298 560/819/560
f 598/866/598 610/4813/610 599/867/599
f 600/868/600 599/867/599 603/871/603
f 605/873/605 618/891/618 606/874/606
f 608/876/608 609/879/609 601/877/601
f 607/875/607 606/874/606 609/879/609
f 610/880/610 607/875/607 608/876/608
f 606/874/606 617/4814/617 611/882/611
f 602/878/602 603/4815/603 599/881/599
f 615/886/615 623/900/623 616/887/616
f 605/873/605 607/875/607 610/880/610
f 615/890/615 617/4814/617 606/874/606
f 614/892/614 620/895/620 619/893/619
f 605/873/605 619/893/619 620/895/620
f 598/889/598 600/897/600 619/893/619
f 618/891/618 620/895/620 621/896/621
f 600/897/600 604/4816/604 613/894/613
f 604/901/604 325/476/325 538/777/538
f 509/735/509 508/734/508 601/869/601
f 442/637/442 537/776/537 555/799/555
f 624/902/624 623/900/623 621/899/621
f 537/776/537 622/903/622 614/885/614
f 297/433/297 536/775/536 538/777/538
f 625/905/625 612/904/612 611/906/611
f 508/734/508 160/228/160 603/907/603
f 603/907/603 160/228/160 325/476/325
f 505/730/505 506/731/506 398/575/398
f 627/909/627 270/402/270 322/472/322
f 484/724/484 488/4798/488 472/685/472
f 377/579/377 382/4786/382 362/533/362
f 566/861/566 560/819/560 570/818/570
f 359/578/359 353/526/353 364/525/364
f 85/244/85 174/245/174 237/361/237
f 346/502/346 463/663/463 539/778/539
f 348/504/348 389/557/389 473/678/473
f 397/573/397 506/731/506 510/737/510
f 408/591/408 586/839/586 594/857/594
f 363/524/363 352/508/352 557/801/557
f 442/637/442 596/862/596 616/887/616
f 539/778/539 474/681/474 429/615/429
f 351/507/351 346/502/346 437/630/437
f 502/727/502 492/703/492 501/721/501
f 507/732/507 182/560/182 163/231/163
f 628/912/628 632/916/632 629/913/629
f 631/915/631 629/913/629 632/916/632
f 634/918/634 637/921/637 629/913/629
f 633/917/633 632/916/632 635/919/635
f 637/921/637 648/4817/648 630/914/630
f 634/923/634 652/4818/652 639/924/639
f 640/926/640 677/4819/677 641/927/641
f 645/932/645 685/986/685 646/933/646
f 647/935/647 630/1013/630 648/936/648
f 628/938/628 647/935/647 643/930/643
f 637/925/637 639/924/639 650/939/650
f 634/918/634 631/915/631 651/941/651
f 633/917/633 636/920/636 646/943/646
f 654/945/654 657/948/657 655/946/655
f 651/941/651 653/944/653 657/948/657
f 652/942/652 651/941/651 654/945/654
f 653/944/653 646/943/646 658/950/658
f 656/947/656 650/4820/650 639/949/639
f 660/952/660 703/1017/703 661/953/661
f 635/955/635 638/929/638 644/931/644
f 660/959/660 640/926/640 642/928/642
f 665/961/665 702/1016/702 666/962/666
f 667/964/667 759/1107/759 668/965/668
f 670/967/670 689/991/689 671/968/671
f 673/970/673 676/973/676 674/971/674
f 672/969/672 674/971/674 676/973/676
f 677/974/677 640/977/640 674/971/674
f 670/967/670 676/973/676 678/975/678
f 640/977/640 660/4821/660 675/972/675
f 683/982/683 694/1001/694 684/983/684
f 665/961/665 659/963/659 658/985/658
f 677/974/677 672/969/672 671/968/671
f 689/991/689 670/967/670 679/976/679
f 690/993/690 691/996/691 681/994/681
f 671/968/671 689/991/689 691/996/691
f 641/990/641 671/968/671 690/993/690
f 689/991/689 684/992/684 692/998/692
f 680/995/680 664/4822/664 642/997/642
f 682/981/682 403/584/403 664/1002/664
f 673/1005/673 675/1342/675 656/1006/656
f 696/1008/696 700/1012/700 169/238/169
f 692/1000/692 694/1001/694 695/1004/695
f 681/980/681 693/1003/693 626/908/626
f 697/1009/697 992/1441/992 698/1010/698
f 329/482/329 167/236/167 169/238/169
f 633/917/633 653/944/653 651/941/651
f 136/957/136 190/1154/190 701/1014/701
f 678/1015/678 666/962/666 702/1016/702
f 664/1002/664 403/584/403 703/1017/703
f 648/936/648 650/954/650 661/953/661
f 704/1018/704 717/4823/717 705/1019/705
f 710/1024/710 704/1018/704 706/1020/706
f 712/1026/712 726/1046/726 713/1027/713
f 707/1029/707 716/1032/716 715/1030/715
f 714/1028/714 715/1030/715 716/1032/716
f 717/1033/717 704/1036/704 715/1030/715
f 712/1026/712 716/1032/716 718/1034/718
f 704/1036/704 710/4824/710 708/1031/708
f 724/1041/724 731/1055/731 725/1042/725
f 717/1033/717 714/1028/714 713/1027/713
f 712/1026/712 719/1035/719 725/1045/725
f 727/1047/727 728/1050/728 722/1048/722
f 713/1027/713 726/1046/726 728/1050/728
f 705/1044/705 713/1027/713 727/1047/727
f 726/1046/726 725/1045/725 729/1052/729
f 721/1049/721 711/4825/711 706/1051/706
f 723/1040/723 737/1063/737 711/1056/711
f 734/1060/734 720/1065/720 707/1021/707
f 663/958/663 701/1014/701 735/1061/735
f 729/1054/729 731/1055/731 733/1059/733
f 722/1039/722 730/1058/730 732/1057/732
f 723/1040/723 647/935/647 649/937/649
f 718/1066/718 720/1065/720 738/1064/738
f 710/1067/710 888/1291/888 709/1023/709
f 737/1063/737 888/1291/888 710/1067/710
f 739/1068/739 743/1072/743 740/1069/740
f 742/1071/742 740/1069/740 743/1072/743
f 745/1074/745 748/1077/748 740/1069/740
f 744/1073/744 743/1072/743 746/1075/746
f 748/1077/748 757/4826/757 741/1070/741
f 745/1079/745 761/4827/761 750/1080/750
f 751/1082/751 782/4828/782 752/1083/752
f 755/1087/755 789/1136/789 756/1088/756
f 735/1061/735 741/1157/741 757/1090/757
f 739/1092/739 735/1061/735 701/1014/701
f 748/1081/748 750/1080/750 759/1093/759
f 745/1074/745 742/1071/742 760/1095/760
f 744/1073/744 747/1076/747 756/1097/756
f 763/1099/763 765/1102/765 764/1100/764
f 760/1095/760 762/1098/762 765/1102/765
f 761/1096/761 760/1095/760 763/1099/763
f 762/1098/762 756/1097/756 766/1104/766
f 668/1101/668 759/4829/759 750/1103/750
f 667/964/667 803/1164/803 768/1106/768
f 746/1108/746 749/1085/749 754/1086/754
f 667/1111/667 751/1082/751 753/1084/753
f 772/1113/772 802/1162/802 773/1114/773
f 661/953/661 703/1017/703 774/1116/774
f 776/1118/776 791/1139/791 777/1119/777
f 779/1121/779 781/1124/781 780/1122/780
f 778/1120/778 780/1122/780 781/1124/781
f 782/1125/782 751/1128/751 780/1122/780
f 776/1118/776 781/1124/781 783/1126/783
f 751/1128/751 667/4830/667 669/1123/669
f 787/1132/787 796/1149/796 788/1133/788
f 772/1113/772 767/1115/767 766/1135/766
f 782/1125/782 778/1120/778 777/1119/777
f 791/1139/791 776/1118/776 784/1127/784
f 792/1141/792 793/1144/793 786/1142/786
f 777/1119/777 791/1139/791 793/1144/793
f 752/1138/752 777/1119/777 792/1141/792
f 791/1139/791 788/1140/788 794/1146/794
f 785/1143/785 771/4831/771 753/1145/753
f 400/581/400 505/730/505 771/1150/771
f 779/1152/779 669/966/669 668/965/668
f 190/1154/190 187/1163/187 789/1136/789
f 794/1148/794 796/1149/796 790/1137/790
f 786/1131/786 795/1151/795 597/863/597
f 325/476/325 316/461/316 317/463/317
f 744/1073/744 762/1098/762 760/1095/760
f 783/1161/783 773/1114/773 802/1162/802
f 771/1150/771 505/730/505 803/1164/803
f 757/1090/757 759/1107/759 768/1106/768
f 804/1165/804 816/4832/816 805/1166/805
f 809/1170/809 804/1165/804 806/1167/806
f 811/1172/811 823/1190/823 812/1173/812
f 807/1175/807 815/1178/815 814/1176/814
f 813/1174/813 814/1176/814 815/1178/815
f 816/1179/816 804/1182/804 814/1176/814
f 811/1172/811 815/1178/815 817/1180/817
f 804/1182/804 809/4833/809 808/1177/808
f 688/989/688 828/1199/828 822/1186/822
f 816/1179/816 813/1174/813 812/1173/812
f 811/1172/811 818/1181/818 822/1189/822
f 824/1191/824 825/1194/825 821/1192/821
f 812/1173/812 823/1190/823 825/1194/825
f 805/1188/805 812/1173/812 824/1191/824
f 823/1190/823 822/1189/822 826/1196/826
f 820/1193/820 810/4834/810 806/1195/806
f 736/1062/736 832/1205/832 810/1200/810
f 798/1156/798 819/1206/819 807/1168/807
f 829/1202/829 848/1227/848 830/1203/830
f 826/1198/826 828/1199/828 662/956/662
f 821/1185/821 827/1201/827 663/958/663
f 736/1062/736 735/1061/735 758/1091/758
f 817/1207/817 819/1206/819 686/987/686
f 809/1208/809 769/1109/769 770/1110/770
f 832/1205/832 769/1109/769 809/1208/809
f 833/1209/833 837/1213/837 834/1210/834
f 836/1212/836 834/1210/834 837/1213/837
f 839/1215/839 842/1218/842 834/1210/834
f 838/1214/838 837/1213/837 840/1216/840
f 842/1218/842 852/4835/852 835/1211/835
f 839/1220/839 855/4836/855 844/1221/844
f 845/1223/845 873/4837/873 846/1224/846
f 850/1229/850 880/1272/880 851/1230/851
f 830/1203/830 835/1294/835 852/1232/852
f 833/1233/833 830/1203/830 848/1227/848
f 842/1222/842 844/1221/844 853/1234/853
f 839/1215/839 836/1212/836 854/1236/854
f 838/1214/838 841/1217/841 851/1238/851
f 857/1240/857 860/1243/860 858/1241/858
f 854/1236/854 856/1239/856 860/1243/860
f 855/1237/855 854/1236/854 857/1240/857
f 856/1239/856 851/1238/851 861/1245/861
f 859/1242/859 853/4838/853 844/1244/844
f 840/1249/840 843/1226/843 849/1228/849
f 688/989/688 687/988/687 136/957/136
f 863/1250/863 845/1223/845 847/1225/847
f 775/1117/775 774/1116/774 865/1252/865
f 768/1106/768 803/1164/803 702/1016/702
f 866/1254/866 881/1276/881 867/1255/867
f 869/1257/869 872/1260/872 870/1258/870
f 868/1256/868 870/1258/870 872/1260/872
f 873/1261/873 845/1264/845 870/1258/870
f 866/1254/866 872/1260/872 874/1262/874
f 845/1264/845 863/4839/863 871/1259/871
f 878/1268/878 886/1286/886 879/1269/879
f 775/1117/775 862/1253/862 861/1271/861
f 862/1253/862 865/1252/865 869/1273/869
f 873/1261/873 868/1256/868 867/1255/867
f 881/1276/881 866/1254/866 875/1263/875
f 882/1278/882 883/1281/883 877/1279/877
f 867/1255/867 881/1276/881 883/1281/883
f 846/1275/846 867/1255/867 882/1278/882
f 881/1276/881 879/1277/879 884/1283/884
f 876/1280/876 864/4840/864 847/1282/847
f 503/728/503 287/420/287 864/1287/864
f 869/1273/869 871/1341/871 859/1290/859
f 800/1159/800 890/1293/890 888/1291/888
f 889/1292/889 142/208/142 266/398/266
f 884/1285/884 886/1286/886 887/1289/887
f 877/1267/877 885/1288/885 405/586/405
f 889/1292/889 268/400/268 258/389/258
f 890/1293/890 89/122/89 769/1109/769
f 836/1212/836 838/1214/838 856/1239/856
f 874/1295/874 865/1252/865 774/1116/774
f 287/420/287 288/421/288 863/1247/863
f 308/451/308 852/1232/852 853/1248/853
f 891/1296/891 903/4841/903 892/1297/892
f 896/1301/896 891/1296/891 893/1298/893
f 898/1303/898 911/1322/911 899/1304/899
f 894/1306/894 902/1309/902 901/1307/901
f 900/1305/900 901/1307/901 902/1309/902
f 903/1310/903 891/1313/891 901/1307/901
f 898/1303/898 902/1309/902 904/1311/904
f 891/1313/891 896/4842/896 895/1308/895
f 909/1317/909 916/1331/916 910/1318/910
f 903/1310/903 900/1305/900 899/1304/899
f 898/1303/898 905/1312/905 910/1321/910
f 912/1323/912 913/1326/913 908/1324/908
f 899/1304/899 911/1322/911 913/1326/913
f 892/1320/892 899/1304/899 912/1323/912
f 911/1322/911 910/1321/910 914/1328/914
f 907/1325/907 897/4843/897 893/1327/893
f 831/1204/831 330/483/330 897/1332/897
f 801/1160/801 906/1336/906 894/1299/894
f 848/1227/848 829/1202/829 737/1063/737
f 914/1330/914 916/1331/916 917/1334/917
f 908/1316/908 915/1333/915 829/1202/829
f 831/1204/831 830/1203/830 308/451/308
f 904/1337/904 906/1336/906 918/1335/918
f 896/1338/896 322/472/322 799/1158/799
f 330/483/330 322/472/322 896/1338/896
f 286/418/286 310/453/310 324/474/324
f 229/347/229 164/232/164 920/1340/920
f 767/1115/767 773/1114/773 779/1152/779
f 659/963/659 666/962/666 673/1005/673
f 863/1247/863 853/1248/853 859/1290/859
f 660/952/660 650/954/650 656/1006/656
f 327/480/327 303/443/303 920/1340/920
f 800/1159/800 174/245/174 90/123/90
f 832/1205/832 758/1091/758 643/930/643
f 645/932/645 758/1091/758 768/1106/768
f 803/1164/803 505/730/505 694/1001/694
f 886/1286/886 878/1268/878 703/1017/703
f 661/953/661 880/1272/880 850/1229/850
f 737/1063/737 916/1331/916 909/1317/909
f 724/1041/724 769/1109/769 832/1205/832
f 732/1057/732 643/930/643 647/935/647
f 796/1149/796 787/1132/787 187/1163/187
f 798/1156/798 89/122/89 120/193/120
f 921/1343/921 925/1347/925 922/1344/922
f 924/1346/924 922/1344/922 925/1347/925
f 927/1349/927 930/1352/930 922/1344/922
f 926/1348/926 925/1347/925 928/1350/928
f 930/1352/930 941/4844/941 923/1345/923
f 927/1354/927 945/4845/945 932/1355/932
f 933/1357/933 971/4846/971 934/1358/934
f 938/1363/938 978/1416/978 939/1364/939
f 940/1366/940 923/1445/923 941/1367/941
f 921/1369/921 940/1366/940 936/1361/936
f 930/1356/930 932/1355/932 943/1370/943
f 927/1349/927 924/1346/924 944/1372/944
f 926/1348/926 929/1351/929 939/1374/939
f 947/1376/947 950/1379/950 948/1377/948
f 944/1372/944 946/1375/946 950/1379/950
f 945/1373/945 944/1372/944 947/1376/947
f 946/1375/946 939/1374/939 951/1381/951
f 949/1378/949 943/4847/943 932/1380/932
f 953/1383/953 998/1449/998 954/1384/954
f 928/1386/928 931/1360/931 937/1362/937
f 953/1390/953 933/1357/933 935/1359/935
f 959/1392/959 997/1448/997 960/1393/960
f 961/1395/961 1054/1539/1054 962/1396/962
f 964/1398/964 982/1421/982 965/1399/965
f 967/1401/967 970/1404/970 968/1402/968
f 966/1400/966 968/1402/968 970/1404/970
f 971/1405/971 933/1408/933 968/1402/968
f 964/1398/964 970/1404/970 972/1406/972
f 933/1408/933 953/4848/953 969/1403/969
f 976/1412/976 987/1431/987 977/1413/977
f 959/1392/959 952/1394/952 951/1415/951
f 971/1405/971 966/1400/966 965/1399/965
f 982/1421/982 964/1398/964 973/1407/973
f 983/1423/983 984/1426/984 975/1424/975
f 965/1399/965 982/1421/982 984/1426/984
f 934/1420/934 965/1399/965 983/1423/983
f 982/1421/982 977/1422/977 985/1428/985
f 974/1425/974 958/4849/958 935/1427/935
f 698/1010/698 993/1442/993 958/1432/958
f 967/1435/967 969/1776/969 949/1436/949
f 989/1438/989 1096/1590/1096 990/1439/990
f 985/1430/985 987/1431/987 988/1434/988
f 975/1411/975 986/1433/986 699/1011/699
f 992/1441/992 994/1443/994 993/1442/993
f 994/1443/994 1094/1588/1094 995/1444/995
f 926/1348/926 946/1375/946 944/1372/944
f 956/1388/956 1093/1587/1093 996/1446/996
f 972/1447/972 960/1393/960 997/1448/997
f 958/1432/958 993/1442/993 998/1449/998
f 941/1367/941 943/1385/943 954/1384/954
f 999/1450/999 1012/4850/1012 1000/1451/1000
f 1005/1456/1005 999/1450/999 1001/1452/1001
f 1007/1458/1007 1021/1478/1021 1008/1459/1008
f 1002/1461/1002 1011/1464/1011 1010/1462/1010
f 1009/1460/1009 1010/1462/1010 1011/1464/1011
f 1012/1465/1012 999/1468/999 1010/1462/1010
f 1007/1458/1007 1011/1464/1011 1013/1466/1013
f 999/1468/999 1005/4851/1005 1003/1463/1003
f 1019/1473/1019 1026/1487/1026 1020/1474/1020
f 1012/1465/1012 1009/1460/1009 1008/1459/1008
f 1007/1458/1007 1014/1467/1014 1020/1477/1020
f 1022/1479/1022 1023/1482/1023 1017/1480/1017
f 1008/1459/1008 1021/1478/1021 1023/1482/1023
f 1000/1476/1000 1008/1459/1008 1022/1479/1022
f 1021/1478/1021 1020/1477/1020 1024/1484/1024
f 1016/1481/1016 1006/4852/1006 1001/1483/1001
f 1018/1472/1018 1032/1495/1032 1006/1488/1006
f 1029/1492/1029 1015/1497/1015 1002/1453/1002
f 957/1389/957 996/1446/996 1030/1493/1030
f 1024/1486/1024 1026/1487/1026 1028/1491/1028
f 1017/1471/1017 1025/1490/1025 1027/1489/1027
f 1018/1472/1018 940/1366/940 942/1368/942
f 1013/1498/1013 1015/1497/1015 1033/1496/1033
f 1005/1499/1005 1188/1726/1188 1004/1455/1004
f 1032/1495/1032 1188/1726/1188 1005/1499/1005
f 1034/1500/1034 1038/1504/1038 1035/1501/1035
f 1037/1503/1037 1035/1501/1035 1038/1504/1038
f 1040/1506/1040 1043/1509/1043 1035/1501/1035
f 1039/1505/1039 1038/1504/1038 1041/1507/1041
f 1043/1509/1043 1052/4853/1052 1036/1502/1036
f 1040/1511/1040 1056/4854/1056 1045/1512/1045
f 1046/1514/1046 1077/4855/1077 1047/1515/1047
f 1050/1519/1050 1084/1568/1084 1051/1520/1051
f 1030/1493/1030 1036/1593/1036 1052/1522/1052
f 1034/1524/1034 1030/1493/1030 996/1446/996
f 1043/1513/1043 1045/1512/1045 1054/1525/1054
f 1040/1506/1040 1037/1503/1037 1055/1527/1055
f 1039/1505/1039 1042/1508/1042 1051/1529/1051
f 1058/1531/1058 1060/1534/1060 1059/1532/1059
f 1055/1527/1055 1057/1530/1057 1060/1534/1060
f 1056/1528/1056 1055/1527/1055 1058/1531/1058
f 1057/1530/1057 1051/1529/1051 1061/1536/1061
f 962/1533/962 1054/4856/1054 1045/1535/1045
f 961/1395/961 1103/1599/1103 1063/1538/1063
f 1041/1540/1041 1044/1517/1044 1049/1518/1049
f 961/1543/961 1046/1514/1046 1048/1516/1048
f 1067/1545/1067 1101/1597/1101 1068/1546/1068
f 954/1384/954 998/1449/998 1069/1548/1069
f 1071/1550/1071 1087/1572/1087 1072/1551/1072
f 1074/1553/1074 1076/1556/1076 1075/1554/1075
f 1073/1552/1073 1075/1554/1075 1076/1556/1076
f 1077/1557/1077 1046/1560/1046 1075/1554/1075
f 1071/1550/1071 1076/1556/1076 1078/1558/1078
f 1046/1560/1046 961/4857/961 963/1555/963
f 1082/1564/1082 1092/1582/1092 1083/1565/1083
f 1067/1545/1067 1062/1547/1062 1061/1567/1061
f 1077/1557/1077 1073/1552/1073 1072/1551/1072
f 1087/1572/1087 1071/1550/1071 1079/1559/1079
f 1088/1574/1088 1089/1577/1089 1081/1575/1081
f 1072/1551/1072 1087/1572/1087 1089/1577/1089
f 1047/1571/1047 1072/1551/1072 1088/1574/1088
f 1087/1572/1087 1083/1573/1083 1090/1579/1090
f 1080/1576/1080 1066/4858/1066 1048/1578/1048
f 990/1439/990 1097/1591/1097 1066/1583/1066
f 1074/1585/1074 963/1397/963 962/1396/962
f 1093/1587/1093 1102/1598/1102 1084/1568/1084
f 1094/1588/1094 1189/1727/1189 1095/1589/1095
f 1090/1581/1090 1092/1582/1092 1085/1569/1085
f 1081/1563/1081 1091/1584/1091 991/1440/991
f 1096/1590/1096 1219/1774/1219 1097/1591/1097
f 1039/1505/1039 1057/1530/1057 1055/1527/1055
f 1078/1596/1078 1068/1546/1068 1101/1597/1101
f 1066/1583/1066 1097/1591/1097 1103/1599/1103
f 1052/1522/1052 1054/1539/1054 1063/1538/1063
f 1104/1600/1104 1116/4859/1116 1105/1601/1105
f 1109/1605/1109 1104/1600/1104 1106/1602/1106
f 1111/1607/1111 1123/1625/1123 1112/1608/1112
f 1107/1610/1107 1115/1613/1115 1114/1611/1114
f 1113/1609/1113 1114/1611/1114 1115/1613/1115
f 1116/1614/1116 1104/1617/1104 1114/1611/1114
f 1111/1607/1111 1115/1613/1115 1117/1615/1117
f 1104/1617/1104 1109/4860/1109 1108/1612/1108
f 981/1419/981 1128/1634/1128 1122/1621/1122
f 1116/1614/1116 1113/1609/1113 1112/1608/1112
f 1111/1607/1111 1118/1616/1118 1122/1624/1122
f 1124/1626/1124 1125/1629/1125 1121/1627/1121
f 1112/1608/1112 1123/1625/1123 1125/1629/1125
f 1105/1623/1105 1112/1608/1112 1124/1626/1124
f 1123/1625/1123 1122/1624/1122 1126/1631/1126
f 1120/1628/1120 1110/4861/1110 1106/1630/1106
f 1031/1494/1031 1132/1640/1132 1110/1635/1110
f 1098/1592/1098 1119/1641/1119 1107/1603/1107
f 1129/1637/1129 1148/1662/1148 1130/1638/1130
f 1126/1633/1126 1128/1634/1128 955/1387/955
f 1121/1620/1121 1127/1636/1127 957/1389/957
f 1031/1494/1031 1030/1493/1030 1053/1523/1053
f 1117/1642/1117 1119/1641/1119 979/1417/979
f 1109/1643/1109 1064/1541/1064 1065/1542/1065
f 1132/1640/1132 1064/1541/1064 1109/1643/1109
f 1133/1644/1133 1137/1648/1137 1134/1645/1134
f 1136/1647/1136 1134/1645/1134 1137/1648/1137
f 1139/1650/1139 1142/1653/1142 1134/1645/1134
f 1138/1649/1138 1137/1648/1137 1140/1651/1140
f 1142/1653/1142 1152/4862/1152 1135/1646/1135
f 1139/1655/1139 1155/4863/1155 1144/1656/1144
f 1145/1658/1145 1173/4864/1173 1146/1659/1146
f 1150/1664/1150 1180/1707/1180 1151/1665/1151
f 1130/1638/1130 1135/1729/1135 1152/1667/1152
f 1133/1668/1133 1130/1638/1130 1148/1662/1148
f 1142/1657/1142 1144/1656/1144 1153/1669/1153
f 1139/1650/1139 1136/1647/1136 1154/1671/1154
f 1138/1649/1138 1141/1652/1141 1151/1673/1151
f 1157/1675/1157 1160/1678/1160 1158/1676/1158
f 1154/1671/1154 1156/1674/1156 1160/1678/1160
f 1155/1672/1155 1154/1671/1154 1157/1675/1157
f 1156/1674/1156 1151/1673/1151 1161/1680/1161
f 1159/1677/1159 1153/4865/1153 1144/1679/1144
f 1140/1684/1140 1143/1661/1143 1149/1663/1149
f 981/1419/981 980/1418/980 956/1388/956
f 1163/1685/1163 1145/1658/1145 1147/1660/1147
f 1070/1549/1070 1069/1548/1069 1165/1687/1165
f 1063/1538/1063 1103/1599/1103 997/1448/997
f 1166/1689/1166 1181/1711/1181 1167/1690/1167
f 1169/1692/1169 1172/1695/1172 1170/1693/1170
f 1168/1691/1168 1170/1693/1170 1172/1695/1172
f 1173/1696/1173 1145/1699/1145 1170/1693/1170
f 1166/1689/1166 1172/1695/1172 1174/1697/1174
f 1145/1699/1145 1163/4866/1163 1171/1694/1171
f 1178/1703/1178 1186/1721/1186 1179/1704/1179
f 1070/1549/1070 1162/1688/1162 1161/1706/1161
f 1162/1688/1162 1165/1687/1165 1169/1708/1169
f 1173/1696/1173 1168/1691/1168 1167/1690/1167
f 1181/1711/1181 1166/1689/1166 1175/1698/1175
f 1182/1713/1182 1183/1716/1183 1177/1714/1177
f 1167/1690/1167 1181/1711/1181 1183/1716/1183
f 1146/1710/1146 1167/1690/1167 1182/1713/1182
f 1181/1711/1181 1179/1712/1179 1184/1718/1184
f 1176/1715/1176 1164/4867/1164 1147/1717/1147
f 1095/1589/1095 797/1155/797 1164/1722/1164
f 1169/1708/1169 1171/1775/1171 1159/1725/1159
f 164/232/164 1190/1728/1190 1188/1726/1188
f 1184/1720/1184 1186/1721/1186 1187/1724/1187
f 1177/1702/1177 1185/1723/1185 995/1444/995
f 1189/1727/1189 696/1008/696 797/1155/797
f 1190/1728/1190 76/108/76 1064/1541/1064
f 1136/1647/1136 1138/1649/1138 1156/1674/1156
f 1174/1730/1174 1165/1687/1165 1069/1548/1069
f 797/1155/797 919/1339/919 1163/1682/1163
f 324/474/324 1152/1667/1152 1153/1683/1153
f 1191/1731/1191 1203/4868/1203 1192/1732/1192
f 1196/1736/1196 1191/1731/1191 1193/1733/1193
f 1198/1738/1198 1211/1757/1211 1199/1739/1199
f 1194/1741/1194 1202/1744/1202 1201/1742/1201
f 1200/1740/1200 1201/1742/1201 1202/1744/1202
f 1203/1745/1203 1191/1748/1191 1201/1742/1201
f 1198/1738/1198 1202/1744/1202 1204/1746/1204
f 1191/1748/1191 1196/4869/1196 1195/1743/1195
f 1209/1752/1209 1216/1766/1216 1210/1753/1210
f 1203/1745/1203 1200/1740/1200 1199/1739/1199
f 1198/1738/1198 1205/1747/1205 1210/1756/1210
f 1212/1758/1212 1213/1761/1213 1208/1759/1208
f 1199/1739/1199 1211/1757/1211 1213/1761/1213
f 1192/1755/1192 1199/1739/1199 1212/1758/1212
f 1211/1757/1211 1210/1756/1210 1214/1763/1214
f 1207/1760/1207 1197/4870/1197 1193/1762/1193
f 1131/1639/1131 323/473/323 1197/1767/1197
f 1100/1595/1100 1206/1771/1206 1194/1734/1194
f 1148/1662/1148 1129/1637/1129 1032/1495/1032
f 1214/1765/1214 1216/1766/1216 1217/1769/1217
f 1208/1751/1208 1215/1768/1215 1129/1637/1129
f 1131/1639/1131 1130/1638/1130 324/474/324
f 1204/1772/1204 1206/1771/1206 1218/1770/1218
f 1196/1773/1196 920/1340/920 1099/1594/1099
f 323/473/323 920/1340/920 1196/1773/1196
f 699/1011/699 1097/1591/1097 1219/1774/1219
f 1062/1547/1062 1068/1546/1068 1074/1585/1074
f 952/1394/952 960/1393/960 967/1435/967
f 1163/1682/1163 1153/1683/1153 1159/1725/1159
f 953/1383/953 943/1385/943 949/1436/949
f 147/214/147 83/116/83 73/104/73
f 797/1155/797 291/425/291 286/418/286
f 1132/1640/1132 1053/1523/1053 936/1361/936
f 938/1363/938 1053/1523/1053 1063/1538/1063
f 1103/1599/1103 1097/1591/1097 987/1431/987
f 1186/1721/1186 1178/1703/1178 998/1449/998
f 954/1384/954 1180/1707/1180 1150/1664/1150
f 1032/1495/1032 1216/1766/1216 1209/1752/1209
f 1019/1473/1019 1064/1541/1064 1132/1640/1132
f 1027/1489/1027 936/1361/936 940/1366/940
f 1092/1582/1092 1082/1564/1082 1102/1598/1102
f 1098/1592/1098 76/108/76 2/2/2
f 1220/1777/1220 1224/1781/1224 1221/1778/1221
f 1223/1780/1223 1227/1784/1227 1224/1781/1224
f 1225/1782/1225 1223/1780/1223 1220/1777/1220
f 1227/1784/1227 1238/1808/1238 1228/1785/1228
f 1222/1779/1222 1239/4871/1239 1226/1783/1226
f 1230/1787/1230 1244/4872/1244 1225/1788/1225
f 1231/1790/1231 1269/4873/1269 1232/1791/1232
f 1236/1796/1236 1277/1848/1277 1237/1797/1237
f 1239/1799/1239 1222/1870/1222 1240/1800/1240
f 1221/1802/1221 1229/1793/1229 1235/1795/1235
f 1242/1803/1242 1230/1787/1230 1226/1789/1226
f 1243/1805/1243 1223/1780/1223 1225/1782/1225
f 1245/1807/1245 1236/1814/1236 1238/1808/1238
f 1246/1809/1246 1249/1812/1249 1247/1810/1247
f 1243/1805/1243 1247/1810/1247 1249/1812/1249
f 1244/1806/1244 1230/1815/1230 1247/1810/1247
f 1245/1807/1245 1249/1812/1249 1250/1813/1250
f 1230/1815/1230 1242/4874/1242 1248/1811/1248
f 1252/1817/1252 1288/1873/1288 1253/1818/1253
f 1234/1794/1234 1229/1793/1229 1228/1820/1228
f 1233/1792/1233 1232/1791/1232 1253/1823/1253
f 1251/1825/1251 1271/4875/1271 1257/1826/1257
f 1259/1828/1259 1344/1961/1344 1260/1829/1260
f 1262/1831/1262 1280/1852/1280 1263/1832/1263
f 1265/1834/1265 1268/1837/1268 1266/1835/1266
f 1264/1833/1264 1263/1832/1263 1268/1837/1268
f 1269/1838/1269 1264/1833/1264 1265/1834/1265
f 1263/1832/1263 1276/1853/1276 1270/1840/1270
f 1267/1836/1267 1253/4876/1253 1232/1839/1232
f 1274/1844/1274 1285/1863/1285 1275/1845/1275
f 1250/1847/1250 1251/1825/1251 1258/1827/1258
f 1231/1851/1231 1262/1831/1262 1264/1833/1264
f 1280/1852/1280 1274/1859/1274 1276/1853/1276
f 1273/1854/1273 1282/1857/1282 1281/1855/1281
f 1262/1831/1262 1281/1855/1281 1282/1857/1282
f 1231/1851/1231 1233/1860/1233 1281/1855/1281
f 1280/1852/1280 1282/1857/1282 1283/1858/1283
f 1233/1860/1233 1256/4877/1256 1272/1856/1272
f 1256/1864/1256 994/1443/994 992/1441/992
f 1248/1867/1248 1267/2187/1267 1266/1868/1266
f 1286/1865/1286 1285/1863/1285 1283/1862/1283
f 697/1009/697 1284/1866/1284 1273/1843/1273
f 1190/1728/1190 164/232/164 75/106/75
f 232/353/232 117/156/117 71/102/71
f 1243/1805/1243 1245/1807/1245 1227/1784/1227
f 1287/1871/1287 1382/2007/1382 205/312/205
f 1257/1826/1257 1271/4875/1271 1270/1872/1270
f 1256/1864/1256 1253/1818/1253 1288/1873/1288
f 1252/1817/1252 1242/1819/1242 1239/1799/1239
f 1289/1874/1289 1302/4878/1302 1290/1875/1290
f 1291/1876/1291 1290/1875/1290 1295/1880/1295
f 1297/1882/1297 1311/1901/1311 1298/1883/1298
f 1300/1885/1300 1301/1888/1301 1292/1886/1292
f 1299/1884/1299 1298/1883/1298 1301/1888/1301
f 1302/1889/1302 1299/1884/1299 1300/1885/1300
f 1298/1883/1298 1310/4879/1310 1303/1891/1303
f 1294/1887/1294 1295/4880/1295 1290/1890/1290
f 1308/1896/1308 1316/1910/1316 1309/1897/1309
f 1297/1882/1297 1299/1884/1299 1302/1889/1302
f 1308/1900/1308 1310/4879/1310 1298/1883/1298
f 1307/1902/1307 1313/1905/1313 1312/1903/1312
f 1297/1882/1297 1312/1903/1312 1313/1905/1313
f 1289/1899/1289 1291/1907/1291 1312/1903/1312
f 1311/1901/1311 1313/1905/1313 1314/1906/1314
f 1291/1907/1291 1296/4881/1296 1305/1904/1305
f 1296/1911/1296 1322/1919/1322 1306/1894/1306
f 1319/1915/1319 1293/1878/1293 1292/1877/1292
f 1320/1917/1320 1287/1871/1287 1255/1822/1255
f 1318/1913/1318 1316/1910/1316 1314/1909/1314
f 1317/1912/1317 1315/1914/1315 1307/1895/1307
f 1241/1801/1241 1240/1800/1240 1306/1894/1306
f 1323/1920/1323 1304/1916/1304 1303/1921/1303
f 1293/1878/1293 1473/2139/1473 1295/1922/1295
f 1295/1922/1295 1473/2139/1473 1322/1919/1322
f 1324/1923/1324 1328/1927/1328 1325/1924/1325
f 1327/1926/1327 1331/1930/1331 1328/1927/1328
f 1329/1928/1329 1327/1926/1327 1324/1923/1324
f 1331/1930/1331 1341/4882/1341 1332/1931/1332
f 1326/1925/1326 1342/4883/1342 1330/1929/1330
f 1334/1933/1334 1346/4884/1346 1329/1934/1329
f 1335/1936/1335 1366/4885/1366 1336/1937/1336
f 1339/1941/1339 1374/1988/1374 1340/1942/1340
f 1342/1944/1342 1326/2010/1326 1320/1917/1320
f 1325/1946/1325 1333/1939/1333 1287/1871/1287
f 1344/1947/1344 1334/1933/1334 1330/1935/1330
f 1345/1949/1345 1327/1926/1327 1329/1928/1329
f 1339/1951/1339 1341/4882/1341 1331/1930/1331
f 1348/1953/1348 1350/1956/1350 1349/1954/1349
f 1345/1949/1345 1349/1954/1349 1350/1956/1350
f 1346/1950/1346 1334/1958/1334 1349/1954/1349
f 1347/1952/1347 1350/1956/1350 1351/1957/1351
f 1334/1958/1334 1344/4886/1344 1259/1955/1259
f 1353/1960/1353 1387/2014/1387 1260/1829/1260
f 1338/1940/1338 1333/1939/1333 1332/1962/1332
f 1337/1938/1337 1336/1937/1336 1260/1965/1260
f 1352/1967/1352 1368/4887/1368 1357/1968/1357
f 1252/1817/1252 1449/2101/1449 1359/1970/1359
f 1360/1971/1360 1376/1991/1376 1361/1972/1361
f 1363/1974/1363 1365/1977/1365 1364/1975/1364
f 1362/1973/1362 1361/1972/1361 1365/1977/1365
f 1366/1978/1366 1362/1973/1362 1363/1974/1363
f 1361/1972/1361 1373/1992/1373 1367/1980/1367
f 1261/1976/1261 1260/4888/1260 1336/1979/1336
f 1371/1984/1371 1381/2002/1381 1372/1985/1372
f 1351/1987/1351 1352/1967/1352 1358/1969/1358
f 1360/1971/1360 1362/1973/1362 1366/1978/1366
f 1376/1991/1376 1371/1998/1371 1373/1992/1373
f 1370/1993/1370 1378/1996/1378 1377/1994/1377
f 1360/1971/1360 1377/1994/1377 1378/1996/1378
f 1335/1990/1335 1337/1999/1337 1377/1994/1377
f 1376/1991/1376 1378/1996/1378 1379/1997/1379
f 1337/1999/1337 1356/4889/1356 1369/1995/1369
f 1356/2003/1356 1219/1774/1219 1096/1590/1096
f 1259/1828/1259 1261/1830/1261 1364/2005/1364
f 1382/2007/1382 1340/1942/1340 1374/1988/1374
f 7/7/7 9/9/9 244/373/244
f 1375/1989/1375 1381/2002/1381 1379/2001/1379
f 989/1438/989 1380/2004/1380 1370/1983/1370
f 173/242/173 177/250/177 154/222/154
f 1345/1949/1345 1347/1952/1347 1331/1930/1331
f 1357/1968/1357 1368/4887/1368 1367/2013/1367
f 1356/2003/1356 1260/1829/1260 1387/2014/1387
f 1353/1960/1353 1344/1961/1344 1342/1944/1342
f 1388/2015/1388 1400/4890/1400 1389/2016/1389
f 1390/2017/1390 1389/2016/1389 1393/2020/1393
f 1395/2022/1395 1407/2039/1407 1396/2023/1396
f 1398/2025/1398 1399/2028/1399 1391/2026/1391
f 1397/2024/1397 1396/2023/1396 1399/2028/1399
f 1400/2029/1400 1397/2024/1397 1398/2025/1398
f 1396/2023/1396 1406/4891/1406 1401/2031/1401
f 1392/2027/1392 1393/4892/1393 1389/2030/1389
f 1405/2035/1405 1412/2048/1412 1279/1850/1279
f 1395/2022/1395 1397/2024/1397 1400/2029/1400
f 1405/2038/1405 1406/4891/1406 1396/2023/1396
f 1404/2040/1404 1409/2043/1409 1408/2041/1408
f 1395/2022/1395 1408/2041/1408 1409/2043/1409
f 1388/2037/1388 1390/2045/1390 1408/2041/1408
f 1407/2039/1407 1409/2043/1409 1410/2044/1410
f 1390/2045/1390 1394/4893/1394 1403/2042/1403
f 1394/2049/1394 1416/2055/1416 1321/1918/1321
f 1384/2009/1384 1355/1964/1355 1391/2018/1391
f 1413/2052/1413 1432/2076/1432 1414/2053/1414
f 1254/1821/1254 1412/2048/1412 1410/2047/1410
f 1255/1822/1255 1411/2050/1411 1404/2034/1404
f 1343/1945/1343 1320/1917/1320 1321/1918/1321
f 1278/1849/1278 1402/2051/1402 1401/2056/1401
f 1355/1964/1355 1354/1963/1354 1393/2057/1393
f 1393/2057/1393 1354/1963/1354 1416/2055/1416
f 1417/2058/1417 1421/2062/1421 1418/2059/1418
f 1420/2061/1420 1424/2065/1424 1421/2062/1421
f 1422/2063/1422 1420/2061/1420 1417/2058/1417
f 1424/2065/1424 1435/4894/1435 1425/2066/1425
f 1419/2060/1419 1436/4895/1436 1423/2064/1423
f 1427/2068/1427 1439/4896/1439 1422/2069/1422
f 1428/2071/1428 1457/4897/1457 1429/2072/1429
f 1433/2077/1433 1465/2119/1465 1434/2078/1434
f 1436/2080/1436 1419/2141/1419 1413/2052/1413
f 1418/2081/1418 1426/2074/1426 1432/2076/1432
f 1437/2082/1437 1427/2068/1427 1423/2070/1423
f 1438/2084/1438 1420/2061/1420 1422/2063/1422
f 1433/2086/1433 1435/4894/1435 1424/2065/1424
f 1441/2088/1441 1444/2091/1444 1442/2089/1442
f 1438/2084/1438 1442/2089/1442 1444/2091/1444
f 1439/2085/1439 1427/2093/1427 1442/2089/1442
f 1440/2087/1440 1444/2091/1444 1445/2092/1445
f 1427/2093/1427 1437/4898/1437 1443/2090/1443
f 1431/2075/1431 1426/2074/1426 1425/2097/1425
f 205/312/205 203/310/203 1279/1850/1279
f 1430/2073/1430 1429/2072/1429 1447/2098/1447
f 1446/2100/1446 1459/4899/1459 1359/1970/1359
f 1257/1826/1257 1387/2014/1387 1353/1960/1353
f 1450/2102/1450 1466/2123/1466 1451/2103/1451
f 1453/2105/1453 1456/2108/1456 1454/2106/1454
f 1452/2104/1452 1451/2103/1451 1456/2108/1456
f 1457/2109/1457 1452/2104/1452 1453/2105/1453
f 1451/2103/1451 1464/2124/1464 1458/2111/1458
f 1455/2107/1455 1447/4900/1447 1429/2110/1429
f 1462/2115/1462 1471/2134/1471 1463/2116/1463
f 1445/2118/1445 1446/2100/1446 1449/2101/1449
f 1454/2120/1454 1459/4899/1459 1446/2100/1446
f 1428/2122/1428 1450/2102/1450 1452/2104/1452
f 1466/2123/1466 1462/2130/1462 1464/2124/1464
f 1461/2125/1461 1468/2128/1468 1467/2126/1467
f 1450/2102/1450 1467/2126/1467 1468/2128/1468
f 1428/2122/1428 1430/2131/1430 1467/2126/1467
f 1466/2123/1466 1468/2128/1468 1469/2129/1469
f 1430/2131/1430 1448/4901/1448 1460/2127/1460
f 1448/2135/1448 696/1008/696 1189/1727/1189
f 1443/2138/1443 1455/2186/1455 1454/2120/1454
f 1473/2139/1473 1474/2140/1474 142/208/142
f 1472/2136/1472 1471/2134/1471 1469/2133/1469
f 1094/1588/1094 1470/2137/1470 1461/2114/1461
f 230/351/230 71/102/71 73/104/73
f 1354/1963/1354 146/213/146 1474/2140/1474
f 1438/2084/1438 1440/2087/1440 1424/2065/1424
f 1359/1970/1359 1459/4899/1459 1458/2142/1458
f 1447/2095/1447 700/1012/700 696/1008/696
f 329/482/329 700/1012/700 1437/2096/1437
f 1475/2143/1475 1487/4902/1487 1476/2144/1476
f 1477/2145/1477 1476/2144/1476 1480/2148/1480
f 1482/2150/1482 1495/2168/1495 1483/2151/1483
f 1485/2153/1485 1486/2156/1486 1478/2154/1478
f 1484/2152/1484 1483/2151/1483 1486/2156/1486
f 1487/2157/1487 1484/2152/1484 1485/2153/1485
f 1483/2151/1483 1494/4903/1494 1488/2159/1488
f 1479/2155/1479 1480/4904/1480 1476/2158/1476
f 1492/2163/1492 1500/2177/1500 1493/2164/1493
f 1482/2150/1482 1484/2152/1484 1487/2157/1487
f 1492/2167/1492 1494/4903/1494 1483/2151/1483
f 1491/2169/1491 1497/2172/1497 1496/2170/1496
f 1482/2150/1482 1496/2170/1496 1497/2172/1497
f 1475/2166/1475 1477/2174/1477 1496/2170/1496
f 1495/2168/1495 1497/2172/1497 1498/2173/1498
f 1477/2174/1477 1481/4905/1481 1490/2171/1490
f 1481/2178/1481 328/481/328 1415/2054/1415
f 1386/2012/1386 1385/2011/1385 1478/2146/1478
f 1322/1919/1322 1414/2053/1414 1432/2076/1432
f 1501/2179/1501 1500/2177/1500 1498/2176/1498
f 1414/2053/1414 1499/2180/1499 1491/2162/1491
f 329/482/329 1413/2052/1413 1415/2054/1415
f 1502/2182/1502 1489/2181/1489 1488/2183/1488
f 1385/2011/1385 889/1292/889 1480/2184/1480
f 1480/2184/1480 889/1292/889 328/481/328
f 143/209/143 142/208/142 1474/2140/1474
f 141/207/141 143/209/143 117/211/117
f 1364/2005/1364 1368/4887/1368 1352/1967/1352
f 1266/1868/1266 1271/4875/1271 1251/1825/1251
f 1443/2138/1443 1437/2096/1437 1447/2095/1447
f 1248/1867/1248 1242/1819/1242 1253/1818/1253
f 1235/1795/1235 1343/1945/1343 1416/2055/1416
f 1237/1797/1237 1277/1848/1277 1353/1960/1353
f 1285/1863/1285 1219/1774/1219 1387/2014/1387
f 1288/1873/1288 1463/2116/1463 1471/2134/1471
f 1252/1817/1252 1241/1801/1241 1434/2078/1434
f 1322/1919/1322 1473/2139/1473 1493/2164/1493
f 1240/1800/1240 1235/1795/1235 1317/1912/1317
f 1383/2008/1383 1372/1985/1372 1381/2002/1381
f 1384/2009/1384 203/310/203 82/115/82
f 315/459/315 159/227/159 318/464/318
f 158/226/158 271/466/271 260/2188/260
f 1503/2189/1503 295/429/295 315/459/315
f 267/430/267 295/429/295 1503/2189/1503
f 271/403/271 270/402/270 627/909/627
f 268/400/268 267/399/267 307/2190/307
f 159/227/159 158/226/158 312/455/312
f 181/254/181 180/253/180 67/2191/67
f 1504/2192/1504 95/128/95 137/2193/137
f 1506/2195/1506 1507/2197/1507 103/137/103
f 103/159/103 1507/2198/1507 687/2196/687
f 1505/2194/1505 137/2193/137 1507/2197/1507
f 137/198/137 136/197/136 687/2196/687
f 682/981/682 626/908/626 398/575/398
f 177/250/177 45/52/45 47/54/47
f 46/107/46 75/106/75 165/233/165
f 47/54/47 46/53/46 217/330/217
f 1508/2200/1508 956/1388/956 980/1418/980
f 1509/2201/1509 1510/2207/1510 206/2202/206
f 207/314/207 206/313/206 1510/2203/1510
f 201/283/201 195/276/195 210/317/210
f 195/276/195 194/275/194 16/2205/16
f 209/323/209 211/322/211 1511/2204/1511
f 193/274/193 199/281/199 208/318/208
f 1509/2201/1509 208/315/208 209/316/209
f 199/281/199 198/280/198 1508/2208/1508
f 1093/1587/1093 956/1388/956 1508/2200/1508
f 205/312/205 1382/2007/1382 201/2211/201
f 1309/1897/1309 1316/1910/1316 1416/2055/1416
f 1512/2212/1512 1579/2306/1579 1513/2213/1513
f 1515/2215/1515 3692/4906/3692 1516/2216/1516
f 1518/2218/1518 1555/2261/1555 1519/2219/1519
f 1521/2221/1521 1580/4907/1580 1522/2222/1522
f 1524/2224/1524 1587/2325/1587 1525/2225/1525
f 1527/2227/1527 1581/2308/1581 1528/2228/1528
f 1530/2230/1530 1565/2275/1565 1531/2231/1531
f 1533/2233/1533 1576/2299/1576 1521/2221/1521
f 1534/2234/1534 1584/2319/1584 1535/2235/1535
f 1537/2237/1537 1570/2284/1570 1538/2238/1538
f 1528/2228/1528 1542/2309/1542 1540/2240/1540
f 1524/2224/1524 1543/2323/1543 1540/2242/1540
f 1531/2231/1531 1541/2314/1541 1540/2244/1540
f 1544/2246/1544 1547/2310/1547 1545/2247/1545
f 1532/2232/1532 1548/2324/1548 1545/2249/1545
f 1526/2226/1526 1546/4908/1546 1545/2251/1545
f 1519/2219/1519 1551/2294/1551 1549/2253/1549
f 1514/2214/1514 1552/2303/1552 1549/2255/1549
f 1538/2238/1538 1550/4909/1550 1549/2257/1549
f 1512/2212/1512 1556/2295/1556 1553/2259/1553
f 1555/2261/1555 1557/2297/1557 1553/2262/1553
f 1516/2216/1516 1554/2305/1554 1553/2264/1553
f 1536/2236/1536 1560/2312/1560 1558/2266/1558
f 1530/2230/1530 1564/2311/1564 1558/2268/1558
f 1535/2235/1535 1585/2320/1585 1561/2270/1561
f 1563/2272/1563 1559/2317/1559 1558/2273/1558
f 1565/2275/1565 1562/2313/1562 1561/2276/1561
f 1523/2223/1523 1522/2222/1522 1567/2278/1567
f 1517/2217/1517 1569/2296/1569 1567/2280/1567
f 1518/2218/1518 1568/2292/1568 1567/2282/1567
f 1570/2284/1570 1573/2300/1573 1571/2285/1571
f 1533/2233/1533 1574/2293/1574 1571/2287/1571
f 1520/2220/1520 1572/2291/1572 1571/2289/1571
f 1520/2220/1520 1519/2219/1519 1550/2254/1550
f 1572/2286/1572 1550/4909/1550 1538/2238/1538
f 1520/2220/1520 1574/2290/1574 1568/2292/1568
f 1574/2293/1574 1533/2233/1533 1523/2223/1523
f 1555/2261/1555 1556/2263/1556 1551/2294/1551
f 1556/2295/1556 1512/2212/1512 1514/2214/1514
f 1516/2216/1516 1557/2265/1557 1569/2296/1569
f 1557/2297/1557 1555/2261/1555 1518/2218/1518
f 1533/2233/1533 1573/2288/1573 1575/2298/1575
f 1573/2300/1573 1570/2284/1570 1537/2237/1537
f 1514/2214/1514 1513/2213/1513 1577/2302/1577
f 1552/2258/1552 1577/4910/1577 1539/2239/1539
f 1516/2216/1516 3692/4906/3692 1578/2304/1578
f 1554/2260/1554 1578/4911/1578 1579/2306/1579
f 1580/2307/1580 1515/2215/1515 1517/2217/1517
f 1581/2308/1581 3693/4912/3693 1542/2309/1542
f 1563/2272/1563 1564/2274/1564 1547/2310/1547
f 1564/2311/1564 1530/2230/1530 1532/2232/1532
f 1535/2235/1535 1562/2271/1562 1560/2312/1560
f 1562/2313/1562 1565/2275/1565 1530/2230/1530
f 1531/2231/1531 1565/2275/1565 1566/2277/1566
f 1566/2315/1566 1529/2229/1529 1528/2228/1528
f 1582/2316/1582 1583/4913/1583 1559/2317/1559
f 1583/2318/1583 1534/2234/1534 1536/2236/1536
f 1584/2319/1584 1586/4914/1586 1585/2320/1585
f 1586/2321/1586 1527/2227/1527 1529/2229/1529
f 1526/2226/1526 1548/2252/1548 1543/2323/1543
f 1548/2324/1548 1532/2232/1532 1531/2231/1531
f 1542/2243/1542 3693/4915/3693 1587/2325/1587
f 1563/2272/1563 1544/2246/1544 1588/2326/1588
f 1588/2326/1588 1544/2246/1544 1546/2248/1546
f 1589/2328/1589 1546/4908/1546 1526/2226/1526
f 1529/2229/1529 1566/2315/1566 1561/2329/1561
f 1590/2330/1590 1593/4916/1593 1591/2331/1591
f 1593/2333/1593 1595/4917/1595 1594/2334/1594
f 1595/2336/1595 1597/4918/1597 1596/2337/1596
f 1597/2339/1597 1599/4919/1599 1598/2340/1598
f 1599/2342/1599 1601/4920/1601 1600/2343/1600
f 1601/2345/1601 1590/4921/1590 1592/2346/1592
f 1592/2348/1592 1591/4922/1591 1594/2349/1594
f 1592/2348/1592 1596/2350/1596 1598/2351/1598
f 1602/2353/1602 1606/4923/1606 1603/2354/1603
f 1605/2356/1605 1608/4924/1608 1606/2357/1606
f 1607/2359/1607 1610/4925/1610 1608/2360/1608
f 1609/2362/1609 1612/4926/1612 1610/2363/1610
f 1611/2365/1611 1613/4927/1613 1612/2366/1612
f 1604/2368/1604 1603/4928/1603 1613/2369/1613
f 1604/2371/1604 1607/4929/1607 1605/2372/1605
f 1609/2374/1609 1607/4929/1607 1604/2371/1604
f 1614/2376/1614 1617/4930/1617 1615/2377/1615
f 1617/2379/1617 1619/4931/1619 1618/2380/1618
f 1619/2382/1619 1621/4932/1621 1620/2383/1620
f 1621/2385/1621 1623/4933/1623 1622/2386/1622
f 1623/2388/1623 1625/4934/1625 1624/2389/1624
f 1625/2391/1625 1614/4935/1614 1616/2392/1616
f 1616/2394/1616 1615/4936/1615 1618/2395/1618
f 1626/2397/1626 1629/4937/1629 1627/2398/1627
f 1629/2400/1629 1631/4938/1631 1630/2401/1630
f 1631/2403/1631 1633/4939/1633 1632/2404/1632
f 1633/2406/1633 1635/4940/1635 1634/2407/1634
f 1635/2409/1635 1637/4941/1637 1636/2410/1636
f 1637/2412/1637 1626/4942/1626 1628/2413/1628
f 1630/2415/1630 1632/4943/1632 1634/2416/1634
f 1638/2418/1638 1641/4944/1641 1639/2419/1639
f 1641/2421/1641 1643/4945/1643 1642/2422/1642
f 1643/2424/1643 1645/4946/1645 1644/2425/1644
f 1645/2427/1645 1647/4947/1647 1646/2428/1646
f 1647/2430/1647 1649/4948/1649 1648/2431/1648
f 1649/2433/1649 1638/4949/1638 1640/2434/1640
f 1640/2436/1640 1639/4950/1639 1642/2437/1642
f 1616/2394/1616 1620/2396/1620 1622/2439/1622
f 1627/2441/1627 1630/2415/1630 1636/2417/1636
f 1648/2443/1648 1640/2436/1640 1644/2438/1644
f 1650/2445/1650 1654/4951/1654 1651/2446/1651
f 1653/2448/1653 1656/4952/1656 1654/2449/1654
f 1655/2451/1655 1658/4953/1658 1656/2452/1656
f 1657/2454/1657 1660/4954/1660 1658/2455/1658
f 1659/2457/1659 1661/4955/1661 1660/2458/1660
f 1652/2460/1652 1651/4956/1651 1661/2461/1661
f 1655/2463/1655 1653/4957/1653 1650/2464/1650
f 1662/2466/1662 1666/4958/1666 1663/2467/1663
f 1665/2469/1665 1668/4959/1668 1666/2470/1666
f 1667/2472/1667 1670/4960/1670 1668/2473/1668
f 1669/2475/1669 1672/4961/1672 1670/2476/1670
f 1671/2478/1671 1673/4962/1673 1672/2479/1672
f 1664/2481/1664 1663/4963/1663 1673/2482/1673
f 1669/2484/1669 1667/4964/1667 1665/2485/1665
f 1674/2487/1674 1678/4965/1678 1675/2488/1675
f 1677/2490/1677 1680/4966/1680 1678/2491/1678
f 1679/2493/1679 1682/4967/1682 1680/2494/1680
f 1681/2496/1681 1684/4968/1684 1682/2497/1682
f 1683/2499/1683 1685/4969/1685 1684/2500/1684
f 1676/2502/1676 1675/4970/1675 1685/2503/1685
f 1676/2505/1676 1679/4971/1679 1677/2506/1677
f 1657/2508/1657 1655/2463/1655 1652/2465/1652
f 1664/2510/1664 1671/2486/1671 1665/2485/1665
f 1681/2512/1681 1679/4971/1679 1676/2505/1676
f 1686/2514/1686 1725/2554/1725 1687/2515/1687
f 1687/2515/1687 1735/2567/1735 1689/2517/1689
f 1690/2518/1690 1723/2551/1723 1691/2519/1691
f 1693/2521/1693 1743/2577/1743 1694/2522/1694
f 1696/2524/1696 1707/2535/1707 1697/2525/1697
f 1699/2527/1699 1730/2560/1730 1700/2528/1700
f 1694/2522/1694 1743/2577/1743 1702/2530/1702
f 1704/2532/1704 1737/2570/1737 1690/2518/1690
f 1689/2517/1689 1759/2600/1759 1705/2533/1705
f 1705/2533/1705 1746/2582/1746 1686/2514/1686
f 1706/2534/1706 1754/2592/1754 1697/2525/1697
f 1708/2536/1708 1757/2597/1757 1709/2537/1709
f 1711/2539/1711 1768/2617/1768 1712/2540/1712
f 1696/2524/1696 1698/2526/1698 1693/2521/1693
f 1714/2542/1714 1770/2622/1770 1715/2543/1715
f 1700/2528/1700 1754/2592/1754 1706/2534/1706
f 1717/2545/1717 1770/2622/1770 1714/2542/1714
f 1719/2547/1719 1748/2585/1748 1708/2536/1708
f 1720/2548/1720 1724/2609/1724 1721/2549/1721
f 1723/2551/1723 1726/4972/1726 1721/2552/1721
f 1725/2554/1725 1722/2616/1722 1721/2555/1721
f 1727/2557/1727 1731/2618/1731 1728/2558/1728
f 1730/2560/1730 1732/2613/1732 1728/2561/1728
f 1729/2563/1729 1728/4973/1728 1732/2564/1732
f 1715/2543/1715 1736/2623/1736 1733/2565/1733
f 1735/2567/1735 1738/2621/1738 1733/2568/1733
f 1737/2570/1737 1734/4974/1734 1733/2571/1733
f 1716/2544/1716 1742/2620/1742 1739/2573/1739
f 1741/2575/1741 1739/4975/1739 1742/2576/1742
f 1743/2577/1743 1740/2626/1740 1739/2578/1739
f 1712/2540/1712 1747/2633/1747 1744/2580/1744
f 1746/2582/1746 1749/2629/1749 1744/2583/1744
f 1748/2585/1748 1745/4976/1745 1744/2586/1744
f 1713/2541/1713 1753/2627/1753 1750/2588/1750
f 1752/2590/1752 1750/4977/1750 1753/2591/1753
f 1754/2592/1754 1751/2634/1751 1750/2593/1750
f 1717/2545/1717 1758/2635/1758 1755/2595/1755
f 1757/2597/1757 1760/4978/1760 1755/2598/1755
f 1759/2600/1759 1756/2637/1756 1755/2601/1755
f 1718/2546/1718 1763/2638/1763 1761/2603/1761
f 1698/2526/1698 1764/2636/1764 1761/2605/1761
f 1762/2607/1762 1761/4979/1761 1764/2608/1764
f 1723/2551/1723 1724/2553/1724 1729/2563/1729
f 1724/2609/1724 1720/2548/1720 1727/2557/1727
f 1687/2515/1687 1725/2554/1725 1726/2556/1726
f 1765/2611/1765 1726/4972/1726 1723/2551/1723
f 1691/2519/1691 1732/2564/1732 1766/2612/1766
f 1732/2613/1732 1730/2560/1730 1702/2530/1702
f 1725/2554/1725 1686/2514/1686 1767/2615/1767
f 1722/2550/1722 1767/4980/1767 1768/2617/1768
f 1711/2539/1711 1769/4981/1769 1731/2618/1731
f 1769/2619/1769 1700/2528/1700 1730/2560/1730
f 1716/2544/1716 1715/2543/1715 1734/2566/1734
f 1742/2576/1742 1734/4974/1734 1737/2570/1737
f 1737/2570/1737 1738/2572/1738 1765/2611/1765
f 1738/2621/1738 1735/2567/1735 1687/2515/1687
f 1702/2530/1702 1743/2577/1743 1741/2579/1741
f 1766/2612/1766 1741/2575/1741 1704/2532/1704
f 1770/2622/1770 1771/4982/1771 1736/2623/1736
f 1771/2624/1771 1689/2517/1689 1735/2567/1735
f 1743/2577/1743 1693/2521/1693 1772/2625/1772
f 1740/2574/1740 1772/4983/1772 1714/2542/1714
f 1713/2541/1713 1712/2540/1712 1745/2581/1745
f 1753/2591/1753 1745/4976/1745 1748/2585/1748
f 1748/2585/1748 1749/2587/1749 1773/2628/1773
f 1749/2629/1749 1746/2582/1746 1705/2533/1705
f 1697/2525/1697 1754/2592/1754 1752/2594/1752
f 1774/2632/1774 1752/2590/1752 1719/2547/1719
f 1768/2617/1768 1767/4980/1767 1747/2633/1747
f 1767/2615/1767 1686/2514/1686 1746/2582/1746
f 1754/2592/1754 1700/2528/1700 1769/2619/1769
f 1751/2589/1751 1769/4981/1769 1711/2539/1711
f 1757/2597/1757 1758/2599/1758 1762/2607/1762
f 1758/2635/1758 1717/2545/1717 1718/2546/1718
f 1705/2533/1705 1759/2600/1759 1760/2602/1760
f 1773/2628/1773 1760/4978/1760 1757/2597/1757
f 1709/2537/1709 1764/2608/1764 1774/2632/1774
f 1764/2636/1764 1698/2526/1698 1697/2525/1697
f 1759/2600/1759 1689/2517/1689 1771/2624/1771
f 1756/2596/1756 1771/4982/1771 1770/2622/1770
f 1714/2542/1714 1772/4983/1772 1763/2638/1763
f 1772/2625/1772 1693/2521/1693 1698/2526/1698
f 1720/2548/1720 1768/2617/1768 1711/2539/1711
f 1702/2530/1702 1730/2560/1730 1699/2527/1699
f 1775/2639/1775 1791/2722/1791 1776/2640/1776
f 1783/2648/1783 1799/2729/1799 1784/2649/1784
f 1775/2660/1775 1825/2708/1825 1795/2661/1795
f 1796/2663/1796 1812/4984/1812 1797/2664/1797
f 1780/2666/1780 1779/2703/1779 1794/2667/1794
f 1782/2675/1782 1817/2709/1817 1803/2676/1803
f 1801/2678/1801 1787/4985/1787 1804/2679/1804
f 1810/2687/1810 1828/4986/1828 1789/2654/1789
f 1811/2688/1811 1830/2730/1830 1777/2647/1777
f 1814/2692/1814 1806/4987/1806 1815/2693/1815
f 1791/2656/1791 1775/2660/1775 1799/2671/1799
f 1818/2696/1818 1816/2716/1816 1815/2697/1815
f 1820/2699/1820 1813/2702/1813 1821/2700/1821
f 1813/2702/1813 1780/2666/1780 1793/2668/1793
f 1779/2703/1779 1809/2705/1809 1823/2704/1823
f 1809/2705/1809 1812/4984/1812 1796/2663/1796
f 1804/2679/1804 1798/2707/1798 1824/2706/1824
f 1798/2707/1798 1795/2661/1795 1825/2708/1825
f 1817/2709/1817 1788/2711/1788 1826/2710/1826
f 1788/2711/1788 1787/4985/1787 1801/2678/1801
f 1820/2699/1820 1822/2701/1822 1791/2656/1791
f 1778/2642/1778 1820/2719/1820 1790/2712/1790
f 1812/2690/1812 1778/2642/1778 1827/2713/1827
f 1807/2683/1807 1797/2685/1797 1819/2717/1819
f 1811/2688/1811 1776/2689/1776 1797/2685/1797
f 1827/2713/1827 1818/2696/1818 1819/2698/1819
f 1790/2712/1790 1789/2726/1789 1818/2696/1818
f 1784/2649/1784 1795/2669/1795 1786/2651/1786
f 1785/2650/1785 1786/2651/1786 1817/2695/1817
f 1805/2681/1805 1829/2718/1829 1815/2725/1815
f 1781/2645/1781 1777/2647/1777 1830/2730/1830
f 1781/2731/1781 1783/2648/1783 1785/2650/1785
f 1806/2732/1806 1814/2733/1814 1783/2648/1783
f 1810/2734/1810 1814/2692/1814 1816/2694/1816
f 1831/2743/1831 1846/2826/1846 1832/2744/1832
f 1839/2752/1839 1886/2832/1886 1840/2753/1840
f 1851/2764/1851 1880/2812/1880 1832/2765/1832
f 1852/2767/1852 1868/4988/1868 1853/2768/1853
f 1849/2770/1849 1836/2809/1836 1835/2771/1835
f 1858/2779/1858 1873/2815/1873 1838/2780/1838
f 1859/2782/1859 1844/4989/1844 1857/2783/1857
f 1845/2758/1845 1883/4990/1883 1865/2791/1865
f 1831/2792/1831 1833/2750/1833 1866/2793/1866
f 1870/2797/1870 1860/4991/1860 1871/2798/1871
f 1841/2775/1841 1832/2765/1832 1846/2759/1846
f 1874/2801/1874 1884/2829/1884 1870/2802/1870
f 1875/2804/1875 1869/2807/1869 1876/2805/1876
f 1850/2772/1850 1835/2771/1835 1869/2807/1869
f 1878/2808/1878 1864/2810/1864 1836/2809/1836
f 1853/2768/1853 1868/4988/1868 1864/2810/1864
f 1879/2811/1879 1854/2813/1854 1859/2782/1859
f 1880/2812/1880 1851/2764/1851 1854/2813/1854
f 1881/2814/1881 1843/2816/1843 1873/2815/1873
f 1857/2783/1857 1844/4989/1844 1843/2816/1843
f 1846/2759/1846 1877/2806/1877 1876/2805/1876
f 1847/2817/1847 1876/2823/1876 1834/2746/1834
f 1882/2818/1882 1834/2746/1834 1868/2795/1868
f 1884/2821/1884 1852/2788/1852 1862/2787/1862
f 1852/2788/1852 1831/2792/1831 1867/2794/1867
f 1882/2818/1882 1852/2819/1852 1884/2829/1884
f 1847/2817/1847 1882/2818/1882 1874/2801/1874
f 1842/2755/1842 1851/2774/1851 1840/2753/1840
f 1873/2800/1873 1842/2755/1842 1886/2832/1886
f 1861/2786/1861 1860/2785/1860 1870/2831/1870
f 1866/2793/1866 1833/2750/1833 1837/2749/1837
f 1837/2835/1837 1838/2833/1838 1886/2832/1886
f 1860/2836/1860 1837/2835/1837 1839/2752/1839
f 1872/2799/1872 1871/2798/1871 1865/2838/1865
f 1887/2847/1887 1890/2850/1890 1888/2848/1888
f 1890/2850/1890 1913/4992/1913 1891/2851/1891
f 1891/2851/1891 1913/4992/1913 1892/2852/1892
f 1892/2852/1892 1895/2855/1895 1894/2854/1894
f 1895/2855/1895 1897/2857/1897 1896/2856/1896
f 1897/2857/1897 1899/2859/1899 1898/2858/1898
f 1899/2859/1899 1901/2861/1901 1900/2860/1900
f 1901/2861/1901 1924/4993/1924 1902/2862/1902
f 1902/2862/1902 1924/4993/1924 1903/2863/1903
f 1903/2865/1903 1906/2868/1906 1905/2866/1905
f 1906/2868/1906 1908/2870/1908 1907/2869/1907
f 1908/2870/1908 1887/2847/1887 1889/2849/1889
f 1912/2874/1912 1915/2878/1915 1913/2875/1913
f 1914/2877/1914 1892/2880/1892 1913/2875/1913
f 1914/2877/1914 1916/2881/1916 1895/2879/1895
f 1916/2881/1916 1920/2886/1920 1897/2882/1897
f 1917/2883/1917 1911/2973/1911 1918/2884/1918
f 1923/2889/1923 1961/2953/1961 1903/2890/1903
f 1925/2892/1925 1887/2971/1887 1908/2893/1908
f 1927/2895/1927 1955/4994/1955 1928/2896/1928
f 1930/2898/1930 1926/2968/1926 1908/2899/1908
f 1931/2901/1931 1956/4995/1956 1932/2902/1932
f 1935/2906/1935 3694/4996/3694 1936/2907/1936
f 1938/2909/1938 1944/2954/1944 1939/2910/1939
f 1934/2905/1934 1911/2873/1911 1941/2912/1941
f 1940/2914/1940 1962/4997/1962 1942/2915/1942
f 1941/2912/1941 1962/4997/1962 1940/2914/1940
f 1938/2917/1938 1953/2947/1953 1943/2918/1943
f 1917/2883/1917 1945/2920/1945 1943/2922/1943
f 1943/2918/1943 1946/2950/1946 1947/2924/1947
f 1936/2925/1936 3694/4998/3694 1948/2926/1948
f 1937/2928/1937 1957/2945/1957 1950/2929/1950
f 1936/2925/1936 1949/2927/1949 1931/2931/1931
f 1951/2933/1951 1952/2934/1952 1937/2908/1937
f 1951/2933/1951 1927/2895/1927 1929/2897/1929
f 1928/2916/1928 1942/2915/1942 1932/2935/1932
f 1932/2935/1932 1956/2944/1956 1952/2937/1952
f 1951/2932/1951 1931/2931/1931 1933/2938/1933
f 1953/2940/1953 1962/2958/1962 1941/2923/1941
f 1954/2941/1954 1933/2903/1933 1932/2902/1932
f 1933/2938/1933 1954/2946/1954 1955/2943/1955
f 1937/2928/1937 1952/2937/1952 1956/2944/1956
f 1938/2917/1938 1955/2943/1955 1954/2946/1954
f 1930/2898/1930 1906/2900/1906 1903/2890/1903
f 1947/2952/1947 1934/2904/1934 1939/2910/1939
f 1957/2955/1957 1949/2974/1949 1948/2956/1948
f 1962/2958/1962 1953/2940/1953 1954/2941/1954
f 1928/2896/1928 1955/4994/1955 1938/2909/1938
f 1923/2889/1923 1924/2891/1924 1901/2959/1901
f 1963/2961/1963 1901/4999/1901 1899/2962/1899
f 1915/2878/1915 1922/2888/1922 1960/2951/1960
f 1916/2881/1916 1914/2877/1914 1960/2951/1960
f 1923/2889/1923 1963/2960/1963 1958/2965/1958
f 1961/2953/1961 1923/2889/1923 1965/2966/1965
f 1961/2953/1961 1919/2885/1919 1918/2884/1918
f 1930/2898/1930 1918/2884/1918 1910/2967/1910
f 1963/2961/1963 1964/2963/1964 1959/2949/1959
f 1926/2894/1926 1910/2872/1910 1909/2871/1909
f 1925/2892/1925 1912/2964/1912 1890/2970/1890
f 1897/2972/1897 1920/2969/1920 1964/2963/1964
f 1957/2955/1957 1956/4995/1956 1931/2901/1931
f 1945/2920/1945 1919/2885/1919 1965/2966/1965
f 1966/2975/1966 1990/3114/1990 1967/2976/1967
f 1972/2981/1972 2057/3118/2057 1973/2982/1973
f 1975/2984/1975 1986/2997/1986 1976/2985/1976
f 1968/2977/1968 1967/2976/1967 1978/2988/1978
f 1983/2993/1983 2060/3126/2060 1969/2994/1969
f 1978/2988/1978 1995/3008/1995 1985/2996/1985
f 1987/2998/1987 2024/3120/2024 1980/2999/1980
f 1978/2988/1978 1967/2976/1967 1994/3007/1994
f 1999/3012/1999 2045/3106/2045 2000/3013/2000
f 1991/3004/1991 1993/3006/1993 2002/3015/2002
f 2011/3024/2011 2015/3122/2015 2012/3025/2012
f 1999/3012/1999 2001/3014/2001 2002/3015/2002
f 2013/3026/2013 2033/3064/2033 2020/3034/2020
f 2021/3035/2021 2034/3065/2034 2022/3036/2022
f 1979/2989/1979 1978/2988/1978 1986/2997/1986
f 2023/3041/2023 2017/3031/2017 2027/3042/2027
f 2010/3044/2010 2052/3108/2052 1988/3000/1988
f 2011/3029/2011 2020/3063/2020 2028/3045/2028
f 2027/3046/2027 2006/3019/2006 2029/3047/2029
f 1992/3005/1992 2009/3022/2009 2030/3049/2030
f 1992/3005/1992 1991/3004/1991 2016/3050/2016
f 1991/3004/1991 2003/3016/2003 2026/3052/2026
f 2026/3052/2026 2003/3016/2003 2031/3053/2031
f 2031/3053/2031 2051/3107/2051 1982/3055/1982
f 1982/3055/1982 2051/3107/2051 2004/3017/2004
f 2017/3056/2017 2004/3017/2004 2006/3019/2006
f 1971/3057/1971 1986/5000/1986 1985/3058/1985
f 2028/3051/2028 1971/3057/1971 2009/3022/2009
f 1989/3048/1989 2029/3047/2029 1994/3059/1994
f 2020/3063/2020 1984/3129/1984 1971/2980/1971
f 1989/3001/1989 1974/3131/1974 2021/3043/2021
f 2033/3064/2033 1983/2993/1983 1984/2995/1984
f 1974/2983/1974 1973/2982/1973 2034/3065/2034
f 1993/3006/1993 2030/3049/2030 2014/3027/2014
f 2045/3076/2045 2043/3080/2043 2044/3077/2044
f 1999/3079/1999 1998/3085/1998 2043/3080/2043
f 2047/3081/2047 2040/3094/2040 2041/3082/2041
f 2014/3084/2014 1996/3100/1996 1998/3085/1998
f 2048/3083/2048 2041/3082/2041 2042/3086/2042
f 2008/3088/2008 2037/3097/2037 2038/3089/2038
f 2049/3091/2049 2035/5001/2035 2036/3092/2036
f 2046/3078/2046 2044/3077/2044 2040/3094/2040
f 2050/3093/2050 2036/3092/2036 2039/3095/2039
f 2007/3096/2007 2039/3095/2039 2037/3097/2037
f 2032/3087/2032 2042/3086/2042 2035/3098/2035
f 2030/3090/2030 2038/3089/2038 1996/3100/1996
f 2045/3106/2045 2046/3105/2046 2005/3018/2005
f 2006/3019/2006 2005/3018/2005 2046/3105/2046
f 2003/3016/2003 2002/3015/2002 2001/3014/2001
f 2001/3014/2001 2000/3013/2000 2051/3107/2051
f 2000/3013/2000 2005/3018/2005 2004/3017/2004
f 2052/3108/2052 2010/3044/2010 2019/3109/2019
f 2053/3111/2053 2019/5002/2019 2018/3112/2018
f 1990/3114/1990 1966/2975/1966 2055/3115/2055
f 2056/3117/2056 2055/5003/2055 2057/3118/2057
f 1987/2998/1987 2058/5004/2058 2025/3119/2025
f 2058/3121/2058 2012/3025/2012 2015/3122/2015
f 1976/2985/1976 1970/5005/1970 2059/3124/2059
f 1970/3125/1970 1969/2994/1969 2060/3126/2060
f 2023/3037/2023 2022/3036/2022 2054/3113/2054
f 2061/3133/2061 2076/3148/2076 2062/3134/2062
f 2062/3134/2062 2076/3148/2076 2064/3136/2064
f 2064/3136/2064 2075/3147/2075 2066/3138/2066
f 2066/3138/2066 2075/3147/2075 2067/3139/2067
f 2068/3140/2068 2067/3139/2067 2069/3141/2069
f 2069/3141/2069 3695/5006/3695 2071/3143/2071
f 2072/3144/2072 3695/5006/3695 2069/3141/2069
f 2071/3143/2071 3695/5006/3695 2073/3145/2073
f 2073/3145/2073 2061/3133/2061 2063/3135/2063
f 2072/3144/2072 2067/3139/2067 2075/3147/2075
f 2073/3145/2073 3695/5006/3695 2072/3144/2072
f 2076/3148/2076 2061/3133/2061 2072/3144/2072
f 2077/3149/2077 2080/3152/2080 2078/3150/2078
f 2080/3152/2080 2083/3155/2083 2081/3153/2081
f 2082/3154/2082 2085/3157/2085 2081/3153/2081
f 2084/3156/2084 2087/3159/2087 2085/3157/2085
f 2084/3156/2084 2088/3160/2088 2086/3158/2086
f 2088/3160/2088 2092/3164/2092 2089/3161/2089
f 2090/3162/2090 2087/3159/2087 2086/3158/2086
f 2091/3163/2091 2093/3165/2093 2089/3161/2089
f 2077/3149/2077 2079/3151/2079 2093/3165/2093
f 2085/3157/2085 2087/3159/2087 2090/3162/2090
f 2090/3162/2090 2089/3161/2089 2093/3165/2093
f 2078/3150/2078 2081/3153/2081 2090/3162/2090
f 2094/3166/2094 2097/3169/2097 2095/3167/2095
f 2097/3169/2097 2100/3172/2100 2098/3170/2098
f 2099/3171/2099 2102/3174/2102 2098/3170/2098
f 2101/3173/2101 2104/3176/2104 2102/3174/2102
f 2101/3173/2101 2106/3178/2106 2103/3175/2103
f 2105/3177/2105 2108/3180/2108 2103/3175/2103
f 2107/3179/2107 2104/3176/2104 2103/3175/2103
f 2105/3177/2105 2110/3182/2110 2109/3181/2109
f 2094/3166/2094 2096/3168/2096 2109/3181/2109
f 2102/3174/2102 2104/3176/2104 2107/3179/2107
f 2107/3179/2107 2108/3180/2108 2109/3181/2109
f 2095/3167/2095 2098/3170/2098 2107/3179/2107
f 2111/3183/2111 2127/3199/2127 2112/3184/2112
f 2113/3185/2113 2112/3184/2112 2114/3186/2114
f 2114/3186/2114 2117/3189/2117 2116/3188/2116
f 2117/3189/2117 2119/3191/2119 2118/3190/2118
f 2119/3191/2119 2124/3196/2124 2120/3192/2120
f 2120/3192/2120 2124/3196/2124 2121/3193/2121
f 2123/3195/2123 2121/3193/2121 2124/3196/2124
f 2121/3193/2121 2126/3198/2126 2125/3197/2125
f 2126/3198/2126 2127/3199/2127 2111/3183/2111
f 2123/3195/2123 2119/3191/2119 2117/3189/2117
f 2126/3198/2126 2121/3193/2121 2123/3195/2123
f 2112/3184/2112 2127/3199/2127 2123/3195/2123
f 2128/3200/2128 2131/3203/2131 2129/3201/2129
f 2131/3203/2131 2133/3205/2133 2132/3204/2132
f 2133/3205/2133 2135/3207/2135 2134/3206/2134
f 2135/3207/2135 2142/3214/2142 2136/3208/2136
f 2136/3208/2136 2142/3214/2142 2137/3209/2137
f 2138/3210/2138 2137/3209/2137 2139/3211/2139
f 2141/3213/2141 2139/3211/2139 2137/3209/2137
f 2140/3212/2140 2139/3211/2139 2143/3215/2143
f 2143/3215/2143 2128/3200/2128 2130/3202/2130
f 2141/3213/2141 2142/3214/2142 2135/3207/2135
f 2143/3215/2143 2139/3211/2139 2141/3213/2141
f 2131/3203/2131 2128/3200/2128 2141/3213/2141
f 2145/3217/2145 2161/3233/2161 2146/3218/2146
f 2146/3218/2146 2160/3232/2160 2148/3220/2148
f 2148/3220/2148 2160/3232/2160 2149/3221/2149
f 2150/3222/2150 2149/3221/2149 2151/3223/2151
f 2152/3224/2152 2151/3223/2151 2153/3225/2153
f 2153/3225/2153 2157/3229/2157 2155/3227/2155
f 2156/3228/2156 2157/3229/2157 2153/3225/2153
f 2157/3229/2157 2159/3231/2159 2158/3230/2158
f 2159/3231/2159 2161/3233/2161 2145/3217/2145
f 2156/3228/2156 2151/3223/2151 2149/3221/2149
f 2159/3231/2159 2157/3229/2157 2156/3228/2156
f 2146/3218/2146 2161/3233/2161 2156/3228/2156
f 2162/3234/2162 2165/3237/2165 2163/3235/2163
f 2165/3237/2165 2178/3250/2178 2166/3238/2166
f 2166/3238/2166 2178/3250/2178 2167/3239/2167
f 2168/3240/2168 2167/3239/2167 2169/3241/2169
f 2170/3242/2170 2169/3241/2169 2171/3243/2171
f 2172/3244/2172 2171/3243/2171 2173/3245/2173
f 2175/3247/2175 2173/3245/2173 2171/3243/2171
f 2174/3246/2174 2173/3245/2173 2176/3248/2176
f 2176/3248/2176 2162/3234/2162 2164/3236/2164
f 2175/3247/2175 2169/3241/2169 2167/3239/2167
f 2176/3248/2176 2173/3245/2173 2175/3247/2175
f 2165/3237/2165 2162/3234/2162 2175/3247/2175
f 2179/3251/2179 2194/3266/2194 2180/3252/2180
f 2181/3253/2181 2180/3252/2180 2182/3254/2182
f 2183/3255/2183 2182/3254/2182 2184/3256/2184
f 2185/3257/2185 2184/3256/2184 2186/3258/2186
f 2187/3259/2187 2186/3258/2186 2188/3260/2188
f 2188/3260/2188 2192/3264/2192 2190/3262/2190
f 2191/3263/2191 2192/3264/2192 2188/3260/2188
f 2192/3264/2192 2195/3267/2195 2193/3265/2193
f 2193/3265/2193 2195/3267/2195 2194/3266/2194
f 2191/3263/2191 2186/3258/2186 2184/3256/2184
f 2195/3267/2195 2192/3264/2192 2191/3263/2191
f 2180/3252/2180 2194/3266/2194 2191/3263/2191
f 2196/3268/2196 2212/3284/2212 2197/3269/2197
f 2198/3270/2198 2197/3269/2197 2199/3271/2199
f 2199/3271/2199 2211/3283/2211 2201/3273/2201
f 2201/3273/2201 2211/3283/2211 2202/3274/2202
f 2203/3275/2203 2202/3274/2202 2204/3276/2204
f 2205/3277/2205 2204/3276/2204 2206/3278/2206
f 2208/3280/2208 2206/3278/2206 2204/3276/2204
f 2206/3278/2206 2210/3282/2210 2209/3281/2209
f 2210/3282/2210 2212/3284/2212 2196/3268/2196
f 2208/3280/2208 2202/3274/2202 2211/3283/2211
f 2210/3282/2210 2206/3278/2206 2208/3280/2208
f 2197/3269/2197 2212/3284/2212 2208/3280/2208
f 2213/3285/2213 2229/3301/2229 2214/3286/2214
f 2215/3287/2215 2214/3286/2214 2216/3288/2216
f 2216/3288/2216 2228/3300/2228 2218/3290/2218
f 2218/3290/2218 2228/3300/2228 2219/3291/2219
f 2220/3292/2220 2219/3291/2219 2221/3293/2221
f 2222/3294/2222 2221/3293/2221 2223/3295/2223
f 2225/3297/2225 2223/3295/2223 2221/3293/2221
f 2224/3296/2224 2223/3295/2223 2226/3298/2226
f 2226/3298/2226 2229/3301/2229 2213/3285/2213
f 2225/3297/2225 2219/3291/2219 2228/3300/2228
f 2226/3298/2226 2223/3295/2223 2225/3297/2225
f 2214/3286/2214 2229/3301/2229 2225/3297/2225
f 2230/3302/2230 2233/3305/2233 2231/3303/2231
f 2233/3305/2233 2235/3307/2235 2234/3306/2234
f 2235/3307/2235 2246/3318/2246 2236/3308/2236
f 2236/3308/2236 2246/3318/2246 2237/3309/2237
f 2238/3310/2238 2237/3309/2237 2239/3311/2239
f 2240/3312/2240 2239/3311/2239 2241/3313/2241
f 2243/3315/2243 2241/3313/2241 2239/3311/2239
f 2242/3314/2242 2241/3313/2241 2244/3316/2244
f 2245/3317/2245 2244/3316/2244 2230/3302/2230
f 2243/3315/2243 2237/3309/2237 2246/3318/2246
f 2244/3316/2244 2241/3313/2241 2243/3315/2243
f 2233/3305/2233 2230/3302/2230 2243/3315/2243
f 2247/3319/2247 2262/3334/2262 2248/3320/2248
f 2248/3320/2248 2261/3333/2261 2250/3322/2250
f 2250/3322/2250 2261/3333/2261 2251/3323/2251
f 2251/3323/2251 2258/3330/2258 2253/3325/2253
f 2253/3325/2253 2258/3330/2258 2254/3326/2254
f 2254/3326/2254 3696/5007/3696 2256/3328/2256
f 2257/3329/2257 3696/5007/3696 2254/3326/2254
f 2256/3328/2256 3696/5007/3696 2259/3331/2259
f 2259/3331/2259 2262/3334/2262 2247/3319/2247
f 2257/3329/2257 2258/3330/2258 2251/3323/2251
f 2259/3331/2259 3696/5007/3696 2257/3329/2257
f 2248/3320/2248 2262/3334/2262 2257/3329/2257
f 2263/3335/2263 2279/3351/2279 2264/3336/2264
f 2264/3336/2264 2279/3351/2279 2266/3338/2266
f 2267/3339/2267 2266/3338/2266 2268/3340/2268
f 2269/3341/2269 2268/3340/2268 2270/3342/2270
f 2271/3343/2271 2270/3342/2270 2272/3344/2272
f 2272/3344/2272 2276/3348/2276 2274/3346/2274
f 2275/3347/2275 2276/3348/2276 2272/3344/2272
f 2276/3348/2276 2278/3350/2278 2277/3349/2277
f 2277/3349/2277 2278/3350/2278 2263/3335/2263
f 2275/3347/2275 2270/3342/2270 2268/3340/2268
f 2278/3350/2278 2276/3348/2276 2275/3347/2275
f 2279/3351/2279 2263/3335/2263 2275/3347/2275
f 2280/3352/2280 2283/3355/2283 2281/3353/2281
f 2283/3355/2283 2285/3357/2285 2284/3356/2284
f 2285/3357/2285 2287/3359/2287 2286/3358/2286
f 2287/3359/2287 2289/3361/2289 2288/3360/2288
f 2289/3361/2289 2294/3366/2294 2290/3362/2290
f 2290/3362/2290 2294/3366/2294 2291/3363/2291
f 2293/3365/2293 2291/3363/2291 2294/3366/2294
f 2292/3364/2292 2291/3363/2291 2295/3367/2295
f 2296/3368/2296 2295/3367/2295 2280/3352/2280
f 2293/3365/2293 2289/3361/2289 2287/3359/2287
f 2295/3367/2295 2291/3363/2291 2293/3365/2293
f 2283/3355/2283 2280/3352/2280 2293/3365/2293
f 2297/3369/2297 2312/3384/2312 2298/3370/2298
f 2298/3370/2298 2311/3383/2311 2300/3372/2300
f 2300/3372/2300 2311/3383/2311 2301/3373/2301
f 2301/3373/2301 2308/3380/2308 2303/3375/2303
f 2303/3375/2303 2308/3380/2308 2304/3376/2304
f 2304/3376/2304 3697/5008/3697 2306/3378/2306
f 2307/3379/2307 3697/5008/3697 2304/3376/2304
f 2306/3378/2306 3697/5008/3697 2309/3381/2309
f 2309/3381/2309 2312/3384/2312 2297/3369/2297
f 2307/3379/2307 2308/3380/2308 2301/3373/2301
f 2309/3381/2309 3697/5008/3697 2307/3379/2307
f 2298/3370/2298 2312/3384/2312 2307/3379/2307
f 2313/3385/2313 2316/3388/2316 2314/3386/2314
f 2316/3388/2316 2318/3390/2318 2317/3389/2317
f 2318/3390/2318 2320/3392/2320 2319/3391/2319
f 2320/3392/2320 2327/3399/2327 2321/3393/2321
f 2321/3393/2321 2327/3399/2327 2322/3394/2322
f 2323/3395/2323 2322/3394/2322 2324/3396/2324
f 2326/3398/2326 2324/3396/2324 2322/3394/2322
f 2324/3396/2324 2329/3401/2329 2328/3400/2328
f 2328/3400/2328 2329/3401/2329 2313/3385/2313
f 2326/3398/2326 2327/3399/2327 2320/3392/2320
f 2329/3401/2329 2324/3396/2324 2326/3398/2326
f 2316/3388/2316 2313/3385/2313 2326/3398/2326
f 2330/3402/2330 2346/3418/2346 2331/3403/2331
f 2331/3403/2331 2346/3418/2346 2333/3405/2333
f 2333/3405/2333 2336/3408/2336 2335/3407/2335
f 2336/3408/2336 2343/3415/2343 2337/3409/2337
f 2337/3409/2337 2343/3415/2343 2338/3410/2338
f 2339/3411/2339 2338/3410/2338 2340/3412/2340
f 2342/3414/2342 2340/3412/2340 2338/3410/2338
f 2340/3412/2340 2345/3417/2345 2344/3416/2344
f 2344/3416/2344 2345/3417/2345 2330/3402/2330
f 2342/3414/2342 2343/3415/2343 2336/3408/2336
f 2345/3417/2345 2340/3412/2340 2342/3414/2342
f 2346/3418/2346 2330/3402/2330 2342/3414/2342
f 2347/3419/2347 2363/3435/2363 2348/3420/2348
f 2348/3420/2348 2363/3435/2363 2350/3422/2350
f 2350/3422/2350 2353/3425/2353 2352/3424/2352
f 2353/3425/2353 2360/3432/2360 2354/3426/2354
f 2354/3426/2354 2360/3432/2360 2355/3427/2355
f 2356/3428/2356 2355/3427/2355 2357/3429/2357
f 2359/3431/2359 2357/3429/2357 2355/3427/2355
f 2357/3429/2357 2362/3434/2362 2361/3433/2361
f 2361/3433/2361 2362/3434/2362 2347/3419/2347
f 2359/3431/2359 2360/3432/2360 2353/3425/2353
f 2362/3434/2362 2357/3429/2357 2359/3431/2359
f 2363/3435/2363 2347/3419/2347 2359/3431/2359
f 2364/3436/2364 2367/3439/2367 2365/3437/2365
f 2367/3439/2367 2380/3452/2380 2368/3440/2368
f 2368/3440/2368 2380/3452/2380 2369/3441/2369
f 2370/3442/2370 2369/3441/2369 2371/3443/2371
f 2371/3443/2371 2377/3449/2377 2373/3445/2373
f 2373/3445/2373 2377/3449/2377 2374/3446/2374
f 2376/3448/2376 2374/3446/2374 2377/3449/2377
f 2374/3446/2374 2379/3451/2379 2378/3450/2378
f 2379/3451/2379 2364/3436/2364 2366/3438/2366
f 2376/3448/2376 2371/3443/2371 2369/3441/2369
f 2379/3451/2379 2374/3446/2374 2376/3448/2376
f 2367/3439/2367 2364/3436/2364 2376/3448/2376
f 2381/3453/2381 2397/3469/2397 2382/3454/2382
f 2382/3454/2382 2397/3469/2397 2384/3456/2384
f 2384/3456/2384 2387/3459/2387 2386/3458/2386
f 2387/3459/2387 2394/3466/2394 2388/3460/2388
f 2388/3460/2388 2394/3466/2394 2389/3461/2389
f 2390/3462/2390 2389/3461/2389 2391/3463/2391
f 2393/3465/2393 2391/3463/2391 2389/3461/2389
f 2391/3463/2391 2396/3468/2396 2395/3467/2395
f 2395/3467/2395 2396/3468/2396 2381/3453/2381
f 2393/3465/2393 2394/3466/2394 2387/3459/2387
f 2396/3468/2396 2391/3463/2391 2393/3465/2393
f 2397/3469/2397 2381/3453/2381 2393/3465/2393
f 2398/3470/2398 2412/3484/2412 2399/3471/2399
f 2399/3471/2399 2413/3485/2413 2401/3473/2401
f 2401/3473/2401 2413/3485/2413 2402/3474/2402
f 2403/3475/2403 2402/3474/2402 2404/3476/2404
f 2404/3476/2404 2407/3479/2407 2406/3478/2406
f 2407/3479/2407 3698/5009/3698 2408/3480/2408
f 2409/3481/2409 3698/5009/3698 2407/3479/2407
f 2408/3480/2408 3698/5009/3698 2410/3482/2410
f 2411/3483/2411 2410/3482/2410 2412/3484/2412
f 2409/3481/2409 2404/3476/2404 2402/3474/2402
f 2410/3482/2410 3698/5009/3698 2409/3481/2409
f 2399/3471/2399 2412/3484/2412 2409/3481/2409
f 2414/3486/2414 2429/3501/2429 2415/3487/2415
f 2415/3487/2415 2428/3500/2428 2417/3489/2417
f 2417/3489/2417 2428/3500/2428 2418/3490/2418
f 2419/3491/2419 2418/3490/2418 2420/3492/2420
f 2420/3492/2420 2423/3495/2423 2422/3494/2422
f 2423/3495/2423 3699/5010/3699 2424/3496/2424
f 2425/3497/2425 3699/5010/3699 2423/3495/2423
f 2424/3496/2424 3699/5010/3699 2426/3498/2426
f 2426/3498/2426 2429/3501/2429 2414/3486/2414
f 2425/3497/2425 2420/3492/2420 2418/3490/2418
f 2426/3498/2426 3699/5010/3699 2425/3497/2425
f 2415/3487/2415 2429/3501/2429 2425/3497/2425
f 2430/3502/2430 2446/3518/2446 2431/3503/2431
f 2431/3503/2431 2446/3518/2446 2433/3505/2433
f 2434/3506/2434 2433/3505/2433 2435/3507/2435
f 2436/3508/2436 2435/3507/2435 2437/3509/2437
f 2437/3509/2437 2440/3512/2440 2439/3511/2439
f 2440/3512/2440 2443/3515/2443 2441/3513/2441
f 2442/3514/2442 2443/3515/2443 2440/3512/2440
f 2443/3515/2443 2445/3517/2445 2444/3516/2444
f 2444/3516/2444 2445/3517/2445 2430/3502/2430
f 2442/3514/2442 2437/3509/2437 2435/3507/2435
f 2445/3517/2445 2443/3515/2443 2442/3514/2442
f 2446/3518/2446 2430/3502/2430 2442/3514/2442
f 2447/3519/2447 2463/3535/2463 2448/3520/2448
f 2448/3520/2448 2463/3535/2463 2450/3522/2450
f 2451/3523/2451 2450/3522/2450 2452/3524/2452
f 2453/3525/2453 2452/3524/2452 2454/3526/2454
f 2454/3526/2454 2457/3529/2457 2456/3528/2456
f 2457/3529/2457 2460/3532/2460 2458/3530/2458
f 2459/3531/2459 2460/3532/2460 2457/3529/2457
f 2460/3532/2460 2462/3534/2462 2461/3533/2461
f 2461/3533/2461 2462/3534/2462 2447/3519/2447
f 2459/3531/2459 2454/3526/2454 2452/3524/2452
f 2462/3534/2462 2460/3532/2460 2459/3531/2459
f 2463/3535/2463 2447/3519/2447 2459/3531/2459
f 2464/3536/2464 2467/3539/2467 2465/3537/2465
f 2467/3539/2467 2469/3541/2469 2468/3540/2468
f 2469/3541/2469 2471/3543/2471 2470/3542/2470
f 2471/3543/2471 2478/3550/2478 2472/3544/2472
f 2472/3544/2472 2478/3550/2478 2473/3545/2473
f 2474/3546/2474 2473/3545/2473 2475/3547/2475
f 2477/3549/2477 2475/3547/2475 2473/3545/2473
f 2476/3548/2476 2475/3547/2475 2479/3551/2479
f 2480/3552/2480 2479/3551/2479 2464/3536/2464
f 2477/3549/2477 2478/3550/2478 2471/3543/2471
f 2479/3551/2479 2475/3547/2475 2477/3549/2477
f 2467/3539/2467 2464/3536/2464 2477/3549/2477
f 2481/3553/2481 2485/3557/2485 2482/3554/2482
f 2484/3556/2484 2487/3559/2487 2485/3557/2485
f 2486/3558/2486 2489/3561/2489 2487/3559/2487
f 2488/3560/2488 2491/3563/2491 2489/3561/2489
f 2490/3562/2490 2493/3565/2493 2491/3563/2491
f 2490/3562/2490 2496/3568/2496 2492/3564/2492
f 2494/3566/2494 2491/3563/2491 2493/3565/2493
f 2495/3567/2495 2497/3569/2497 2492/3564/2492
f 2483/3555/2483 2482/3554/2482 2497/3569/2497
f 2489/3561/2489 2491/3563/2491 2494/3566/2494
f 2494/3566/2494 2492/3564/2492 2497/3569/2497
f 2485/3557/2485 2487/3559/2487 2494/3566/2494
f 2498/3570/2498 2502/3574/2502 2499/3571/2499
f 2501/3573/2501 2504/3576/2504 2499/3571/2499
f 2501/3573/2501 2506/3578/2506 2503/3575/2503
f 2505/3577/2505 2508/3580/2508 2503/3575/2503
f 2507/3579/2507 2510/3582/2510 2508/3580/2508
f 2507/3579/2507 2513/3585/2513 2509/3581/2509
f 2511/3583/2511 2508/3580/2508 2510/3582/2510
f 2512/3584/2512 2514/3586/2514 2509/3581/2509
f 2498/3570/2498 2500/3572/2500 2514/3586/2514
f 2503/3575/2503 2508/3580/2508 2511/3583/2511
f 2511/3583/2511 2509/3581/2509 2514/3586/2514
f 2499/3571/2499 2504/3576/2504 2511/3583/2511
f 2515/3587/2515 2519/3591/2519 2516/3588/2516
f 2518/3590/2518 2521/3593/2521 2519/3591/2519
f 2518/3590/2518 2522/3594/2522 2520/3592/2520
f 2522/3594/2522 2525/3597/2525 2523/3595/2523
f 2524/3596/2524 2527/3599/2527 2523/3595/2523
f 2526/3598/2526 2529/3601/2529 2527/3599/2527
f 2528/3600/2528 2523/3595/2523 2527/3599/2527
f 2526/3598/2526 2531/3603/2531 2530/3602/2530
f 2531/3603/2531 2517/3589/2517 2516/3588/2516
f 2520/3592/2520 2523/3595/2523 2528/3600/2528
f 2528/3600/2528 2529/3601/2529 2530/3602/2530
f 2519/3591/2519 2521/3593/2521 2528/3600/2528
f 2532/3604/2532 2536/3608/2536 2533/3605/2533
f 2535/3607/2535 2538/3610/2538 2536/3608/2536
f 2535/3607/2535 2539/3611/2539 2537/3609/2537
f 2539/3611/2539 2542/3614/2542 2540/3612/2540
f 2541/3613/2541 2544/3616/2544 2540/3612/2540
f 2543/3615/2543 2546/3618/2546 2544/3616/2544
f 2545/3617/2545 2540/3612/2540 2544/3616/2544
f 2543/3615/2543 2548/3620/2548 2547/3619/2547
f 2548/3620/2548 2534/3606/2534 2533/3605/2533
f 2537/3609/2537 2540/3612/2540 2545/3617/2545
f 2545/3617/2545 2546/3618/2546 2547/3619/2547
f 2536/3608/2536 2538/3610/2538 2545/3617/2545
f 2549/3621/2549 2553/3625/2553 2550/3622/2550
f 2552/3624/2552 2555/3627/2555 2550/3622/2550
f 2552/3624/2552 2556/3628/2556 2554/3626/2554
f 2556/3628/2556 2559/3631/2559 2557/3629/2557
f 2558/3630/2558 2561/3633/2561 2557/3629/2557
f 2560/3632/2560 2563/3635/2563 2561/3633/2561
f 2562/3634/2562 2557/3629/2557 2561/3633/2561
f 2564/3636/2564 2565/3637/2565 2563/3635/2563
f 2564/3636/2564 2549/3621/2549 2551/3623/2551
f 2554/3626/2554 2557/3629/2557 2562/3634/2562
f 2562/3634/2562 2563/3635/2563 2565/3637/2565
f 2550/3622/2550 2555/3627/2555 2562/3634/2562
f 2566/3638/2566 2570/3642/2570 2567/3639/2567
f 2566/3638/2566 2571/3643/2571 2569/3641/2569
f 2571/3643/2571 2573/3645/2573 2572/3644/2572
f 2573/3645/2573 2576/3648/2576 2574/3646/2574
f 2575/3647/2575 2578/3650/2578 2574/3646/2574
f 2577/3649/2577 2580/3652/2580 2578/3650/2578
f 2579/3651/2579 2574/3646/2574 2578/3650/2578
f 2581/3653/2581 2582/3654/2582 2580/3652/2580
f 2581/3653/2581 2568/3640/2568 2567/3639/2567
f 2572/3644/2572 2574/3646/2574 2579/3651/2579
f 2579/3651/2579 2580/3652/2580 2582/3654/2582
f 2570/3642/2570 2569/3641/2569 2579/3651/2579
f 2583/3655/2583 2587/3659/2587 2584/3656/2584
f 2586/3658/2586 2589/3661/2589 2587/3659/2587
f 2588/3660/2588 2591/3663/2591 2589/3661/2589
f 2590/3662/2590 2593/3665/2593 2591/3663/2591
f 2590/3662/2590 2594/3666/2594 2592/3664/2592
f 2594/3666/2594 2597/3669/2597 2595/3667/2595
f 2596/3668/2596 2593/3665/2593 2592/3664/2592
f 2597/3669/2597 2599/3671/2599 2598/3670/2598
f 2599/3671/2599 2585/3657/2585 2584/3656/2584
f 2591/3663/2591 2593/3665/2593 2596/3668/2596
f 2596/3668/2596 2595/3667/2595 2598/3670/2598
f 2587/3659/2587 2589/3661/2589 2596/3668/2596
f 2600/3672/2600 2616/3688/2616 2601/3673/2601
f 2602/3674/2602 2601/3673/2601 2603/3675/2603
f 2603/3675/2603 2615/3687/2615 2605/3677/2605
f 2605/3677/2605 2615/3687/2615 2606/3678/2606
f 2606/3678/2606 2612/3684/2612 2608/3680/2608
f 2608/3680/2608 2612/3684/2612 2609/3681/2609
f 2611/3683/2611 2609/3681/2609 2612/3684/2612
f 2609/3681/2609 2614/3686/2614 2613/3685/2613
f 2614/3686/2614 2616/3688/2616 2600/3672/2600
f 2611/3683/2611 2606/3678/2606 2615/3687/2615
f 2614/3686/2614 2609/3681/2609 2611/3683/2611
f 2601/3673/2601 2616/3688/2616 2611/3683/2611
f 2617/3689/2617 2633/3705/2633 2618/3690/2618
f 2618/3690/2618 2632/3704/2632 2620/3692/2620
f 2620/3692/2620 2632/3704/2632 2621/3693/2621
f 2621/3693/2621 2624/3696/2624 2623/3695/2623
f 2624/3696/2624 2629/3701/2629 2625/3697/2625
f 2625/3697/2625 2629/3701/2629 2626/3698/2626
f 2628/3700/2628 2626/3698/2626 2629/3701/2629
f 2626/3698/2626 2631/3703/2631 2630/3702/2630
f 2631/3703/2631 2633/3705/2633 2617/3689/2617
f 2628/3700/2628 2624/3696/2624 2621/3693/2621
f 2631/3703/2631 2626/3698/2626 2628/3700/2628
f 2618/3690/2618 2633/3705/2633 2628/3700/2628
f 2634/3706/2634 2650/3722/2650 2635/3707/2635
f 2635/3707/2635 2650/3722/2650 2637/3709/2637
f 2638/3710/2638 2637/3709/2637 2639/3711/2639
f 2640/3712/2640 2639/3711/2639 2641/3713/2641
f 2642/3714/2642 2641/3713/2641 2643/3715/2643
f 2644/3716/2644 2643/3715/2643 2645/3717/2645
f 2647/3719/2647 2645/3717/2645 2643/3715/2643
f 2646/3718/2646 2645/3717/2645 2648/3720/2648
f 2648/3720/2648 2634/3706/2634 2636/3708/2636
f 2647/3719/2647 2641/3713/2641 2639/3711/2639
f 2648/3720/2648 2645/3717/2645 2647/3719/2647
f 2650/3722/2650 2634/3706/2634 2647/3719/2647
f 2651/3723/2651 2654/3726/2654 2652/3724/2652
f 2654/3726/2654 2656/3728/2656 2655/3727/2655
f 2656/3728/2656 2666/3738/2666 2657/3729/2657
f 2657/3729/2657 2666/3738/2666 2658/3730/2658
f 2658/3730/2658 2661/3733/2661 2660/3732/2660
f 2661/3733/2661 3700/5011/3700 2662/3734/2662
f 2663/3735/2663 3700/5011/3700 2661/3733/2661
f 2662/3734/2662 3700/5011/3700 2664/3736/2664
f 2665/3737/2665 2664/3736/2664 2651/3723/2651
f 2663/3735/2663 2658/3730/2658 2666/3738/2666
f 2664/3736/2664 3700/5011/3700 2663/3735/2663
f 2654/3726/2654 2651/3723/2651 2663/3735/2663
f 2667/3739/2667 2682/3754/2682 2668/3740/2668
f 2668/3740/2668 2681/3753/2681 2670/3742/2670
f 2670/3742/2670 2681/3753/2681 2671/3743/2671
f 2671/3743/2671 2678/3750/2678 2673/3745/2673
f 2673/3745/2673 2678/3750/2678 2674/3746/2674
f 2674/3746/2674 3701/5012/3701 2676/3748/2676
f 2677/3749/2677 3701/5012/3701 2674/3746/2674
f 2676/3748/2676 3701/5012/3701 2679/3751/2679
f 2679/3751/2679 2682/3754/2682 2667/3739/2667
f 2677/3749/2677 2678/3750/2678 2671/3743/2671
f 2679/3751/2679 3701/5012/3701 2677/3749/2677
f 2668/3740/2668 2682/3754/2682 2677/3749/2677
f 2683/3755/2683 2699/3771/2699 2684/3756/2684
f 2684/3756/2684 2699/3771/2699 2686/3758/2686
f 2687/3759/2687 2686/3758/2686 2688/3760/2688
f 2688/3760/2688 2696/3768/2696 2690/3762/2690
f 2690/3762/2690 2696/3768/2696 2691/3763/2691
f 2692/3764/2692 2691/3763/2691 2693/3765/2693
f 2695/3767/2695 2693/3765/2693 2691/3763/2691
f 2694/3766/2694 2693/3765/2693 2697/3769/2697
f 2698/3770/2698 2697/3769/2697 2683/3755/2683
f 2695/3767/2695 2696/3768/2696 2688/3760/2688
f 2697/3769/2697 2693/3765/2693 2695/3767/2695
f 2699/3771/2699 2683/3755/2683 2695/3767/2695
f 2700/3772/2700 2716/3788/2716 2701/3773/2701
f 2701/3773/2701 2716/3788/2716 2703/3775/2703
f 2703/3775/2703 2706/3778/2706 2705/3777/2705
f 2706/3778/2706 2712/3784/2712 2707/3779/2707
f 2707/3779/2707 2712/3784/2712 2708/3780/2708
f 2708/3780/2708 2713/3785/2713 2710/3782/2710
f 2711/3783/2711 2713/3785/2713 2708/3780/2708
f 2713/3785/2713 2715/3787/2715 2714/3786/2714
f 2714/3786/2714 2715/3787/2715 2700/3772/2700
f 2711/3783/2711 2712/3784/2712 2706/3778/2706
f 2715/3787/2715 2713/3785/2713 2711/3783/2711
f 2716/3788/2716 2700/3772/2700 2711/3783/2711
f 2717/3789/2717 2732/3804/2732 2718/3790/2718
f 2718/3790/2718 2732/3804/2732 2720/3792/2720
f 2721/3793/2721 2720/3792/2720 2722/3794/2722
f 2723/3795/2723 2722/3794/2722 2724/3796/2724
f 2724/3796/2724 2727/3799/2727 2726/3798/2726
f 2727/3799/2727 3702/5013/3702 2728/3800/2728
f 2729/3801/2729 3702/5013/3702 2727/3799/2727
f 2728/3800/2728 3702/5013/3702 2730/3802/2730
f 2731/3803/2731 2730/3802/2730 2717/3789/2717
f 2729/3801/2729 2724/3796/2724 2722/3794/2722
f 2730/3802/2730 3702/5013/3702 2729/3801/2729
f 2732/3804/2732 2717/3789/2717 2729/3801/2729
f 2733/3805/2733 2736/3808/2736 2734/3806/2734
f 2736/3808/2736 2748/3820/2748 2737/3809/2737
f 2737/3809/2737 2748/3820/2748 2738/3810/2738
f 2739/3811/2739 2738/3810/2738 2740/3812/2740
f 2740/3812/2740 2743/3815/2743 2742/3814/2742
f 2743/3815/2743 3703/5014/3703 2744/3816/2744
f 2745/3817/2745 3703/5014/3703 2743/3815/2743
f 2744/3816/2744 3703/5014/3703 2746/3818/2746
f 2747/3819/2747 2746/3818/2746 2733/3805/2733
f 2745/3817/2745 2740/3812/2740 2738/3810/2738
f 2746/3818/2746 3703/5014/3703 2745/3817/2745
f 2736/3808/2736 2733/3805/2733 2745/3817/2745
f 2749/3821/2749 2752/3824/2752 2750/3822/2750
f 2752/3824/2752 2754/3826/2754 2753/3825/2753
f 2754/3826/2754 2764/3836/2764 2755/3827/2755
f 2755/3827/2755 2764/3836/2764 2756/3828/2756
f 2756/3828/2756 2759/3831/2759 2758/3830/2758
f 2759/3831/2759 3704/5015/3704 2760/3832/2760
f 2761/3833/2761 3704/5015/3704 2759/3831/2759
f 2760/3832/2760 3704/5015/3704 2762/3834/2762
f 2763/3835/2763 2762/3834/2762 2749/3821/2749
f 2761/3833/2761 2756/3828/2756 2764/3836/2764
f 2762/3834/2762 3704/5015/3704 2761/3833/2761
f 2752/3824/2752 2749/3821/2749 2761/3833/2761
f 2765/3837/2765 2781/3853/2781 2766/3838/2766
f 2767/3839/2767 2766/3838/2766 2768/3840/2768
f 2769/3841/2769 2768/3840/2768 2770/3842/2770
f 2771/3843/2771 2770/3842/2770 2772/3844/2772
f 2772/3844/2772 2775/3847/2775 2774/3846/2774
f 2775/3847/2775 2778/3850/2778 2776/3848/2776
f 2777/3849/2777 2778/3850/2778 2775/3847/2775
f 2778/3850/2778 2780/3852/2780 2779/3851/2779
f 2780/3852/2780 2781/3853/2781 2765/3837/2765
f 2777/3849/2777 2772/3844/2772 2770/3842/2770
f 2780/3852/2780 2778/3850/2778 2777/3849/2777
f 2766/3838/2766 2781/3853/2781 2777/3849/2777
f 2782/3854/2782 2785/3857/2785 2783/3855/2783
f 2785/3857/2785 2797/3869/2797 2786/3858/2786
f 2786/3858/2786 2797/3869/2797 2787/3859/2787
f 2788/3860/2788 2787/3859/2787 2789/3861/2789
f 2789/3861/2789 2792/3864/2792 2791/3863/2791
f 2792/3864/2792 3705/5016/3705 2793/3865/2793
f 2794/3866/2794 3705/5016/3705 2792/3864/2792
f 2793/3865/2793 3705/5016/3705 2795/3867/2795
f 2796/3868/2796 2795/3867/2795 2782/3854/2782
f 2794/3866/2794 2789/3861/2789 2787/3859/2787
f 2795/3867/2795 3705/5016/3705 2794/3866/2794
f 2785/3857/2785 2782/3854/2782 2794/3866/2794
f 2798/3870/2798 2801/3873/2801 2799/3871/2799
f 2801/3873/2801 2813/3885/2813 2802/3874/2802
f 2802/3874/2802 2813/3885/2813 2803/3875/2803
f 2804/3876/2804 2803/3875/2803 2805/3877/2805
f 2805/3877/2805 2808/3880/2808 2807/3879/2807
f 2808/3880/2808 2811/3883/2811 2809/3881/2809
f 2810/3882/2810 2811/3883/2811 2808/3880/2808
f 2811/3883/2811 2814/3886/2814 2812/3884/2812
f 2812/3884/2812 2814/3886/2814 2798/3870/2798
f 2810/3882/2810 2805/3877/2805 2803/3875/2803
f 2814/3886/2814 2811/3883/2811 2810/3882/2810
f 2801/3873/2801 2798/3870/2798 2810/3882/2810
f 2815/3887/2815 2818/3890/2818 2816/3888/2816
f 2818/3890/2818 2820/3892/2820 2819/3891/2819
f 2820/3892/2820 2831/3903/2831 2821/3893/2821
f 2821/3893/2821 2831/3903/2831 2822/3894/2822
f 2823/3895/2823 2822/3894/2822 2824/3896/2824
f 2825/3897/2825 2824/3896/2824 2826/3898/2826
f 2828/3900/2828 2826/3898/2826 2824/3896/2824
f 2827/3899/2827 2826/3898/2826 2829/3901/2829
f 2830/3902/2830 2829/3901/2829 2815/3887/2815
f 2828/3900/2828 2822/3894/2822 2831/3903/2831
f 2829/3901/2829 2826/3898/2826 2828/3900/2828
f 2818/3890/2818 2815/3887/2815 2828/3900/2828
f 2832/3904/2832 2848/3920/2848 2833/3905/2833
f 2834/3906/2834 2833/3905/2833 2835/3907/2835
f 2836/3908/2836 2835/3907/2835 2837/3909/2837
f 2838/3910/2838 2837/3909/2837 2839/3911/2839
f 2839/3911/2839 2842/3914/2842 2841/3913/2841
f 2842/3914/2842 2845/3917/2845 2843/3915/2843
f 2844/3916/2844 2845/3917/2845 2842/3914/2842
f 2845/3917/2845 2847/3919/2847 2846/3918/2846
f 2847/3919/2847 2848/3920/2848 2832/3904/2832
f 2844/3916/2844 2839/3911/2839 2837/3909/2837
f 2847/3919/2847 2845/3917/2845 2844/3916/2844
f 2833/3905/2833 2848/3920/2848 2844/3916/2844
f 2849/3921/2849 2853/3925/2853 2850/3922/2850
f 2852/3924/2852 2855/3927/2855 2853/3925/2853
f 2852/3924/2852 2856/3928/2856 2854/3926/2854
f 2856/3928/2856 2858/3930/2858 2857/3929/2857
f 2858/3930/2858 2860/3932/2860 2859/3931/2859
f 2860/3932/2860 2864/3936/2864 2861/3933/2861
f 2862/3934/2862 2857/3929/2857 2859/3931/2859
f 2863/3935/2863 2865/3937/2865 2861/3933/2861
f 2863/3935/2863 2851/3923/2851 2850/3922/2850
f 2854/3926/2854 2857/3929/2857 2862/3934/2862
f 2862/3934/2862 2861/3933/2861 2865/3937/2865
f 2853/3925/2853 2855/3927/2855 2862/3934/2862
f 2866/3938/2866 2870/3942/2870 2867/3939/2867
f 2869/3941/2869 2872/3944/2872 2870/3942/2870
f 2871/3943/2871 2874/3946/2874 2872/3944/2872
f 2871/3943/2871 2876/3948/2876 2873/3945/2873
f 2875/3947/2875 2878/3950/2878 2873/3945/2873
f 2875/3947/2875 2880/3952/2880 2877/3949/2877
f 2879/3951/2879 2873/3945/2873 2878/3950/2878
f 2880/3952/2880 2882/3954/2882 2881/3953/2881
f 2882/3954/2882 2868/3940/2868 2867/3939/2867
f 2874/3946/2874 2873/3945/2873 2879/3951/2879
f 2879/3951/2879 2877/3949/2877 2881/3953/2881
f 2870/3942/2870 2872/3944/2872 2879/3951/2879
f 2883/3955/2883 2887/3959/2887 2884/3956/2884
f 2886/3958/2886 2889/3961/2889 2887/3959/2887
f 2888/3960/2888 2891/3963/2891 2889/3961/2889
f 2888/3960/2888 2893/3965/2893 2890/3962/2890
f 2892/3964/2892 2895/3967/2895 2890/3962/2890
f 2892/3964/2892 2897/3969/2897 2894/3966/2894
f 2896/3968/2896 2890/3962/2890 2895/3967/2895
f 2897/3969/2897 2899/3971/2899 2898/3970/2898
f 2899/3971/2899 2885/3957/2885 2884/3956/2884
f 2891/3963/2891 2890/3962/2890 2896/3968/2896
f 2896/3968/2896 2894/3966/2894 2898/3970/2898
f 2887/3959/2887 2889/3961/2889 2896/3968/2896
f 2900/3972/2900 2904/3976/2904 2901/3973/2901
f 2900/3972/2900 2905/3977/2905 2903/3975/2903
f 2905/3977/2905 2907/3979/2907 2906/3978/2906
f 2907/3979/2907 2910/3982/2910 2908/3980/2908
f 2909/3981/2909 2912/3984/2912 2908/3980/2908
f 2911/3983/2911 2914/3986/2914 2912/3984/2912
f 2913/3985/2913 2908/3980/2908 2912/3984/2912
f 2915/3987/2915 2916/3988/2916 2914/3986/2914
f 2915/3987/2915 2902/3974/2902 2901/3973/2901
f 2906/3978/2906 2908/3980/2908 2913/3985/2913
f 2913/3985/2913 2914/3986/2914 2916/3988/2916
f 2904/3976/2904 2903/3975/2903 2913/3985/2913
f 2917/3989/2917 2921/3993/2921 2918/3990/2918
f 2920/3992/2920 2923/3995/2923 2921/3993/2921
f 2920/3992/2920 2924/3996/2924 2922/3994/2922
f 2924/3996/2924 2927/3999/2927 2925/3997/2925
f 2926/3998/2926 2929/4001/2929 2925/3997/2925
f 2926/3998/2926 2932/4004/2932 2928/4000/2928
f 2930/4002/2930 2925/3997/2925 2929/4001/2929
f 2931/4003/2931 2933/4005/2933 2928/4000/2928
f 2931/4003/2931 2919/3991/2919 2918/3990/2918
f 2922/3994/2922 2925/3997/2925 2930/4002/2930
f 2930/4002/2930 2928/4000/2928 2933/4005/2933
f 2921/3993/2921 2923/3995/2923 2930/4002/2930
f 2934/4006/2934 2938/4010/2938 2935/4007/2935
f 2937/4009/2937 2940/4012/2940 2938/4010/2938
f 2937/4009/2937 2941/4013/2941 2939/4011/2939
f 2941/4013/2941 2944/4016/2944 2942/4014/2942
f 2943/4015/2943 2946/4018/2946 2942/4014/2942
f 2945/4017/2945 2948/4020/2948 2946/4018/2946
f 2947/4019/2947 2942/4014/2942 2946/4018/2946
f 2945/4017/2945 2950/4022/2950 2949/4021/2949
f 2950/4022/2950 2936/4008/2936 2935/4007/2935
f 2939/4011/2939 2942/4014/2942 2947/4019/2947
f 2947/4019/2947 2948/4020/2948 2949/4021/2949
f 2938/4010/2938 2940/4012/2940 2947/4019/2947
f 2951/4023/2951 2955/4027/2955 2952/4024/2952
f 2954/4026/2954 2957/4029/2957 2955/4027/2955
f 2956/4028/2956 2959/4031/2959 2957/4029/2957
f 2956/4028/2956 2960/4032/2960 2958/4030/2958
f 2960/4032/2960 2963/4035/2963 2961/4033/2961
f 2962/4034/2962 2965/4037/2965 2961/4033/2961
f 2964/4036/2964 2958/4030/2958 2961/4033/2961
f 2962/4034/2962 2967/4039/2967 2966/4038/2966
f 2967/4039/2967 2953/4025/2953 2952/4024/2952
f 2959/4031/2959 2958/4030/2958 2964/4036/2964
f 2964/4036/2964 2965/4037/2965 2966/4038/2966
f 2955/4027/2955 2957/4029/2957 2964/4036/2964
f 2968/4040/2968 2972/4044/2972 2969/4041/2969
f 2968/4040/2968 2973/4045/2973 2971/4043/2971
f 2973/4045/2973 2975/4047/2975 2974/4046/2974
f 2975/4047/2975 2978/4050/2978 2976/4048/2976
f 2977/4049/2977 2980/4052/2980 2976/4048/2976
f 2979/4051/2979 2982/4054/2982 2980/4052/2980
f 2981/4053/2981 2976/4048/2976 2980/4052/2980
f 2983/4055/2983 2984/4056/2984 2982/4054/2982
f 2983/4055/2983 2970/4042/2970 2969/4041/2969
f 2974/4046/2974 2976/4048/2976 2981/4053/2981
f 2981/4053/2981 2982/4054/2982 2984/4056/2984
f 2972/4044/2972 2971/4043/2971 2981/4053/2981
f 2985/4057/2985 2999/4071/2999 2986/4058/2986
f 2986/4058/2986 3000/4072/3000 2988/4060/2988
f 2988/4060/2988 3000/4072/3000 2989/4061/2989
f 2990/4062/2990 2989/4061/2989 2991/4063/2991
f 2991/4063/2991 2997/4069/2997 2993/4065/2993
f 2993/4065/2993 2997/4069/2997 2994/4066/2994
f 2996/4068/2996 2994/4066/2994 2997/4069/2997
f 2994/4066/2994 3001/4073/3001 2998/4070/2998
f 2998/4070/2998 3001/4073/3001 2999/4071/2999
f 2996/4068/2996 2991/4063/2991 2989/4061/2989
f 3001/4073/3001 2994/4066/2994 2996/4068/2996
f 2986/4058/2986 2999/4071/2999 2996/4068/2996
f 3002/4074/3002 3018/4090/3018 3003/4075/3003
f 3003/4075/3003 3018/4090/3018 3005/4077/3005
f 3005/4077/3005 3017/4089/3017 3007/4079/3007
f 3007/4079/3007 3017/4089/3017 3008/4080/3008
f 3008/4080/3008 3014/4086/3014 3010/4082/3010
f 3010/4082/3010 3014/4086/3014 3011/4083/3011
f 3013/4085/3013 3011/4083/3011 3014/4086/3014
f 3012/4084/3012 3011/4083/3011 3015/4087/3015
f 3016/4088/3016 3015/4087/3015 3002/4074/3002
f 3013/4085/3013 3008/4080/3008 3017/4089/3017
f 3015/4087/3015 3011/4083/3011 3013/4085/3013
f 3018/4090/3018 3002/4074/3002 3013/4085/3013
f 3019/4091/3019 3022/4094/3022 3020/4092/3020
f 3022/4094/3022 3024/4096/3024 3023/4095/3023
f 3024/4096/3024 3026/4098/3026 3025/4097/3025
f 3026/4098/3026 3033/4105/3033 3027/4099/3027
f 3027/4099/3027 3033/4105/3033 3028/4100/3028
f 3029/4101/3029 3028/4100/3028 3030/4102/3030
f 3032/4104/3032 3030/4102/3030 3028/4100/3028
f 3031/4103/3031 3030/4102/3030 3034/4106/3034
f 3035/4107/3035 3034/4106/3034 3019/4091/3019
f 3032/4104/3032 3033/4105/3033 3026/4098/3026
f 3034/4106/3034 3030/4102/3030 3032/4104/3032
f 3022/4094/3022 3019/4091/3019 3032/4104/3032
f 3036/4108/3036 3052/4124/3052 3037/4109/3037
f 3037/4109/3037 3052/4124/3052 3039/4111/3039
f 3040/4112/3040 3039/4111/3039 3041/4113/3041
f 3042/4114/3042 3041/4113/3041 3043/4115/3043
f 3043/4115/3043 3046/4118/3046 3045/4117/3045
f 3046/4118/3046 3049/4121/3049 3047/4119/3047
f 3048/4120/3048 3049/4121/3049 3046/4118/3046
f 3049/4121/3049 3051/4123/3051 3050/4122/3050
f 3051/4123/3051 3036/4108/3036 3038/4110/3038
f 3048/4120/3048 3043/4115/3043 3041/4113/3041
f 3051/4123/3051 3049/4121/3049 3048/4120/3048
f 3052/4124/3052 3036/4108/3036 3048/4120/3048
f 3053/4125/3053 3057/4129/3057 3054/4126/3054
f 3056/4128/3056 3059/4131/3059 3057/4129/3057
f 3056/4128/3056 3060/4132/3060 3058/4130/3058
f 3060/4132/3060 3063/4135/3063 3061/4133/3061
f 3062/4134/3062 3065/4137/3065 3061/4133/3061
f 3062/4134/3062 3068/4140/3068 3064/4136/3064
f 3066/4138/3066 3061/4133/3061 3065/4137/3065
f 3067/4139/3067 3069/4141/3069 3064/4136/3064
f 3067/4139/3067 3055/4127/3055 3054/4126/3054
f 3058/4130/3058 3061/4133/3061 3066/4138/3066
f 3066/4138/3066 3064/4136/3064 3069/4141/3069
f 3057/4129/3057 3059/4131/3059 3066/4138/3066
f 3070/4142/3070 3074/4146/3074 3071/4143/3071
f 3073/4145/3073 3076/4148/3076 3071/4143/3071
f 3073/4145/3073 3077/4149/3077 3075/4147/3075
f 3077/4149/3077 3080/4152/3080 3078/4150/3078
f 3079/4151/3079 3082/4154/3082 3078/4150/3078
f 3079/4151/3079 3084/4156/3084 3081/4153/3081
f 3083/4155/3083 3078/4150/3078 3082/4154/3082
f 3084/4156/3084 3086/4158/3086 3085/4157/3085
f 3070/4142/3070 3072/4144/3072 3085/4157/3085
f 3075/4147/3075 3078/4150/3078 3083/4155/3083
f 3083/4155/3083 3081/4153/3081 3085/4157/3085
f 3071/4143/3071 3076/4148/3076 3083/4155/3083
f 3087/4159/3087 3091/4163/3091 3088/4160/3088
f 3090/4162/3090 3093/4165/3093 3091/4163/3091
f 3092/4164/3092 3095/4167/3095 3093/4165/3093
f 3092/4164/3092 3097/4169/3097 3094/4166/3094
f 3096/4168/3096 3099/4171/3099 3094/4166/3094
f 3098/4170/3098 3101/4173/3101 3099/4171/3099
f 3100/4172/3100 3094/4166/3094 3099/4171/3099
f 3098/4170/3098 3103/4175/3103 3102/4174/3102
f 3103/4175/3103 3089/4161/3089 3088/4160/3088
f 3095/4167/3095 3094/4166/3094 3100/4172/3100
f 3100/4172/3100 3101/4173/3101 3102/4174/3102
f 3091/4163/3091 3093/4165/3093 3100/4172/3100
f 3104/4176/3104 3107/4179/3107 3105/4177/3105
f 3107/4179/3107 3109/4181/3109 3108/4180/3108
f 3109/4181/3109 3111/4183/3111 3110/4182/3110
f 3111/4183/3111 3114/4186/3114 3112/4184/3112
f 3113/4185/3113 3116/4188/3116 3112/4184/3112
f 3115/4187/3115 3118/4190/3118 3116/4188/3116
f 3117/4189/3117 3112/4184/3112 3116/4188/3116
f 3119/4191/3119 3120/4192/3120 3118/4190/3118
f 3119/4191/3119 3104/4176/3104 3106/4178/3106
f 3110/4182/3110 3112/4184/3112 3117/4189/3117
f 3117/4189/3117 3118/4190/3118 3120/4192/3120
f 3105/4177/3105 3108/4180/3108 3117/4189/3117
f 3121/4193/3121 3124/4196/3124 3122/4194/3122
f 3124/4196/3124 3136/4208/3136 3125/4197/3125
f 3125/4197/3125 3136/4208/3136 3126/4198/3126
f 3126/4198/3126 3133/4205/3133 3128/4200/3128
f 3128/4200/3128 3133/4205/3133 3129/4201/3129
f 3129/4201/3129 3706/5017/3706 3131/4203/3131
f 3132/4204/3132 3706/5017/3706 3129/4201/3129
f 3131/4203/3131 3706/5017/3706 3134/4206/3134
f 3135/4207/3135 3134/4206/3134 3121/4193/3121
f 3132/4204/3132 3133/4205/3133 3126/4198/3126
f 3134/4206/3134 3706/5017/3706 3132/4204/3132
f 3124/4196/3124 3121/4193/3121 3132/4204/3132
f 3137/4209/3137 3153/4225/3153 3138/4210/3138
f 3138/4210/3138 3153/4225/3153 3140/4212/3140
f 3140/4212/3140 3143/4215/3143 3142/4214/3142
f 3143/4215/3143 3145/4217/3145 3144/4216/3144
f 3145/4217/3145 3147/4219/3147 3146/4218/3146
f 3147/4219/3147 3150/4222/3150 3148/4220/3148
f 3149/4221/3149 3150/4222/3150 3147/4219/3147
f 3150/4222/3150 3152/4224/3152 3151/4223/3151
f 3152/4224/3152 3137/4209/3137 3139/4211/3139
f 3149/4221/3149 3145/4217/3145 3143/4215/3143
f 3152/4224/3152 3150/4222/3150 3149/4221/3149
f 3153/4225/3153 3137/4209/3137 3149/4221/3149
f 3154/4226/3154 3169/4241/3169 3155/4227/3155
f 3155/4227/3155 3169/4241/3169 3157/4229/3157
f 3158/4230/3158 3157/4229/3157 3159/4231/3159
f 3160/4232/3160 3159/4231/3159 3161/4233/3161
f 3161/4233/3161 3164/4236/3164 3163/4235/3163
f 3164/4236/3164 3707/5018/3707 3165/4237/3165
f 3166/4238/3166 3707/5018/3707 3164/4236/3164
f 3165/4237/3165 3707/5018/3707 3167/4239/3167
f 3168/4240/3168 3167/4239/3167 3154/4226/3154
f 3166/4238/3166 3161/4233/3161 3159/4231/3159
f 3167/4239/3167 3707/5018/3707 3166/4238/3166
f 3169/4241/3169 3154/4226/3154 3166/4238/3166
f 3170/4242/3170 3173/4245/3173 3171/4243/3171
f 3173/4245/3173 3175/4247/3175 3174/4246/3174
f 3175/4247/3175 3185/4257/3185 3176/4248/3176
f 3176/4248/3176 3185/4257/3185 3177/4249/3177
f 3177/4249/3177 3180/4252/3180 3179/4251/3179
f 3180/4252/3180 3708/5019/3708 3181/4253/3181
f 3182/4254/3182 3708/5019/3708 3180/4252/3180
f 3181/4253/3181 3708/5019/3708 3183/4255/3183
f 3184/4256/3184 3183/4255/3183 3170/4242/3170
f 3182/4254/3182 3177/4249/3177 3185/4257/3185
f 3183/4255/3183 3708/5019/3708 3182/4254/3182
f 3173/4245/3173 3170/4242/3170 3182/4254/3182
f 3186/4258/3186 3202/4274/3202 3187/4259/3187
f 3187/4259/3187 3202/4274/3202 3189/4261/3189
f 3190/4262/3190 3189/4261/3189 3191/4263/3191
f 3191/4263/3191 3198/4270/3198 3193/4265/3193
f 3193/4265/3193 3198/4270/3198 3194/4266/3194
f 3194/4266/3194 3199/4271/3199 3196/4268/3196
f 3197/4269/3197 3199/4271/3199 3194/4266/3194
f 3199/4271/3199 3201/4273/3201 3200/4272/3200
f 3201/4273/3201 3186/4258/3186 3188/4260/3188
f 3197/4269/3197 3198/4270/3198 3191/4263/3191
f 3201/4273/3201 3199/4271/3199 3197/4269/3197
f 3202/4274/3202 3186/4258/3186 3197/4269/3197
f 3203/4275/3203 3206/4278/3206 3204/4276/3204
f 3206/4278/3206 3208/4280/3208 3207/4279/3207
f 3208/4280/3208 3210/4282/3210 3209/4281/3209
f 3210/4282/3210 3212/4284/3212 3211/4283/3211
f 3212/4284/3212 3217/4289/3217 3213/4285/3213
f 3213/4285/3213 3217/4289/3217 3214/4286/3214
f 3216/4288/3216 3214/4286/3214 3217/4289/3217
f 3214/4286/3214 3219/4291/3219 3218/4290/3218
f 3219/4291/3219 3203/4275/3203 3205/4277/3205
f 3216/4288/3216 3212/4284/3212 3210/4282/3210
f 3219/4291/3219 3214/4286/3214 3216/4288/3216
f 3206/4278/3206 3203/4275/3203 3216/4288/3216
f 3220/4292/3220 3224/4296/3224 3221/4293/3221
f 3223/4295/3223 3226/4298/3226 3221/4293/3221
f 3223/4295/3223 3228/4300/3228 3225/4297/3225
f 3227/4299/3227 3230/4302/3230 3225/4297/3225
f 3229/4301/3229 3232/4304/3232 3230/4302/3230
f 3231/4303/3231 3234/4306/3234 3232/4304/3232
f 3233/4305/3233 3230/4302/3230 3232/4304/3232
f 3235/4307/3235 3236/4308/3236 3234/4306/3234
f 3220/4292/3220 3222/4294/3222 3236/4308/3236
f 3225/4297/3225 3230/4302/3230 3233/4305/3233
f 3233/4305/3233 3234/4306/3234 3236/4308/3236
f 3221/4293/3221 3226/4298/3226 3233/4305/3233
f 3237/4309/3237 3241/4313/3241 3238/4310/3238
f 3240/4312/3240 3243/4315/3243 3241/4313/3241
f 3240/4312/3240 3244/4316/3244 3242/4314/3242
f 3244/4316/3244 3247/4319/3247 3245/4317/3245
f 3246/4318/3246 3249/4321/3249 3245/4317/3245
f 3246/4318/3246 3251/4323/3251 3248/4320/3248
f 3250/4322/3250 3245/4317/3245 3249/4321/3249
f 3251/4323/3251 3253/4325/3253 3252/4324/3252
f 3253/4325/3253 3239/4311/3239 3238/4310/3238
f 3242/4314/3242 3245/4317/3245 3250/4322/3250
f 3250/4322/3250 3248/4320/3248 3252/4324/3252
f 3241/4313/3241 3243/4315/3243 3250/4322/3250
f 3254/4326/3254 3258/4330/3258 3255/4327/3255
f 3254/4326/3254 3259/4331/3259 3257/4329/3257
f 3259/4331/3259 3261/4333/3261 3260/4332/3260
f 3261/4333/3261 3264/4336/3264 3262/4334/3262
f 3263/4335/3263 3266/4338/3266 3262/4334/3262
f 3265/4337/3265 3268/4340/3268 3266/4338/3266
f 3267/4339/3267 3262/4334/3262 3266/4338/3266
f 3269/4341/3269 3270/4342/3270 3268/4340/3268
f 3269/4341/3269 3256/4328/3256 3255/4327/3255
f 3260/4332/3260 3262/4334/3262 3267/4339/3267
f 3267/4339/3267 3268/4340/3268 3270/4342/3270
f 3258/4330/3258 3257/4329/3257 3267/4339/3267
f 3271/4343/3271 3275/4347/3275 3272/4344/3272
f 3274/4346/3274 3277/4349/3277 3275/4347/3275
f 3274/4346/3274 3278/4350/3278 3276/4348/3276
f 3278/4350/3278 3281/4353/3281 3279/4351/3279
f 3280/4352/3280 3283/4355/3283 3279/4351/3279
f 3282/4354/3282 3285/4357/3285 3283/4355/3283
f 3284/4356/3284 3279/4351/3279 3283/4355/3283
f 3282/4354/3282 3287/4359/3287 3286/4358/3286
f 3287/4359/3287 3273/4345/3273 3272/4344/3272
f 3276/4348/3276 3279/4351/3279 3284/4356/3284
f 3284/4356/3284 3285/4357/3285 3286/4358/3286
f 3275/4347/3275 3277/4349/3277 3284/4356/3284
f 3288/4360/3288 3292/4364/3292 3289/4361/3289
f 3291/4363/3291 3294/4366/3294 3292/4364/3292
f 3291/4363/3291 3295/4367/3295 3293/4365/3293
f 3295/4367/3295 3298/4370/3298 3296/4368/3296
f 3297/4369/3297 3300/4372/3300 3296/4368/3296
f 3299/4371/3299 3302/4374/3302 3300/4372/3300
f 3301/4373/3301 3296/4368/3296 3300/4372/3300
f 3303/4375/3303 3304/4376/3304 3302/4374/3302
f 3290/4362/3290 3289/4361/3289 3304/4376/3304
f 3293/4365/3293 3296/4368/3296 3301/4373/3301
f 3301/4373/3301 3302/4374/3302 3304/4376/3304
f 3292/4364/3292 3294/4366/3294 3301/4373/3301
f 3305/4377/3305 3309/4381/3309 3306/4378/3306
f 3308/4380/3308 3311/4383/3311 3309/4381/3309
f 3308/4380/3308 3312/4384/3312 3310/4382/3310
f 3312/4384/3312 3314/4386/3314 3313/4385/3313
f 3314/4386/3314 3316/4388/3316 3315/4387/3315
f 3316/4388/3316 3320/4392/3320 3317/4389/3317
f 3318/4390/3318 3313/4385/3313 3315/4387/3315
f 3319/4391/3319 3321/4393/3321 3317/4389/3317
f 3307/4379/3307 3306/4378/3306 3321/4393/3321
f 3310/4382/3310 3313/4385/3313 3318/4390/3318
f 3318/4390/3318 3317/4389/3317 3321/4393/3321
f 3309/4381/3309 3311/4383/3311 3318/4390/3318
f 3322/4394/3322 3325/4397/3325 3323/4395/3323
f 3325/4397/3325 3337/4409/3337 3326/4398/3326
f 3326/4398/3326 3337/4409/3337 3327/4399/3327
f 3328/4400/3328 3327/4399/3327 3329/4401/3329
f 3330/4402/3330 3329/4401/3329 3331/4403/3331
f 3332/4404/3332 3331/4403/3331 3333/4405/3333
f 3335/4407/3335 3333/4405/3333 3331/4403/3331
f 3333/4405/3333 3338/4410/3338 3336/4408/3336
f 3336/4408/3336 3338/4410/3338 3322/4394/3322
f 3335/4407/3335 3329/4401/3329 3327/4399/3327
f 3338/4410/3338 3333/4405/3333 3335/4407/3335
f 3325/4397/3325 3322/4394/3322 3335/4407/3335
f 3339/4411/3339 3355/4427/3355 3340/4412/3340
f 3340/4412/3340 3355/4427/3355 3342/4414/3342
f 3343/4415/3343 3342/4414/3342 3344/4416/3344
f 3345/4417/3345 3344/4416/3344 3346/4418/3346
f 3346/4418/3346 3349/4421/3349 3348/4420/3348
f 3349/4421/3349 3352/4424/3352 3350/4422/3350
f 3351/4423/3351 3352/4424/3352 3349/4421/3349
f 3352/4424/3352 3354/4426/3354 3353/4425/3353
f 3353/4425/3353 3354/4426/3354 3339/4411/3339
f 3351/4423/3351 3346/4418/3346 3344/4416/3344
f 3354/4426/3354 3352/4424/3352 3351/4423/3351
f 3355/4427/3355 3339/4411/3339 3351/4423/3351
f 3356/4428/3356 3371/4443/3371 3357/4429/3357
f 3358/4430/3358 3357/4429/3357 3359/4431/3359
f 3360/4432/3360 3359/4431/3359 3361/4433/3361
f 3362/4434/3362 3361/4433/3361 3363/4435/3363
f 3363/4435/3363 3366/4438/3366 3365/4437/3365
f 3366/4438/3366 3369/4441/3369 3367/4439/3367
f 3368/4440/3368 3369/4441/3369 3366/4438/3366
f 3369/4441/3369 3372/4444/3372 3370/4442/3370
f 3370/4442/3370 3372/4444/3372 3371/4443/3371
f 3368/4440/3368 3363/4435/3363 3361/4433/3361
f 3372/4444/3372 3369/4441/3369 3368/4440/3368
f 3357/4429/3357 3371/4443/3371 3368/4440/3368
f 3373/4445/3373 3377/4449/3377 3374/4446/3374
f 3376/4448/3376 3379/4451/3379 3377/4449/3377
f 3376/4448/3376 3380/4452/3380 3378/4450/3378
f 3380/4452/3380 3382/4454/3382 3381/4453/3381
f 3382/4454/3382 3384/4456/3384 3383/4455/3383
f 3384/4456/3384 3387/4459/3387 3385/4457/3385
f 3386/4458/3386 3381/4453/3381 3383/4455/3383
f 3387/4459/3387 3389/4461/3389 3388/4460/3388
f 3389/4461/3389 3375/4447/3375 3374/4446/3374
f 3378/4450/3378 3381/4453/3381 3386/4458/3386
f 3386/4458/3386 3385/4457/3385 3388/4460/3388
f 3377/4449/3377 3379/4451/3379 3386/4458/3386
f 3390/4462/3390 3394/4466/3394 3391/4463/3391
f 3390/4462/3390 3395/4467/3395 3393/4465/3393
f 3395/4467/3395 3397/4469/3397 3396/4468/3396
f 3397/4469/3397 3400/4472/3400 3398/4470/3398
f 3399/4471/3399 3402/4474/3402 3398/4470/3398
f 3401/4473/3401 3404/4476/3404 3402/4474/3402
f 3403/4475/3403 3398/4470/3398 3402/4474/3402
f 3405/4477/3405 3406/4478/3406 3404/4476/3404
f 3405/4477/3405 3392/4464/3392 3391/4463/3391
f 3396/4468/3396 3398/4470/3398 3403/4475/3403
f 3403/4475/3403 3404/4476/3404 3406/4478/3406
f 3394/4466/3394 3393/4465/3393 3403/4475/3403
f 3407/4479/3407 3411/4483/3411 3408/4480/3408
f 3407/4479/3407 3412/4484/3412 3410/4482/3410
f 3412/4484/3412 3414/4486/3414 3413/4485/3413
f 3414/4486/3414 3417/4489/3417 3415/4487/3415
f 3416/4488/3416 3419/4491/3419 3415/4487/3415
f 3418/4490/3418 3421/4493/3421 3419/4491/3419
f 3420/4492/3420 3415/4487/3415 3419/4491/3419
f 3422/4494/3422 3423/4495/3423 3421/4493/3421
f 3422/4494/3422 3409/4481/3409 3408/4480/3408
f 3413/4485/3413 3415/4487/3415 3420/4492/3420
f 3420/4492/3420 3421/4493/3421 3423/4495/3423
f 3411/4483/3411 3410/4482/3410 3420/4492/3420
f 3424/4496/3424 3427/4499/3427 3425/4497/3425
f 3427/4499/3427 3439/4511/3439 3428/4500/3428
f 3428/4500/3428 3439/4511/3439 3429/4501/3429
f 3430/4502/3430 3429/4501/3429 3431/4503/3431
f 3431/4503/3431 3434/4506/3434 3433/4505/3433
f 3434/4506/3434 3709/5020/3709 3435/4507/3435
f 3436/4508/3436 3709/5020/3709 3434/4506/3434
f 3435/4507/3435 3709/5020/3709 3437/4509/3437
f 3438/4510/3438 3437/4509/3437 3424/4496/3424
f 3436/4508/3436 3431/4503/3431 3429/4501/3429
f 3437/4509/3437 3709/5020/3709 3436/4508/3436
f 3427/4499/3427 3424/4496/3424 3436/4508/3436
f 3440/4512/3440 3443/4515/3443 3441/4513/3441
f 3443/4515/3443 3456/4528/3456 3444/4516/3444
f 3444/4516/3444 3456/4528/3456 3445/4517/3445
f 3446/4518/3446 3445/4517/3445 3447/4519/3447
f 3447/4519/3447 3453/4525/3453 3449/4521/3449
f 3449/4521/3449 3453/4525/3453 3450/4522/3450
f 3452/4524/3452 3450/4522/3450 3453/4525/3453
f 3451/4523/3451 3450/4522/3450 3454/4526/3454
f 3455/4527/3455 3454/4526/3454 3440/4512/3440
f 3452/4524/3452 3447/4519/3447 3445/4517/3445
f 3454/4526/3454 3450/4522/3450 3452/4524/3452
f 3443/4515/3443 3440/4512/3440 3452/4524/3452
f 3457/4529/3457 3460/4532/3460 3458/4530/3458
f 3460/4532/3460 3472/4544/3472 3461/4533/3461
f 3461/4533/3461 3472/4544/3472 3462/4534/3462
f 3463/4535/3463 3462/4534/3462 3464/4536/3464
f 3464/4536/3464 3467/4539/3467 3466/4538/3466
f 3467/4539/3467 3710/5021/3710 3468/4540/3468
f 3469/4541/3469 3710/5021/3710 3467/4539/3467
f 3468/4540/3468 3710/5021/3710 3470/4542/3470
f 3471/4543/3471 3470/4542/3470 3457/4529/3457
f 3469/4541/3469 3464/4536/3464 3462/4534/3462
f 3470/4542/3470 3710/5021/3710 3469/4541/3469
f 3460/4532/3460 3457/4529/3457 3469/4541/3469
f 3473/4545/3473 3476/4548/3476 3474/4546/3474
f 3476/4548/3476 3478/4550/3478 3477/4549/3477
f 3478/4550/3478 3488/4560/3488 3479/4551/3479
f 3479/4551/3479 3488/4560/3488 3480/4552/3480
f 3480/4552/3480 3483/4555/3483 3482/4554/3482
f 3483/4555/3483 3711/5022/3711 3484/4556/3484
f 3485/4557/3485 3711/5022/3711 3483/4555/3483
f 3484/4556/3484 3711/5022/3711 3486/4558/3486
f 3487/4559/3487 3486/4558/3486 3473/4545/3473
f 3485/4557/3485 3480/4552/3480 3488/4560/3488
f 3486/4558/3486 3711/5022/3711 3485/4557/3485
f 3476/4548/3476 3473/4545/3473 3485/4557/3485
f 3489/4561/3489 3493/4565/3493 3490/4562/3490
f 3492/4564/3492 3495/4567/3495 3490/4562/3490
f 3492/4564/3492 3496/4568/3496 3494/4566/3494
f 3496/4568/3496 3499/4571/3499 3497/4569/3497
f 3498/4570/3498 3501/4573/3501 3497/4569/3497
f 3500/4572/3500 3503/4575/3503 3501/4573/3501
f 3502/4574/3502 3497/4569/3497 3501/4573/3501
f 3500/4572/3500 3505/4577/3505 3504/4576/3504
f 3505/4577/3505 3489/4561/3489 3491/4563/3491
f 3494/4566/3494 3497/4569/3497 3502/4574/3502
f 3502/4574/3502 3503/4575/3503 3504/4576/3504
f 3490/4562/3490 3495/4567/3495 3502/4574/3502
f 3506/4578/3506 3510/4582/3510 3507/4579/3507
f 3506/4578/3506 3511/4583/3511 3509/4581/3509
f 3511/4583/3511 3513/4585/3513 3512/4584/3512
f 3513/4585/3513 3516/4588/3516 3514/4586/3514
f 3515/4587/3515 3518/4590/3518 3514/4586/3514
f 3517/4589/3517 3520/4592/3520 3518/4590/3518
f 3519/4591/3519 3514/4586/3514 3518/4590/3518
f 3517/4589/3517 3522/4594/3522 3521/4593/3521
f 3522/4594/3522 3508/4580/3508 3507/4579/3507
f 3512/4584/3512 3514/4586/3514 3519/4591/3519
f 3519/4591/3519 3520/4592/3520 3521/4593/3521
f 3510/4582/3510 3509/4581/3509 3519/4591/3519
f 3523/4595/3523 3527/4599/3527 3524/4596/3524
f 3526/4598/3526 3529/4601/3529 3527/4599/3527
f 3526/4598/3526 3530/4602/3530 3528/4600/3528
f 3530/4602/3530 3533/4605/3533 3531/4603/3531
f 3532/4604/3532 3535/4607/3535 3531/4603/3531
f 3534/4606/3534 3537/4609/3537 3535/4607/3535
f 3536/4608/3536 3531/4603/3531 3535/4607/3535
f 3534/4606/3534 3539/4611/3539 3538/4610/3538
f 3539/4611/3539 3525/4597/3525 3524/4596/3524
f 3528/4600/3528 3531/4603/3531 3536/4608/3536
f 3536/4608/3536 3537/4609/3537 3538/4610/3538
f 3527/4599/3527 3529/4601/3529 3536/4608/3536
f 3540/4612/3540 3544/4616/3544 3541/4613/3541
f 3543/4615/3543 3546/4618/3546 3544/4616/3544
f 3543/4615/3543 3548/4620/3548 3545/4617/3545
f 3547/4619/3547 3550/4622/3550 3545/4617/3545
f 3549/4621/3549 3552/4624/3552 3550/4622/3550
f 3551/4623/3551 3554/4626/3554 3552/4624/3552
f 3553/4625/3553 3550/4622/3550 3552/4624/3552
f 3551/4623/3551 3556/4628/3556 3555/4627/3555
f 3556/4628/3556 3542/4614/3542 3541/4613/3541
f 3545/4617/3545 3550/4622/3550 3553/4625/3553
f 3553/4625/3553 3554/4626/3554 3555/4627/3555
f 3544/4616/3544 3546/4618/3546 3553/4625/3553
f 3557/4629/3557 3560/4632/3560 3558/4630/3558
f 3560/4632/3560 3572/4644/3572 3561/4633/3561
f 3561/4633/3561 3572/4644/3572 3562/4634/3562
f 3563/4635/3563 3562/4634/3562 3564/4636/3564
f 3564/4636/3564 3567/4639/3567 3566/4638/3566
f 3567/4639/3567 3712/5023/3712 3568/4640/3568
f 3569/4641/3569 3712/5023/3712 3567/4639/3567
f 3568/4640/3568 3712/5023/3712 3570/4642/3570
f 3571/4643/3571 3570/4642/3570 3557/4629/3557
f 3569/4641/3569 3564/4636/3564 3562/4634/3562
f 3570/4642/3570 3712/5023/3712 3569/4641/3569
f 3560/4632/3560 3557/4629/3557 3569/4641/3569
f 3573/4645/3573 3577/4649/3577 3574/4646/3574
f 3576/4648/3576 3579/4651/3579 3574/4646/3574
f 3576/4648/3576 3580/4652/3580 3578/4650/3578
f 3580/4652/3580 3583/4655/3583 3581/4653/3581
f 3582/4654/3582 3585/4657/3585 3581/4653/3581
f 3584/4656/3584 3587/4659/3587 3585/4657/3585
f 3586/4658/3586 3581/4653/3581 3585/4657/3585
f 3584/4656/3584 3589/4661/3589 3588/4660/3588
f 3573/4645/3573 3575/4647/3575 3588/4660/3588
f 3578/4650/3578 3581/4653/3581 3586/4658/3586
f 3586/4658/3586 3587/4659/3587 3588/4660/3588
f 3574/4646/3574 3579/4651/3579 3586/4658/3586
f 3590/4662/3590 3593/4665/3593 3591/4663/3591
f 3593/4665/3593 3595/4667/3595 3594/4666/3594
f 3595/4667/3595 3605/4677/3605 3596/4668/3596
f 3596/4668/3596 3605/4677/3605 3597/4669/3597
f 3597/4669/3597 3600/4672/3600 3599/4671/3599
f 3600/4672/3600 3603/4675/3603 3601/4673/3601
f 3602/4674/3602 3603/4675/3603 3600/4672/3600
f 3603/4675/3603 3606/4678/3606 3604/4676/3604
f 3604/4676/3604 3606/4678/3606 3590/4662/3590
f 3602/4674/3602 3597/4669/3597 3605/4677/3605
f 3606/4678/3606 3603/4675/3603 3602/4674/3602
f 3593/4665/3593 3590/4662/3590 3602/4674/3602
f 3607/4679/3607 3622/4694/3622 3608/4680/3608
f 3608/4680/3608 3611/4683/3611 3610/4682/3610
f 3611/4683/3611 3623/4695/3623 3612/4684/3612
f 3612/4684/3612 3623/4695/3623 3613/4685/3613
f 3614/4686/3614 3613/4685/3613 3615/4687/3615
f 3616/4688/3616 3615/4687/3615 3617/4689/3617
f 3619/4691/3619 3617/4689/3617 3615/4687/3615
f 3618/4690/3618 3617/4689/3617 3620/4692/3620
f 3621/4693/3621 3620/4692/3620 3622/4694/3622
f 3619/4691/3619 3613/4685/3613 3623/4695/3623
f 3620/4692/3620 3617/4689/3617 3619/4691/3619
f 3608/4680/3608 3622/4694/3622 3619/4691/3619
f 3624/4696/3624 3627/4699/3627 3625/4697/3625
f 3627/4699/3627 3629/4701/3629 3628/4700/3628
f 3629/4701/3629 3640/4712/3640 3630/4702/3630
f 3630/4702/3630 3640/4712/3640 3631/4703/3631
f 3631/4703/3631 3637/4709/3637 3633/4705/3633
f 3633/4705/3633 3637/4709/3637 3634/4706/3634
f 3636/4708/3636 3634/4706/3634 3637/4709/3637
f 3635/4707/3635 3634/4706/3634 3638/4710/3638
f 3639/4711/3639 3638/4710/3638 3624/4696/3624
f 3636/4708/3636 3631/4703/3631 3640/4712/3640
f 3638/4710/3638 3634/4706/3634 3636/4708/3636
f 3627/4699/3627 3624/4696/3624 3636/4708/3636
f 3641/4713/3641 3645/4717/3645 3642/4714/3642
f 3641/4713/3641 3647/4719/3647 3644/4716/3644
f 3646/4718/3646 3649/4721/3649 3644/4716/3644
f 3646/4718/3646 3651/4723/3651 3648/4720/3648
f 3650/4722/3650 3653/4725/3653 3648/4720/3648
f 3650/4722/3650 3656/4728/3656 3652/4724/3652
f 3654/4726/3654 3648/4720/3648 3653/4725/3653
f 3655/4727/3655 3657/4729/3657 3652/4724/3652
f 3655/4727/3655 3643/4715/3643 3642/4714/3642
f 3649/4721/3649 3648/4720/3648 3654/4726/3654
f 3654/4726/3654 3652/4724/3652 3657/4729/3657
f 3645/4717/3645 3644/4716/3644 3654/4726/3654
f 3658/4730/3658 3662/4734/3662 3659/4731/3659
f 3661/4733/3661 3664/4736/3664 3659/4731/3659
f 3661/4733/3661 3666/4738/3666 3663/4735/3663
f 3665/4737/3665 3668/4740/3668 3663/4735/3663
f 3665/4737/3665 3669/4741/3669 3667/4739/3667
f 3669/4741/3669 3673/4745/3673 3670/4742/3670
f 3671/4743/3671 3668/4740/3668 3667/4739/3667
f 3672/4744/3672 3674/4746/3674 3670/4742/3670
f 3658/4730/3658 3660/4732/3660 3674/4746/3674
f 3663/4735/3663 3668/4740/3668 3671/4743/3671
f 3671/4743/3671 3670/4742/3670 3674/4746/3674
f 3659/4731/3659 3664/4736/3664 3671/4743/3671
f 3675/4747/3675 3678/4750/3678 3676/4748/3676
f 3678/4750/3678 3690/4762/3690 3679/4751/3679
f 3679/4751/3679 3690/4762/3690 3680/4752/3680
f 3681/4753/3681 3680/4752/3680 3682/4754/3682
f 3682/4754/3682 3685/4757/3685 3684/4756/3684
f 3685/4757/3685 3713/5024/3713 3686/4758/3686
f 3687/4759/3687 3713/5024/3713 3685/4757/3685
f 3686/4758/3686 3713/5024/3713 3688/4760/3688
f 3689/4761/3689 3688/4760/3688 3675/4747/3675
f 3687/4759/3687 3682/4754/3682 3680/4752/3680
f 3688/4760/3688 3713/5024/3713 3687/4759/3687
f 3678/4750/3678 3675/4747/3675 3687/4759/3687
# Vertices: 3713, normals: 3713, texture coordinates: 5024, faces: 6268

